{"@timestamp":"2026-02-25T09:36:58.5920445+05:30","level":"INFO","logger_name":"net.com.fms_core.FmsCoreApplication","message":"Starting FmsCoreApplication using Java 21.0.2 with PID 28148 (C:\\Users\\kavinda_d\\Documents\\e soft\\final project\\project\\fms backend\\fms_core\\target\\classes started by kavinda_d in C:\\Users\\kavinda_d\\Documents\\e soft\\final project\\project\\fms backend)","service":"fms-core","version":"1.0.0","environment":"default"}
{"@timestamp":"2026-02-25T09:36:58.6230464+05:30","level":"DEBUG","logger_name":"net.com.fms_core.FmsCoreApplication","message":"Running with Spring Boot v3.4.4, Spring v6.2.5","service":"fms-core","version":"1.0.0","environment":"default"}
{"@timestamp":"2026-02-25T09:36:58.6240461+05:30","level":"INFO","logger_name":"net.com.fms_core.FmsCoreApplication","message":"The following 1 profile is active: \"dev\"","service":"fms-core","version":"1.0.0","environment":"default"}
{"@timestamp":"2026-02-25T09:36:58.8920594+05:30","level":"INFO","logger_name":"org.springframework.cloud.config.client.ConfigServerConfigDataLoader","message":"Fetching config from server at : http://localhost:8888","service":"fms-core","version":"1.0.0","environment":"default"}
{"@timestamp":"2026-02-25T09:36:58.8950581+05:30","level":"INFO","logger_name":"org.springframework.cloud.config.client.ConfigServerConfigDataLoader","message":"Located environment: name=fms_core, profiles=[dev], label=null, version=null, state=null","service":"fms-core","version":"1.0.0","environment":"default"}
{"@timestamp":"2026-02-25T09:36:58.8990596+05:30","level":"INFO","logger_name":"org.springframework.boot.devtools.env.DevToolsPropertyDefaultsPostProcessor","message":"Devtools property defaults active! Set 'spring.devtools.add-properties' to 'false' to disable","service":"fms-core","version":"1.0.0","environment":"default"}
{"@timestamp":"2026-02-25T09:36:58.9000593+05:30","level":"INFO","logger_name":"org.springframework.boot.devtools.env.DevToolsPropertyDefaultsPostProcessor","message":"For additional web related logging consider setting the 'logging.level.web' property to 'DEBUG'","service":"fms-core","version":"1.0.0","environment":"default"}
{"@timestamp":"2026-02-25T09:37:01.957205+05:30","level":"INFO","logger_name":"org.springframework.data.repository.config.RepositoryConfigurationDelegate","message":"Bootstrapping Spring Data JPA repositories in DEFAULT mode.","service":"fms-core","version":"1.0.0","environment":"default"}
{"@timestamp":"2026-02-25T09:37:02.5202399+05:30","level":"INFO","logger_name":"org.springframework.data.repository.config.RepositoryConfigurationDelegate","message":"Finished Spring Data repository scanning in 546 ms. Found 19 JPA repository interfaces.","service":"fms-core","version":"1.0.0","environment":"default"}
{"@timestamp":"2026-02-25T09:37:03.6682903+05:30","level":"INFO","logger_name":"org.springframework.cloud.context.scope.GenericScope","message":"BeanFactory id=a34aabd1-1edc-3721-b029-38a30be4cc91","service":"fms-core","version":"1.0.0","environment":"default"}
{"@timestamp":"2026-02-25T09:37:06.454424+05:30","level":"INFO","logger_name":"org.springframework.boot.web.embedded.tomcat.TomcatWebServer","message":"Tomcat initialized with port 8084 (http)","service":"fms-core","version":"1.0.0","environment":"default"}
{"@timestamp":"2026-02-25T09:37:06.4784259+05:30","level":"INFO","logger_name":"org.apache.catalina.core.StandardService","message":"Starting service [Tomcat]","service":"fms-core","version":"1.0.0","environment":"default"}
{"@timestamp":"2026-02-25T09:37:06.4814258+05:30","level":"INFO","logger_name":"org.apache.catalina.core.StandardEngine","message":"Starting Servlet engine: [Apache Tomcat/10.1.39]","service":"fms-core","version":"1.0.0","environment":"default"}
{"@timestamp":"2026-02-25T09:37:06.6034685+05:30","level":"INFO","logger_name":"org.apache.catalina.core.ContainerBase.[Tomcat].[localhost].[/fms-core-service]","message":"Initializing Spring embedded WebApplicationContext","service":"fms-core","version":"1.0.0","environment":"default"}
{"@timestamp":"2026-02-25T09:37:06.6054307+05:30","level":"INFO","logger_name":"org.springframework.boot.web.servlet.context.ServletWebServerApplicationContext","message":"Root WebApplicationContext: initialization completed in 7703 ms","service":"fms-core","version":"1.0.0","environment":"default"}
{"@timestamp":"2026-02-25T09:37:07.82149+05:30","level":"INFO","logger_name":"com.zaxxer.hikari.HikariDataSource","message":"HikariPool-1 - Starting...","service":"fms-core","version":"1.0.0","environment":"default"}
{"@timestamp":"2026-02-25T09:37:08.2045091+05:30","level":"INFO","logger_name":"com.zaxxer.hikari.pool.HikariPool","message":"HikariPool-1 - Added connection com.mysql.cj.jdbc.ConnectionImpl@63babd9a","service":"fms-core","version":"1.0.0","environment":"default"}
{"@timestamp":"2026-02-25T09:37:08.207513+05:30","level":"INFO","logger_name":"com.zaxxer.hikari.HikariDataSource","message":"HikariPool-1 - Start completed.","service":"fms-core","version":"1.0.0","environment":"default"}
{"@timestamp":"2026-02-25T09:37:08.2895151+05:30","level":"INFO","logger_name":"org.hibernate.jpa.internal.util.LogHelper","message":"HHH000204: Processing PersistenceUnitInfo [name: default]","service":"fms-core","version":"1.0.0","environment":"default"}
{"@timestamp":"2026-02-25T09:37:08.4305197+05:30","level":"INFO","logger_name":"org.hibernate.Version","message":"HHH000412: Hibernate ORM core version 6.6.11.Final","service":"fms-core","version":"1.0.0","environment":"default"}
{"@timestamp":"2026-02-25T09:37:08.5185264+05:30","level":"INFO","logger_name":"org.hibernate.cache.internal.RegionFactoryInitiator","message":"HHH000026: Second-level cache disabled","service":"fms-core","version":"1.0.0","environment":"default"}
{"@timestamp":"2026-02-25T09:37:09.5145761+05:30","level":"INFO","logger_name":"org.springframework.orm.jpa.persistenceunit.SpringPersistenceUnitInfo","message":"No LoadTimeWeaver setup: ignoring JPA class transformer","service":"fms-core","version":"1.0.0","environment":"default"}
{"@timestamp":"2026-02-25T09:37:09.8625904+05:30","level":"INFO","logger_name":"org.hibernate.orm.connections.pooling","message":"HHH10001005: Database info:\n\tDatabase JDBC URL [Connecting through datasource 'HikariDataSource (HikariPool-1)']\n\tDatabase driver: undefined/unknown\n\tDatabase version: 8.1\n\tAutocommit mode: undefined/unknown\n\tIsolation level: undefined/unknown\n\tMinimum pool size: undefined/unknown\n\tMaximum pool size: undefined/unknown","service":"fms-core","version":"1.0.0","environment":"default"}
{"@timestamp":"2026-02-25T09:37:13.4907681+05:30","level":"INFO","logger_name":"org.hibernate.engine.transaction.jta.platform.internal.JtaPlatformInitiator","message":"HHH000489: No JTA platform available (set 'hibernate.transaction.jta.platform' to enable JTA platform integration)","service":"fms-core","version":"1.0.0","environment":"default"}
{"@timestamp":"2026-02-25T09:37:14.3788117+05:30","level":"INFO","logger_name":"org.springframework.orm.jpa.LocalContainerEntityManagerFactoryBean","message":"Initialized JPA EntityManagerFactory for persistence unit 'default'","service":"fms-core","version":"1.0.0","environment":"default"}
{"@timestamp":"2026-02-25T09:37:15.0088434+05:30","level":"INFO","logger_name":"org.springframework.data.jpa.repository.query.QueryEnhancerFactory","message":"Hibernate is in classpath; If applicable, HQL parser will be used.","service":"fms-core","version":"1.0.0","environment":"default"}
{"@timestamp":"2026-02-25T09:37:21.7861673+05:30","level":"WARN","logger_name":"org.springframework.boot.autoconfigure.orm.jpa.JpaBaseConfiguration$JpaWebConfiguration","message":"spring.jpa.open-in-view is enabled by default. Therefore, database queries may be performed during view rendering. Explicitly configure spring.jpa.open-in-view to disable this warning","service":"fms-core","version":"1.0.0","environment":"default"}
{"@timestamp":"2026-02-25T09:37:21.8642118+05:30","level":"INFO","logger_name":"org.springframework.validation.beanvalidation.OptionalValidatorFactoryBean","message":"Failed to set up a Bean Validation provider: jakarta.validation.NoProviderFoundException: Unable to create a Configuration, because no Jakarta Bean Validation provider could be found. Add a provider like Hibernate Validator (RI) to your classpath.","service":"fms-core","version":"1.0.0","environment":"default"}
{"@timestamp":"2026-02-25T09:37:24.142283+05:30","level":"INFO","logger_name":"org.springframework.cloud.commons.util.InetUtils","message":"Cannot determine local hostname","service":"fms-core","version":"1.0.0","environment":"default"}
{"@timestamp":"2026-02-25T09:37:26.6364084+05:30","level":"WARN","logger_name":"org.springframework.boot.devtools.autoconfigure.OptionalLiveReloadServer","message":"Unable to start LiveReload server","service":"fms-core","version":"1.0.0","environment":"default"}
{"@timestamp":"2026-02-25T09:37:27.6694495+05:30","level":"INFO","logger_name":"org.springframework.cloud.commons.util.InetUtils","message":"Cannot determine local hostname","service":"fms-core","version":"1.0.0","environment":"default"}
{"@timestamp":"2026-02-25T09:37:27.7154614+05:30","level":"INFO","logger_name":"org.springframework.cloud.netflix.eureka.config.DiscoveryClientOptionalArgsConfiguration","message":"Eureka HTTP Client uses RestTemplate.","service":"fms-core","version":"1.0.0","environment":"default"}
{"@timestamp":"2026-02-25T09:37:28.0034698+05:30","level":"WARN","logger_name":"org.springframework.cloud.loadbalancer.config.LoadBalancerCacheAutoConfiguration$LoadBalancerCaffeineWarnLogger","message":"Spring Cloud LoadBalancer is currently working with the default cache. While this cache implementation is useful for development and tests, it's recommended to use Caffeine cache in production.You can switch to using Caffeine cache, by adding it and org.springframework.cache.caffeine.CaffeineCacheManager to the classpath.","service":"fms-core","version":"1.0.0","environment":"default"}
{"@timestamp":"2026-02-25T09:37:28.0654731+05:30","level":"INFO","logger_name":"org.springframework.boot.actuate.endpoint.web.EndpointLinksResolver","message":"Exposing 6 endpoints beneath base path '/actuator'","service":"fms-core","version":"1.0.0","environment":"default"}
{"@timestamp":"2026-02-25T09:37:28.4374925+05:30","level":"INFO","logger_name":"org.springframework.messaging.simp.broker.SimpleBrokerMessageHandler","message":"Starting...","service":"fms-core","version":"1.0.0","environment":"default"}
{"@timestamp":"2026-02-25T09:37:28.4384917+05:30","level":"INFO","logger_name":"org.springframework.messaging.simp.broker.SimpleBrokerMessageHandler","message":"BrokerAvailabilityEvent[available=true, SimpleBrokerMessageHandler [org.springframework.messaging.simp.broker.DefaultSubscriptionRegistry@55e0f68a]]","service":"fms-core","version":"1.0.0","environment":"default"}
{"@timestamp":"2026-02-25T09:37:28.4404905+05:30","level":"INFO","logger_name":"org.springframework.messaging.simp.broker.SimpleBrokerMessageHandler","message":"Started.","service":"fms-core","version":"1.0.0","environment":"default"}
{"@timestamp":"2026-02-25T09:37:28.4754918+05:30","level":"INFO","logger_name":"org.springframework.cloud.netflix.eureka.InstanceInfoFactory","message":"Setting initial instance status as: STARTING","service":"fms-core","version":"1.0.0","environment":"default"}
{"@timestamp":"2026-02-25T09:37:28.527495+05:30","level":"INFO","logger_name":"com.netflix.discovery.DiscoveryClient","message":"Initializing Eureka in region us-east-1","service":"fms-core","version":"1.0.0","environment":"default"}
{"@timestamp":"2026-02-25T09:37:28.5404971+05:30","level":"INFO","logger_name":"com.netflix.discovery.shared.resolver.aws.ConfigClusterResolver","message":"Resolving eureka endpoints via configuration","service":"fms-core","version":"1.0.0","environment":"default"}
{"@timestamp":"2026-02-25T09:37:28.5604954+05:30","level":"INFO","logger_name":"com.netflix.discovery.DiscoveryClient","message":"Disable delta property : false","service":"fms-core","version":"1.0.0","environment":"default"}
{"@timestamp":"2026-02-25T09:37:28.561502+05:30","level":"INFO","logger_name":"com.netflix.discovery.DiscoveryClient","message":"Single vip registry refresh property : null","service":"fms-core","version":"1.0.0","environment":"default"}
{"@timestamp":"2026-02-25T09:37:28.561502+05:30","level":"INFO","logger_name":"com.netflix.discovery.DiscoveryClient","message":"Force full registry fetch : false","service":"fms-core","version":"1.0.0","environment":"default"}
{"@timestamp":"2026-02-25T09:37:28.562499+05:30","level":"INFO","logger_name":"com.netflix.discovery.DiscoveryClient","message":"Application is null : false","service":"fms-core","version":"1.0.0","environment":"default"}
{"@timestamp":"2026-02-25T09:37:28.562499+05:30","level":"INFO","logger_name":"com.netflix.discovery.DiscoveryClient","message":"Registered Applications size is zero : true","service":"fms-core","version":"1.0.0","environment":"default"}
{"@timestamp":"2026-02-25T09:37:28.562499+05:30","level":"INFO","logger_name":"com.netflix.discovery.DiscoveryClient","message":"Application version is -1: true","service":"fms-core","version":"1.0.0","environment":"default"}
{"@timestamp":"2026-02-25T09:37:28.562499+05:30","level":"INFO","logger_name":"com.netflix.discovery.DiscoveryClient","message":"Getting all instance registry info from the eureka server","service":"fms-core","version":"1.0.0","environment":"default"}
{"@timestamp":"2026-02-25T09:37:29.8215611+05:30","level":"INFO","logger_name":"com.netflix.discovery.DiscoveryClient","message":"The response status is 200","service":"fms-core","version":"1.0.0","environment":"default"}
{"@timestamp":"2026-02-25T09:37:29.8245584+05:30","level":"INFO","logger_name":"com.netflix.discovery.DiscoveryClient","message":"Starting heartbeat executor: renew interval is: 30","service":"fms-core","version":"1.0.0","environment":"default"}
{"@timestamp":"2026-02-25T09:37:29.8285581+05:30","level":"INFO","logger_name":"com.netflix.discovery.InstanceInfoReplicator","message":"InstanceInfoReplicator onDemand update allowed rate per min is 4","service":"fms-core","version":"1.0.0","environment":"default"}
{"@timestamp":"2026-02-25T09:37:29.8315599+05:30","level":"INFO","logger_name":"com.netflix.discovery.DiscoveryClient","message":"Discovery Client initialized at timestamp 1771992449830 with initial instances count: 0","service":"fms-core","version":"1.0.0","environment":"default"}
{"@timestamp":"2026-02-25T09:37:29.8525601+05:30","level":"INFO","logger_name":"org.springframework.cloud.netflix.eureka.serviceregistry.EurekaServiceRegistry","message":"Registering application FMS_CORE with eureka with status UP","service":"fms-core","version":"1.0.0","environment":"default"}
{"@timestamp":"2026-02-25T09:37:29.8545615+05:30","level":"INFO","logger_name":"com.netflix.discovery.DiscoveryClient","message":"Saw local status change event StatusChangeEvent [timestamp=1771992449854, current=UP, previous=STARTING]","service":"fms-core","version":"1.0.0","environment":"default"}
{"@timestamp":"2026-02-25T09:37:29.9455654+05:30","level":"INFO","logger_name":"com.netflix.discovery.DiscoveryClient","message":"DiscoveryClient_FMS_CORE/localhost:fms_core:8084: registering service...","service":"fms-core","version":"1.0.0","environment":"default"}
{"@timestamp":"2026-02-25T09:37:29.9965673+05:30","level":"INFO","logger_name":"org.springframework.boot.web.embedded.tomcat.TomcatWebServer","message":"Tomcat started on port 8084 (http) with context path '/fms-core-service'","service":"fms-core","version":"1.0.0","environment":"default"}
{"@timestamp":"2026-02-25T09:37:29.9985682+05:30","level":"INFO","logger_name":"org.springframework.cloud.netflix.eureka.serviceregistry.EurekaAutoServiceRegistration","message":"Updating port to 8084","service":"fms-core","version":"1.0.0","environment":"default"}
{"@timestamp":"2026-02-25T09:37:30.1735772+05:30","level":"INFO","logger_name":"com.netflix.discovery.DiscoveryClient","message":"DiscoveryClient_FMS_CORE/localhost:fms_core:8084 - registration status: 204","service":"fms-core","version":"1.0.0","environment":"default"}
{"@timestamp":"2026-02-25T09:37:31.0356192+05:30","level":"INFO","logger_name":"org.springframework.cloud.commons.util.InetUtils","message":"Cannot determine local hostname","service":"fms-core","version":"1.0.0","environment":"default"}
{"@timestamp":"2026-02-25T09:37:31.0726177+05:30","level":"INFO","logger_name":"net.com.fms_core.FmsCoreApplication","message":"Started FmsCoreApplication in 35.71 seconds (process running for 38.257)","service":"fms-core","version":"1.0.0","environment":"default"}
{"@timestamp":"2026-02-25T09:37:36.8969013+05:30","level":"INFO","logger_name":"org.drools.compiler.kie.builder.impl.KieContainerImpl","message":"Start creation of KieBase: defaultKieBase","service":"fms-core","version":"1.0.0","environment":"default"}
{"@timestamp":"2026-02-25T09:37:37.5579326+05:30","level":"INFO","logger_name":"org.drools.compiler.kie.builder.impl.KieContainerImpl","message":"End creation of KieBase: defaultKieBase","service":"fms-core","version":"1.0.0","environment":"default"}
{"@timestamp":"2026-02-25T09:37:37.5619317+05:30","level":"INFO","logger_name":"net.com.fms_core.config.SocketListener","message":"✅ FMS Receiver is listening on port 5000","service":"fms-core","version":"1.0.0","environment":"default"}
{"@timestamp":"2026-02-25T09:37:59.8290176+05:30","level":"INFO","logger_name":"com.netflix.discovery.DiscoveryClient","message":"Disable delta property : false","service":"fms-core","version":"1.0.0","environment":"default"}
{"@timestamp":"2026-02-25T09:37:59.8300154+05:30","level":"INFO","logger_name":"com.netflix.discovery.DiscoveryClient","message":"Single vip registry refresh property : null","service":"fms-core","version":"1.0.0","environment":"default"}
{"@timestamp":"2026-02-25T09:37:59.8320135+05:30","level":"INFO","logger_name":"com.netflix.discovery.DiscoveryClient","message":"Force full registry fetch : false","service":"fms-core","version":"1.0.0","environment":"default"}
{"@timestamp":"2026-02-25T09:37:59.8320135+05:30","level":"INFO","logger_name":"com.netflix.discovery.DiscoveryClient","message":"Application is null : false","service":"fms-core","version":"1.0.0","environment":"default"}
{"@timestamp":"2026-02-25T09:37:59.8340143+05:30","level":"INFO","logger_name":"com.netflix.discovery.DiscoveryClient","message":"Registered Applications size is zero : true","service":"fms-core","version":"1.0.0","environment":"default"}
{"@timestamp":"2026-02-25T09:37:59.8350155+05:30","level":"INFO","logger_name":"com.netflix.discovery.DiscoveryClient","message":"Application version is -1: false","service":"fms-core","version":"1.0.0","environment":"default"}
{"@timestamp":"2026-02-25T09:37:59.8350155+05:30","level":"INFO","logger_name":"com.netflix.discovery.DiscoveryClient","message":"Getting all instance registry info from the eureka server","service":"fms-core","version":"1.0.0","environment":"default"}
{"@timestamp":"2026-02-25T09:37:59.8810168+05:30","level":"INFO","logger_name":"com.netflix.discovery.DiscoveryClient","message":"The response status is 200","service":"fms-core","version":"1.0.0","environment":"default"}
{"@timestamp":"2026-02-25T09:38:28.3141061+05:30","level":"INFO","logger_name":"org.springframework.web.socket.config.WebSocketMessageBrokerStats","message":"WebSocketSession[0 current WS(0)-HttpStream(0)-HttpPoll(0), 0 total, 0 closed abnormally (0 connect failure, 0 send limit, 0 transport error)], stompSubProtocol[processed CONNECT(0)-CONNECTED(0)-DISCONNECT(0)], stompBrokerRelay[null], inboundChannel[pool size = 0, active threads = 0, queued tasks = 0, completed tasks = 0], outboundChannel[pool size = 0, active threads = 0, queued tasks = 0, completed tasks = 0], sockJsScheduler[pool size = 1, active threads = 1, queued tasks = 0, completed tasks = 0]","service":"fms-core","version":"1.0.0","environment":"default"}
{"@timestamp":"2026-02-25T09:38:29.9001818+05:30","level":"INFO","logger_name":"com.netflix.discovery.DiscoveryClient","message":"Disable delta property : false","service":"fms-core","version":"1.0.0","environment":"default"}
{"@timestamp":"2026-02-25T09:38:29.9001818+05:30","level":"INFO","logger_name":"com.netflix.discovery.DiscoveryClient","message":"Single vip registry refresh property : null","service":"fms-core","version":"1.0.0","environment":"default"}
{"@timestamp":"2026-02-25T09:38:29.9001818+05:30","level":"INFO","logger_name":"com.netflix.discovery.DiscoveryClient","message":"Force full registry fetch : false","service":"fms-core","version":"1.0.0","environment":"default"}
{"@timestamp":"2026-02-25T09:38:29.9001818+05:30","level":"INFO","logger_name":"com.netflix.discovery.DiscoveryClient","message":"Application is null : false","service":"fms-core","version":"1.0.0","environment":"default"}
{"@timestamp":"2026-02-25T09:38:29.9001818+05:30","level":"INFO","logger_name":"com.netflix.discovery.DiscoveryClient","message":"Registered Applications size is zero : true","service":"fms-core","version":"1.0.0","environment":"default"}
{"@timestamp":"2026-02-25T09:38:29.9011794+05:30","level":"INFO","logger_name":"com.netflix.discovery.DiscoveryClient","message":"Application version is -1: false","service":"fms-core","version":"1.0.0","environment":"default"}
{"@timestamp":"2026-02-25T09:38:29.9011794+05:30","level":"INFO","logger_name":"com.netflix.discovery.DiscoveryClient","message":"Getting all instance registry info from the eureka server","service":"fms-core","version":"1.0.0","environment":"default"}
{"@timestamp":"2026-02-25T09:38:29.9361871+05:30","level":"INFO","logger_name":"com.netflix.discovery.DiscoveryClient","message":"The response status is 200","service":"fms-core","version":"1.0.0","environment":"default"}
{"@timestamp":"2026-02-25T09:42:28.5797886+05:30","level":"INFO","logger_name":"com.netflix.discovery.shared.resolver.aws.ConfigClusterResolver","message":"Resolving eureka endpoints via configuration","service":"fms-core","version":"1.0.0","environment":"default"}
{"@timestamp":"2026-02-25T09:47:28.5867761+05:30","level":"INFO","logger_name":"com.netflix.discovery.shared.resolver.aws.ConfigClusterResolver","message":"Resolving eureka endpoints via configuration","service":"fms-core","version":"1.0.0","environment":"default"}
{"@timestamp":"2026-02-25T09:52:28.5911713+05:30","level":"INFO","logger_name":"com.netflix.discovery.shared.resolver.aws.ConfigClusterResolver","message":"Resolving eureka endpoints via configuration","service":"fms-core","version":"1.0.0","environment":"default"}
{"@timestamp":"2026-02-25T09:57:28.6071377+05:30","level":"INFO","logger_name":"com.netflix.discovery.shared.resolver.aws.ConfigClusterResolver","message":"Resolving eureka endpoints via configuration","service":"fms-core","version":"1.0.0","environment":"default"}
{"@timestamp":"2026-02-25T10:02:28.611686+05:30","level":"INFO","logger_name":"com.netflix.discovery.shared.resolver.aws.ConfigClusterResolver","message":"Resolving eureka endpoints via configuration","service":"fms-core","version":"1.0.0","environment":"default"}
{"@timestamp":"2026-02-25T10:07:28.6169421+05:30","level":"INFO","logger_name":"com.netflix.discovery.shared.resolver.aws.ConfigClusterResolver","message":"Resolving eureka endpoints via configuration","service":"fms-core","version":"1.0.0","environment":"default"}
{"@timestamp":"2026-02-25T10:08:28.3305905+05:30","level":"INFO","logger_name":"org.springframework.web.socket.config.WebSocketMessageBrokerStats","message":"WebSocketSession[0 current WS(0)-HttpStream(0)-HttpPoll(0), 0 total, 0 closed abnormally (0 connect failure, 0 send limit, 0 transport error)], stompSubProtocol[processed CONNECT(0)-CONNECTED(0)-DISCONNECT(0)], stompBrokerRelay[null], inboundChannel[pool size = 0, active threads = 0, queued tasks = 0, completed tasks = 0], outboundChannel[pool size = 0, active threads = 0, queued tasks = 0, completed tasks = 0], sockJsScheduler[pool size = 2, active threads = 1, queued tasks = 0, completed tasks = 1]","service":"fms-core","version":"1.0.0","environment":"default"}
{"@timestamp":"2026-02-25T10:12:28.6297037+05:30","level":"INFO","logger_name":"com.netflix.discovery.shared.resolver.aws.ConfigClusterResolver","message":"Resolving eureka endpoints via configuration","service":"fms-core","version":"1.0.0","environment":"default"}
{"@timestamp":"2026-02-25T10:17:16.3041226+05:30","level":"INFO","logger_name":"org.springframework.boot.devtools.autoconfigure.LocalDevToolsAutoConfiguration$RestartingClassPathChangeChangedEventListener","message":"Restarting due to 1 class path change (0 additions, 0 deletions, 1 modification)","service":"fms-core","version":"1.0.0","environment":"default"}
{"@timestamp":"2026-02-25T10:17:16.3221254+05:30","level":"INFO","logger_name":"org.springframework.cloud.netflix.eureka.serviceregistry.EurekaServiceRegistry","message":"Unregistering application FMS_CORE with eureka with status DOWN","service":"fms-core","version":"1.0.0","environment":"default"}
{"@timestamp":"2026-02-25T10:17:16.3231269+05:30","level":"INFO","logger_name":"com.netflix.discovery.DiscoveryClient","message":"Saw local status change event StatusChangeEvent [timestamp=1771994836323, current=DOWN, previous=UP]","service":"fms-core","version":"1.0.0","environment":"default"}
{"@timestamp":"2026-02-25T10:17:16.3241249+05:30","level":"INFO","logger_name":"com.netflix.discovery.DiscoveryClient","message":"DiscoveryClient_FMS_CORE/localhost:fms_core:8084: registering service...","service":"fms-core","version":"1.0.0","environment":"default"}
{"@timestamp":"2026-02-25T10:17:16.3591238+05:30","level":"INFO","logger_name":"org.springframework.boot.web.embedded.tomcat.GracefulShutdown","message":"Commencing graceful shutdown. Waiting for active requests to complete","service":"fms-core","version":"1.0.0","environment":"default"}
{"@timestamp":"2026-02-25T10:17:16.3701248+05:30","level":"INFO","logger_name":"com.netflix.discovery.DiscoveryClient","message":"DiscoveryClient_FMS_CORE/localhost:fms_core:8084 - registration status: 204","service":"fms-core","version":"1.0.0","environment":"default"}
{"@timestamp":"2026-02-25T10:17:16.3831261+05:30","level":"INFO","logger_name":"org.springframework.boot.web.embedded.tomcat.GracefulShutdown","message":"Graceful shutdown complete","service":"fms-core","version":"1.0.0","environment":"default"}
{"@timestamp":"2026-02-25T10:17:16.3931236+05:30","level":"INFO","logger_name":"org.springframework.messaging.simp.broker.SimpleBrokerMessageHandler","message":"Stopping...","service":"fms-core","version":"1.0.0","environment":"default"}
{"@timestamp":"2026-02-25T10:17:16.3931236+05:30","level":"INFO","logger_name":"org.springframework.messaging.simp.broker.SimpleBrokerMessageHandler","message":"BrokerAvailabilityEvent[available=false, SimpleBrokerMessageHandler [org.springframework.messaging.simp.broker.DefaultSubscriptionRegistry@55e0f68a]]","service":"fms-core","version":"1.0.0","environment":"default"}
{"@timestamp":"2026-02-25T10:17:16.3941233+05:30","level":"INFO","logger_name":"org.springframework.messaging.simp.broker.SimpleBrokerMessageHandler","message":"Stopped.","service":"fms-core","version":"1.0.0","environment":"default"}
{"@timestamp":"2026-02-25T10:17:16.4241335+05:30","level":"INFO","logger_name":"org.springframework.orm.jpa.LocalContainerEntityManagerFactoryBean","message":"Closing JPA EntityManagerFactory for persistence unit 'default'","service":"fms-core","version":"1.0.0","environment":"default"}
{"@timestamp":"2026-02-25T10:17:16.4541206+05:30","level":"INFO","logger_name":"com.zaxxer.hikari.HikariDataSource","message":"HikariPool-1 - Shutdown initiated...","service":"fms-core","version":"1.0.0","environment":"default"}
{"@timestamp":"2026-02-25T10:17:16.465129+05:30","level":"INFO","logger_name":"com.zaxxer.hikari.HikariDataSource","message":"HikariPool-1 - Shutdown completed.","service":"fms-core","version":"1.0.0","environment":"default"}
{"@timestamp":"2026-02-25T10:17:16.466123+05:30","level":"INFO","logger_name":"com.netflix.discovery.DiscoveryClient","message":"Shutting down DiscoveryClient ...","service":"fms-core","version":"1.0.0","environment":"default"}
{"@timestamp":"2026-02-25T10:17:19.5201379+05:30","level":"INFO","logger_name":"com.netflix.discovery.DiscoveryClient","message":"Unregistering ...","service":"fms-core","version":"1.0.0","environment":"default"}
{"@timestamp":"2026-02-25T10:17:19.6441227+05:30","level":"INFO","logger_name":"com.netflix.discovery.DiscoveryClient","message":"DiscoveryClient_FMS_CORE/localhost:fms_core:8084 - deregister  status: 200","service":"fms-core","version":"1.0.0","environment":"default"}
{"@timestamp":"2026-02-25T10:17:19.645122+05:30","level":"INFO","logger_name":"com.netflix.discovery.DiscoveryClient","message":"Completed shut down of DiscoveryClient","service":"fms-core","version":"1.0.0","environment":"default"}
{"@timestamp":"2026-02-25T10:17:27.2091132+05:30","level":"INFO","logger_name":"net.com.fms_core.FmsCoreApplication","message":"Starting FmsCoreApplication using Java 21.0.2 with PID 28148 (C:\\Users\\kavinda_d\\Documents\\e soft\\final project\\project\\fms backend\\fms_core\\target\\classes started by kavinda_d in C:\\Users\\kavinda_d\\Documents\\e soft\\final project\\project\\fms backend)","service":"fms-core","version":"1.0.0","environment":"default"}
{"@timestamp":"2026-02-25T10:17:27.211111+05:30","level":"DEBUG","logger_name":"net.com.fms_core.FmsCoreApplication","message":"Running with Spring Boot v3.4.4, Spring v6.2.5","service":"fms-core","version":"1.0.0","environment":"default"}
{"@timestamp":"2026-02-25T10:17:27.2121127+05:30","level":"INFO","logger_name":"net.com.fms_core.FmsCoreApplication","message":"The following 1 profile is active: \"dev\"","service":"fms-core","version":"1.0.0","environment":"default"}
{"@timestamp":"2026-02-25T10:17:27.2171124+05:30","level":"INFO","logger_name":"org.springframework.cloud.config.client.ConfigServerConfigDataLoader","message":"Fetching config from server at : http://localhost:8888","service":"fms-core","version":"1.0.0","environment":"default"}
{"@timestamp":"2026-02-25T10:17:27.2171124+05:30","level":"INFO","logger_name":"org.springframework.cloud.config.client.ConfigServerConfigDataLoader","message":"Located environment: name=fms_core, profiles=[dev], label=null, version=null, state=null","service":"fms-core","version":"1.0.0","environment":"default"}
{"@timestamp":"2026-02-25T10:17:30.7198454+05:30","level":"INFO","logger_name":"org.springframework.data.repository.config.RepositoryConfigurationDelegate","message":"Bootstrapping Spring Data JPA repositories in DEFAULT mode.","service":"fms-core","version":"1.0.0","environment":"default"}
{"@timestamp":"2026-02-25T10:17:31.5918461+05:30","level":"INFO","logger_name":"org.springframework.data.repository.config.RepositoryConfigurationDelegate","message":"Finished Spring Data repository scanning in 715 ms. Found 19 JPA repository interfaces.","service":"fms-core","version":"1.0.0","environment":"default"}
{"@timestamp":"2026-02-25T10:17:32.5268421+05:30","level":"INFO","logger_name":"org.springframework.cloud.context.scope.GenericScope","message":"BeanFactory id=a34aabd1-1edc-3721-b029-38a30be4cc91","service":"fms-core","version":"1.0.0","environment":"default"}
{"@timestamp":"2026-02-25T10:17:33.9088425+05:30","level":"INFO","logger_name":"org.springframework.boot.web.embedded.tomcat.TomcatWebServer","message":"Tomcat initialized with port 8084 (http)","service":"fms-core","version":"1.0.0","environment":"default"}
{"@timestamp":"2026-02-25T10:17:33.9118425+05:30","level":"INFO","logger_name":"org.apache.catalina.core.StandardService","message":"Starting service [Tomcat]","service":"fms-core","version":"1.0.0","environment":"default"}
{"@timestamp":"2026-02-25T10:17:33.9128416+05:30","level":"INFO","logger_name":"org.apache.catalina.core.StandardEngine","message":"Starting Servlet engine: [Apache Tomcat/10.1.39]","service":"fms-core","version":"1.0.0","environment":"default"}
{"@timestamp":"2026-02-25T10:17:35.1748447+05:30","level":"INFO","logger_name":"org.apache.catalina.core.ContainerBase.[Tomcat].[localhost].[/fms-core-service]","message":"Initializing Spring embedded WebApplicationContext","service":"fms-core","version":"1.0.0","environment":"default"}
{"@timestamp":"2026-02-25T10:17:35.1758409+05:30","level":"INFO","logger_name":"org.springframework.boot.web.servlet.context.ServletWebServerApplicationContext","message":"Root WebApplicationContext: initialization completed in 7957 ms","service":"fms-core","version":"1.0.0","environment":"default"}
{"@timestamp":"2026-02-25T10:17:36.8048389+05:30","level":"INFO","logger_name":"com.zaxxer.hikari.HikariDataSource","message":"HikariPool-2 - Starting...","service":"fms-core","version":"1.0.0","environment":"default"}
{"@timestamp":"2026-02-25T10:17:36.8178401+05:30","level":"INFO","logger_name":"com.zaxxer.hikari.pool.HikariPool","message":"HikariPool-2 - Added connection com.mysql.cj.jdbc.ConnectionImpl@c999bfa","service":"fms-core","version":"1.0.0","environment":"default"}
{"@timestamp":"2026-02-25T10:17:36.8188402+05:30","level":"INFO","logger_name":"com.zaxxer.hikari.HikariDataSource","message":"HikariPool-2 - Start completed.","service":"fms-core","version":"1.0.0","environment":"default"}
{"@timestamp":"2026-02-25T10:17:36.8238382+05:30","level":"INFO","logger_name":"org.hibernate.jpa.internal.util.LogHelper","message":"HHH000204: Processing PersistenceUnitInfo [name: default]","service":"fms-core","version":"1.0.0","environment":"default"}
{"@timestamp":"2026-02-25T10:17:36.8328375+05:30","level":"INFO","logger_name":"org.hibernate.cache.internal.RegionFactoryInitiator","message":"HHH000026: Second-level cache disabled","service":"fms-core","version":"1.0.0","environment":"default"}
{"@timestamp":"2026-02-25T10:17:36.926838+05:30","level":"INFO","logger_name":"org.springframework.orm.jpa.persistenceunit.SpringPersistenceUnitInfo","message":"No LoadTimeWeaver setup: ignoring JPA class transformer","service":"fms-core","version":"1.0.0","environment":"default"}
{"@timestamp":"2026-02-25T10:17:36.9338384+05:30","level":"INFO","logger_name":"org.hibernate.orm.connections.pooling","message":"HHH10001005: Database info:\n\tDatabase JDBC URL [Connecting through datasource 'HikariDataSource (HikariPool-2)']\n\tDatabase driver: undefined/unknown\n\tDatabase version: 8.1\n\tAutocommit mode: undefined/unknown\n\tIsolation level: undefined/unknown\n\tMinimum pool size: undefined/unknown\n\tMaximum pool size: undefined/unknown","service":"fms-core","version":"1.0.0","environment":"default"}
{"@timestamp":"2026-02-25T10:17:45.4211172+05:30","level":"INFO","logger_name":"org.hibernate.engine.transaction.jta.platform.internal.JtaPlatformInitiator","message":"HHH000489: No JTA platform available (set 'hibernate.transaction.jta.platform' to enable JTA platform integration)","service":"fms-core","version":"1.0.0","environment":"default"}
{"@timestamp":"2026-02-25T10:17:45.5801115+05:30","level":"INFO","logger_name":"org.springframework.orm.jpa.LocalContainerEntityManagerFactoryBean","message":"Initialized JPA EntityManagerFactory for persistence unit 'default'","service":"fms-core","version":"1.0.0","environment":"default"}
{"@timestamp":"2026-02-25T10:17:48.0297591+05:30","level":"WARN","logger_name":"org.springframework.boot.autoconfigure.orm.jpa.JpaBaseConfiguration$JpaWebConfiguration","message":"spring.jpa.open-in-view is enabled by default. Therefore, database queries may be performed during view rendering. Explicitly configure spring.jpa.open-in-view to disable this warning","service":"fms-core","version":"1.0.0","environment":"default"}
{"@timestamp":"2026-02-25T10:17:48.1147607+05:30","level":"INFO","logger_name":"org.springframework.validation.beanvalidation.OptionalValidatorFactoryBean","message":"Failed to set up a Bean Validation provider: jakarta.validation.NoProviderFoundException: Unable to create a Configuration, because no Jakarta Bean Validation provider could be found. Add a provider like Hibernate Validator (RI) to your classpath.","service":"fms-core","version":"1.0.0","environment":"default"}
{"@timestamp":"2026-02-25T10:17:49.788762+05:30","level":"INFO","logger_name":"org.springframework.cloud.commons.util.InetUtils","message":"Cannot determine local hostname","service":"fms-core","version":"1.0.0","environment":"default"}
{"@timestamp":"2026-02-25T10:17:52.0247535+05:30","level":"WARN","logger_name":"org.springframework.boot.devtools.autoconfigure.OptionalLiveReloadServer","message":"Unable to start LiveReload server","service":"fms-core","version":"1.0.0","environment":"default"}
{"@timestamp":"2026-02-25T10:17:53.074931+05:30","level":"INFO","logger_name":"org.springframework.cloud.commons.util.InetUtils","message":"Cannot determine local hostname","service":"fms-core","version":"1.0.0","environment":"default"}
{"@timestamp":"2026-02-25T10:17:53.2129432+05:30","level":"INFO","logger_name":"org.springframework.cloud.netflix.eureka.config.DiscoveryClientOptionalArgsConfiguration","message":"Eureka HTTP Client uses RestTemplate.","service":"fms-core","version":"1.0.0","environment":"default"}
{"@timestamp":"2026-02-25T10:17:53.4379338+05:30","level":"WARN","logger_name":"org.springframework.cloud.loadbalancer.config.LoadBalancerCacheAutoConfiguration$LoadBalancerCaffeineWarnLogger","message":"Spring Cloud LoadBalancer is currently working with the default cache. While this cache implementation is useful for development and tests, it's recommended to use Caffeine cache in production.You can switch to using Caffeine cache, by adding it and org.springframework.cache.caffeine.CaffeineCacheManager to the classpath.","service":"fms-core","version":"1.0.0","environment":"default"}
{"@timestamp":"2026-02-25T10:17:53.5049283+05:30","level":"INFO","logger_name":"org.springframework.boot.actuate.endpoint.web.EndpointLinksResolver","message":"Exposing 6 endpoints beneath base path '/actuator'","service":"fms-core","version":"1.0.0","environment":"default"}
{"@timestamp":"2026-02-25T10:17:53.6889317+05:30","level":"INFO","logger_name":"org.springframework.messaging.simp.broker.SimpleBrokerMessageHandler","message":"Starting...","service":"fms-core","version":"1.0.0","environment":"default"}
{"@timestamp":"2026-02-25T10:17:53.6889317+05:30","level":"INFO","logger_name":"org.springframework.messaging.simp.broker.SimpleBrokerMessageHandler","message":"BrokerAvailabilityEvent[available=true, SimpleBrokerMessageHandler [org.springframework.messaging.simp.broker.DefaultSubscriptionRegistry@7d73ddfe]]","service":"fms-core","version":"1.0.0","environment":"default"}
{"@timestamp":"2026-02-25T10:17:53.6959288+05:30","level":"INFO","logger_name":"org.springframework.messaging.simp.broker.SimpleBrokerMessageHandler","message":"Started.","service":"fms-core","version":"1.0.0","environment":"default"}
{"@timestamp":"2026-02-25T10:17:53.7079284+05:30","level":"INFO","logger_name":"org.springframework.cloud.netflix.eureka.InstanceInfoFactory","message":"Setting initial instance status as: STARTING","service":"fms-core","version":"1.0.0","environment":"default"}
{"@timestamp":"2026-02-25T10:17:53.7169281+05:30","level":"INFO","logger_name":"com.netflix.discovery.DiscoveryClient","message":"Initializing Eureka in region us-east-1","service":"fms-core","version":"1.0.0","environment":"default"}
{"@timestamp":"2026-02-25T10:17:53.7179286+05:30","level":"INFO","logger_name":"com.netflix.discovery.shared.resolver.aws.ConfigClusterResolver","message":"Resolving eureka endpoints via configuration","service":"fms-core","version":"1.0.0","environment":"default"}
{"@timestamp":"2026-02-25T10:17:53.7179286+05:30","level":"INFO","logger_name":"com.netflix.discovery.DiscoveryClient","message":"Disable delta property : false","service":"fms-core","version":"1.0.0","environment":"default"}
{"@timestamp":"2026-02-25T10:17:53.7189292+05:30","level":"INFO","logger_name":"com.netflix.discovery.DiscoveryClient","message":"Single vip registry refresh property : null","service":"fms-core","version":"1.0.0","environment":"default"}
{"@timestamp":"2026-02-25T10:17:53.7189292+05:30","level":"INFO","logger_name":"com.netflix.discovery.DiscoveryClient","message":"Force full registry fetch : false","service":"fms-core","version":"1.0.0","environment":"default"}
{"@timestamp":"2026-02-25T10:17:53.7189292+05:30","level":"INFO","logger_name":"com.netflix.discovery.DiscoveryClient","message":"Application is null : false","service":"fms-core","version":"1.0.0","environment":"default"}
{"@timestamp":"2026-02-25T10:17:53.7189292+05:30","level":"INFO","logger_name":"com.netflix.discovery.DiscoveryClient","message":"Registered Applications size is zero : true","service":"fms-core","version":"1.0.0","environment":"default"}
{"@timestamp":"2026-02-25T10:17:53.7189292+05:30","level":"INFO","logger_name":"com.netflix.discovery.DiscoveryClient","message":"Application version is -1: true","service":"fms-core","version":"1.0.0","environment":"default"}
{"@timestamp":"2026-02-25T10:17:53.7189292+05:30","level":"INFO","logger_name":"com.netflix.discovery.DiscoveryClient","message":"Getting all instance registry info from the eureka server","service":"fms-core","version":"1.0.0","environment":"default"}
{"@timestamp":"2026-02-25T10:17:53.7479303+05:30","level":"INFO","logger_name":"org.springframework.boot.devtools.autoconfigure.LocalDevToolsAutoConfiguration$RestartingClassPathChangeChangedEventListener","message":"Restarting due to 1 class path change (0 additions, 0 deletions, 1 modification)","service":"fms-core","version":"1.0.0","environment":"default"}
{"@timestamp":"2026-02-25T10:17:53.8629289+05:30","level":"INFO","logger_name":"com.netflix.discovery.DiscoveryClient","message":"The response status is 200","service":"fms-core","version":"1.0.0","environment":"default"}
{"@timestamp":"2026-02-25T10:17:53.8639309+05:30","level":"INFO","logger_name":"com.netflix.discovery.DiscoveryClient","message":"Starting heartbeat executor: renew interval is: 30","service":"fms-core","version":"1.0.0","environment":"default"}
{"@timestamp":"2026-02-25T10:17:53.864933+05:30","level":"INFO","logger_name":"com.netflix.discovery.InstanceInfoReplicator","message":"InstanceInfoReplicator onDemand update allowed rate per min is 4","service":"fms-core","version":"1.0.0","environment":"default"}
{"@timestamp":"2026-02-25T10:17:53.8659358+05:30","level":"INFO","logger_name":"com.netflix.discovery.DiscoveryClient","message":"Discovery Client initialized at timestamp 1771994873865 with initial instances count: 3","service":"fms-core","version":"1.0.0","environment":"default"}
{"@timestamp":"2026-02-25T10:17:53.8829338+05:30","level":"INFO","logger_name":"org.springframework.cloud.netflix.eureka.serviceregistry.EurekaServiceRegistry","message":"Registering application FMS_CORE with eureka with status UP","service":"fms-core","version":"1.0.0","environment":"default"}
{"@timestamp":"2026-02-25T10:17:53.8839327+05:30","level":"INFO","logger_name":"com.netflix.discovery.DiscoveryClient","message":"Saw local status change event StatusChangeEvent [timestamp=1771994873883, current=UP, previous=STARTING]","service":"fms-core","version":"1.0.0","environment":"default"}
{"@timestamp":"2026-02-25T10:17:53.9419272+05:30","level":"INFO","logger_name":"com.netflix.discovery.DiscoveryClient","message":"DiscoveryClient_FMS_CORE/localhost:fms_core:8084: registering service...","service":"fms-core","version":"1.0.0","environment":"default"}
{"@timestamp":"2026-02-25T10:17:53.9639315+05:30","level":"INFO","logger_name":"com.netflix.discovery.DiscoveryClient","message":"DiscoveryClient_FMS_CORE/localhost:fms_core:8084 - registration status: 204","service":"fms-core","version":"1.0.0","environment":"default"}
{"@timestamp":"2026-02-25T10:17:54.0129287+05:30","level":"INFO","logger_name":"org.springframework.boot.web.embedded.tomcat.TomcatWebServer","message":"Tomcat started on port 8084 (http) with context path '/fms-core-service'","service":"fms-core","version":"1.0.0","environment":"default"}
{"@timestamp":"2026-02-25T10:17:54.013931+05:30","level":"INFO","logger_name":"org.springframework.cloud.netflix.eureka.serviceregistry.EurekaAutoServiceRegistration","message":"Updating port to 8084","service":"fms-core","version":"1.0.0","environment":"default"}
{"@timestamp":"2026-02-25T10:17:55.0399268+05:30","level":"INFO","logger_name":"org.springframework.cloud.commons.util.InetUtils","message":"Cannot determine local hostname","service":"fms-core","version":"1.0.0","environment":"default"}
{"@timestamp":"2026-02-25T10:17:55.0779285+05:30","level":"INFO","logger_name":"org.springframework.cloud.netflix.eureka.serviceregistry.EurekaServiceRegistry","message":"Unregistering application FMS_CORE with eureka with status DOWN","service":"fms-core","version":"1.0.0","environment":"default"}
{"@timestamp":"2026-02-25T10:17:55.0779285+05:30","level":"INFO","logger_name":"com.netflix.discovery.DiscoveryClient","message":"Saw local status change event StatusChangeEvent [timestamp=1771994875077, current=DOWN, previous=UP]","service":"fms-core","version":"1.0.0","environment":"default"}
{"@timestamp":"2026-02-25T10:17:55.0789279+05:30","level":"INFO","logger_name":"com.netflix.discovery.DiscoveryClient","message":"DiscoveryClient_FMS_CORE/localhost:fms_core:8084: registering service...","service":"fms-core","version":"1.0.0","environment":"default"}
{"@timestamp":"2026-02-25T10:17:55.0799276+05:30","level":"INFO","logger_name":"org.springframework.boot.web.embedded.tomcat.GracefulShutdown","message":"Commencing graceful shutdown. Waiting for active requests to complete","service":"fms-core","version":"1.0.0","environment":"default"}
{"@timestamp":"2026-02-25T10:17:55.0839287+05:30","level":"INFO","logger_name":"com.netflix.discovery.DiscoveryClient","message":"DiscoveryClient_FMS_CORE/localhost:fms_core:8084 - registration status: 204","service":"fms-core","version":"1.0.0","environment":"default"}
{"@timestamp":"2026-02-25T10:17:55.0849282+05:30","level":"INFO","logger_name":"net.com.fms_core.FmsCoreApplication","message":"Started FmsCoreApplication in 32.35 seconds (process running for 2462.258)","service":"fms-core","version":"1.0.0","environment":"default"}
{"@timestamp":"2026-02-25T10:17:55.1309294+05:30","level":"INFO","logger_name":"org.springframework.boot.web.embedded.tomcat.GracefulShutdown","message":"Graceful shutdown complete","service":"fms-core","version":"1.0.0","environment":"default"}
{"@timestamp":"2026-02-25T10:17:55.1389404+05:30","level":"INFO","logger_name":"org.springframework.messaging.simp.broker.SimpleBrokerMessageHandler","message":"Stopping...","service":"fms-core","version":"1.0.0","environment":"default"}
{"@timestamp":"2026-02-25T10:17:55.139927+05:30","level":"INFO","logger_name":"org.springframework.messaging.simp.broker.SimpleBrokerMessageHandler","message":"BrokerAvailabilityEvent[available=false, SimpleBrokerMessageHandler [org.springframework.messaging.simp.broker.DefaultSubscriptionRegistry@7d73ddfe]]","service":"fms-core","version":"1.0.0","environment":"default"}
{"@timestamp":"2026-02-25T10:17:55.139927+05:30","level":"INFO","logger_name":"org.springframework.messaging.simp.broker.SimpleBrokerMessageHandler","message":"Stopped.","service":"fms-core","version":"1.0.0","environment":"default"}
{"@timestamp":"2026-02-25T10:17:55.1589317+05:30","level":"INFO","logger_name":"org.springframework.orm.jpa.LocalContainerEntityManagerFactoryBean","message":"Closing JPA EntityManagerFactory for persistence unit 'default'","service":"fms-core","version":"1.0.0","environment":"default"}
{"@timestamp":"2026-02-25T10:17:55.1609301+05:30","level":"INFO","logger_name":"com.zaxxer.hikari.HikariDataSource","message":"HikariPool-2 - Shutdown initiated...","service":"fms-core","version":"1.0.0","environment":"default"}
{"@timestamp":"2026-02-25T10:17:55.1659307+05:30","level":"INFO","logger_name":"org.springframework.boot.autoconfigure.logging.ConditionEvaluationReportLogger","message":"\r\n\r\nError starting ApplicationContext. To display the condition evaluation report re-run your application with 'debug' enabled.","service":"fms-core","version":"1.0.0","environment":"default"}
{"@timestamp":"2026-02-25T10:17:55.2739258+05:30","level":"INFO","logger_name":"com.zaxxer.hikari.HikariDataSource","message":"HikariPool-2 - Shutdown completed.","service":"fms-core","version":"1.0.0","environment":"default"}
{"@timestamp":"2026-02-25T10:17:55.2759277+05:30","level":"INFO","logger_name":"com.netflix.discovery.DiscoveryClient","message":"Shutting down DiscoveryClient ...","service":"fms-core","version":"1.0.0","environment":"default"}
{"@timestamp":"2026-02-25T10:17:55.2759277+05:30","level":"ERROR","logger_name":"org.springframework.boot.SpringApplication","message":"Application run failed","service":"fms-core","version":"1.0.0","environment":"default"}
{"@timestamp":"2026-02-25T10:17:58.289921+05:30","level":"INFO","logger_name":"com.netflix.discovery.DiscoveryClient","message":"Unregistering ...","service":"fms-core","version":"1.0.0","environment":"default"}
{"@timestamp":"2026-02-25T10:17:58.3079228+05:30","level":"INFO","logger_name":"com.netflix.discovery.DiscoveryClient","message":"DiscoveryClient_FMS_CORE/localhost:fms_core:8084 - deregister  status: 200","service":"fms-core","version":"1.0.0","environment":"default"}
{"@timestamp":"2026-02-25T10:17:58.3089339+05:30","level":"INFO","logger_name":"com.netflix.discovery.DiscoveryClient","message":"Completed shut down of DiscoveryClient","service":"fms-core","version":"1.0.0","environment":"default"}
{"@timestamp":"2026-02-25T10:18:00.7069195+05:30","level":"INFO","logger_name":"net.com.fms_core.FmsCoreApplication","message":"Starting FmsCoreApplication using Java 21.0.2 with PID 28148 (C:\\Users\\kavinda_d\\Documents\\e soft\\final project\\project\\fms backend\\fms_core\\target\\classes started by kavinda_d in C:\\Users\\kavinda_d\\Documents\\e soft\\final project\\project\\fms backend)","service":"fms-core","version":"1.0.0","environment":"default"}
{"@timestamp":"2026-02-25T10:18:00.7089202+05:30","level":"DEBUG","logger_name":"net.com.fms_core.FmsCoreApplication","message":"Running with Spring Boot v3.4.4, Spring v6.2.5","service":"fms-core","version":"1.0.0","environment":"default"}
{"@timestamp":"2026-02-25T10:18:00.7089202+05:30","level":"INFO","logger_name":"net.com.fms_core.FmsCoreApplication","message":"The following 1 profile is active: \"dev\"","service":"fms-core","version":"1.0.0","environment":"default"}
{"@timestamp":"2026-02-25T10:18:00.7149188+05:30","level":"INFO","logger_name":"org.springframework.cloud.config.client.ConfigServerConfigDataLoader","message":"Fetching config from server at : http://localhost:8888","service":"fms-core","version":"1.0.0","environment":"default"}
{"@timestamp":"2026-02-25T10:18:00.7159217+05:30","level":"INFO","logger_name":"org.springframework.cloud.config.client.ConfigServerConfigDataLoader","message":"Located environment: name=fms_core, profiles=[dev], label=null, version=null, state=null","service":"fms-core","version":"1.0.0","environment":"default"}
{"@timestamp":"2026-02-25T10:18:02.1199207+05:30","level":"INFO","logger_name":"org.springframework.data.repository.config.RepositoryConfigurationDelegate","message":"Bootstrapping Spring Data JPA repositories in DEFAULT mode.","service":"fms-core","version":"1.0.0","environment":"default"}
{"@timestamp":"2026-02-25T10:18:02.43792+05:30","level":"INFO","logger_name":"org.springframework.data.repository.config.RepositoryConfigurationDelegate","message":"Finished Spring Data repository scanning in 315 ms. Found 19 JPA repository interfaces.","service":"fms-core","version":"1.0.0","environment":"default"}
{"@timestamp":"2026-02-25T10:18:02.9259176+05:30","level":"INFO","logger_name":"org.springframework.cloud.context.scope.GenericScope","message":"BeanFactory id=a34aabd1-1edc-3721-b029-38a30be4cc91","service":"fms-core","version":"1.0.0","environment":"default"}
{"@timestamp":"2026-02-25T10:18:03.8409214+05:30","level":"INFO","logger_name":"org.springframework.boot.web.embedded.tomcat.TomcatWebServer","message":"Tomcat initialized with port 8084 (http)","service":"fms-core","version":"1.0.0","environment":"default"}
{"@timestamp":"2026-02-25T10:18:03.8439171+05:30","level":"INFO","logger_name":"org.apache.catalina.core.StandardService","message":"Starting service [Tomcat]","service":"fms-core","version":"1.0.0","environment":"default"}
{"@timestamp":"2026-02-25T10:18:03.8449151+05:30","level":"INFO","logger_name":"org.apache.catalina.core.StandardEngine","message":"Starting Servlet engine: [Apache Tomcat/10.1.39]","service":"fms-core","version":"1.0.0","environment":"default"}
{"@timestamp":"2026-02-25T10:18:03.9919175+05:30","level":"INFO","logger_name":"org.apache.catalina.core.ContainerBase.[Tomcat].[localhost].[/fms-core-service]","message":"Initializing Spring embedded WebApplicationContext","service":"fms-core","version":"1.0.0","environment":"default"}
{"@timestamp":"2026-02-25T10:18:03.9919175+05:30","level":"INFO","logger_name":"org.springframework.boot.web.servlet.context.ServletWebServerApplicationContext","message":"Root WebApplicationContext: initialization completed in 3275 ms","service":"fms-core","version":"1.0.0","environment":"default"}
{"@timestamp":"2026-02-25T10:18:10.4869118+05:30","level":"INFO","logger_name":"com.zaxxer.hikari.HikariDataSource","message":"HikariPool-3 - Starting...","service":"fms-core","version":"1.0.0","environment":"default"}
{"@timestamp":"2026-02-25T10:18:10.503912+05:30","level":"INFO","logger_name":"com.zaxxer.hikari.pool.HikariPool","message":"HikariPool-3 - Added connection com.mysql.cj.jdbc.ConnectionImpl@f5e2004","service":"fms-core","version":"1.0.0","environment":"default"}
{"@timestamp":"2026-02-25T10:18:10.503912+05:30","level":"INFO","logger_name":"com.zaxxer.hikari.HikariDataSource","message":"HikariPool-3 - Start completed.","service":"fms-core","version":"1.0.0","environment":"default"}
{"@timestamp":"2026-02-25T10:18:10.5059094+05:30","level":"INFO","logger_name":"org.hibernate.jpa.internal.util.LogHelper","message":"HHH000204: Processing PersistenceUnitInfo [name: default]","service":"fms-core","version":"1.0.0","environment":"default"}
{"@timestamp":"2026-02-25T10:18:10.5109138+05:30","level":"INFO","logger_name":"org.hibernate.cache.internal.RegionFactoryInitiator","message":"HHH000026: Second-level cache disabled","service":"fms-core","version":"1.0.0","environment":"default"}
{"@timestamp":"2026-02-25T10:18:10.5299113+05:30","level":"INFO","logger_name":"org.springframework.orm.jpa.persistenceunit.SpringPersistenceUnitInfo","message":"No LoadTimeWeaver setup: ignoring JPA class transformer","service":"fms-core","version":"1.0.0","environment":"default"}
{"@timestamp":"2026-02-25T10:18:10.5339107+05:30","level":"INFO","logger_name":"org.hibernate.orm.connections.pooling","message":"HHH10001005: Database info:\n\tDatabase JDBC URL [Connecting through datasource 'HikariDataSource (HikariPool-3)']\n\tDatabase driver: undefined/unknown\n\tDatabase version: 8.1\n\tAutocommit mode: undefined/unknown\n\tIsolation level: undefined/unknown\n\tMinimum pool size: undefined/unknown\n\tMaximum pool size: undefined/unknown","service":"fms-core","version":"1.0.0","environment":"default"}
{"@timestamp":"2026-02-25T10:18:11.6479085+05:30","level":"INFO","logger_name":"org.hibernate.engine.transaction.jta.platform.internal.JtaPlatformInitiator","message":"HHH000489: No JTA platform available (set 'hibernate.transaction.jta.platform' to enable JTA platform integration)","service":"fms-core","version":"1.0.0","environment":"default"}
{"@timestamp":"2026-02-25T10:18:11.6809069+05:30","level":"INFO","logger_name":"org.springframework.orm.jpa.LocalContainerEntityManagerFactoryBean","message":"Initialized JPA EntityManagerFactory for persistence unit 'default'","service":"fms-core","version":"1.0.0","environment":"default"}
{"@timestamp":"2026-02-25T10:18:14.2149095+05:30","level":"WARN","logger_name":"org.springframework.boot.autoconfigure.orm.jpa.JpaBaseConfiguration$JpaWebConfiguration","message":"spring.jpa.open-in-view is enabled by default. Therefore, database queries may be performed during view rendering. Explicitly configure spring.jpa.open-in-view to disable this warning","service":"fms-core","version":"1.0.0","environment":"default"}
{"@timestamp":"2026-02-25T10:18:14.2529039+05:30","level":"INFO","logger_name":"org.springframework.validation.beanvalidation.OptionalValidatorFactoryBean","message":"Failed to set up a Bean Validation provider: jakarta.validation.NoProviderFoundException: Unable to create a Configuration, because no Jakarta Bean Validation provider could be found. Add a provider like Hibernate Validator (RI) to your classpath.","service":"fms-core","version":"1.0.0","environment":"default"}
{"@timestamp":"2026-02-25T10:18:15.7629037+05:30","level":"INFO","logger_name":"org.springframework.cloud.commons.util.InetUtils","message":"Cannot determine local hostname","service":"fms-core","version":"1.0.0","environment":"default"}
{"@timestamp":"2026-02-25T10:18:16.6269083+05:30","level":"WARN","logger_name":"org.springframework.boot.devtools.autoconfigure.OptionalLiveReloadServer","message":"Unable to start LiveReload server","service":"fms-core","version":"1.0.0","environment":"default"}
{"@timestamp":"2026-02-25T10:18:17.6648998+05:30","level":"INFO","logger_name":"org.springframework.cloud.commons.util.InetUtils","message":"Cannot determine local hostname","service":"fms-core","version":"1.0.0","environment":"default"}
{"@timestamp":"2026-02-25T10:18:17.7189011+05:30","level":"INFO","logger_name":"org.springframework.cloud.netflix.eureka.config.DiscoveryClientOptionalArgsConfiguration","message":"Eureka HTTP Client uses RestTemplate.","service":"fms-core","version":"1.0.0","environment":"default"}
{"@timestamp":"2026-02-25T10:18:17.8539057+05:30","level":"WARN","logger_name":"org.springframework.cloud.loadbalancer.config.LoadBalancerCacheAutoConfiguration$LoadBalancerCaffeineWarnLogger","message":"Spring Cloud LoadBalancer is currently working with the default cache. While this cache implementation is useful for development and tests, it's recommended to use Caffeine cache in production.You can switch to using Caffeine cache, by adding it and org.springframework.cache.caffeine.CaffeineCacheManager to the classpath.","service":"fms-core","version":"1.0.0","environment":"default"}
{"@timestamp":"2026-02-25T10:18:17.8779068+05:30","level":"INFO","logger_name":"org.springframework.boot.actuate.endpoint.web.EndpointLinksResolver","message":"Exposing 6 endpoints beneath base path '/actuator'","service":"fms-core","version":"1.0.0","environment":"default"}
{"@timestamp":"2026-02-25T10:18:18.1459023+05:30","level":"INFO","logger_name":"org.springframework.messaging.simp.broker.SimpleBrokerMessageHandler","message":"Starting...","service":"fms-core","version":"1.0.0","environment":"default"}
{"@timestamp":"2026-02-25T10:18:18.146902+05:30","level":"INFO","logger_name":"org.springframework.messaging.simp.broker.SimpleBrokerMessageHandler","message":"BrokerAvailabilityEvent[available=true, SimpleBrokerMessageHandler [org.springframework.messaging.simp.broker.DefaultSubscriptionRegistry@19da26c3]]","service":"fms-core","version":"1.0.0","environment":"default"}
{"@timestamp":"2026-02-25T10:18:18.146902+05:30","level":"INFO","logger_name":"org.springframework.messaging.simp.broker.SimpleBrokerMessageHandler","message":"Started.","service":"fms-core","version":"1.0.0","environment":"default"}
{"@timestamp":"2026-02-25T10:18:18.177901+05:30","level":"INFO","logger_name":"org.springframework.cloud.netflix.eureka.InstanceInfoFactory","message":"Setting initial instance status as: STARTING","service":"fms-core","version":"1.0.0","environment":"default"}
{"@timestamp":"2026-02-25T10:18:18.1939041+05:30","level":"INFO","logger_name":"com.netflix.discovery.DiscoveryClient","message":"Initializing Eureka in region us-east-1","service":"fms-core","version":"1.0.0","environment":"default"}
{"@timestamp":"2026-02-25T10:18:18.1949066+05:30","level":"INFO","logger_name":"com.netflix.discovery.shared.resolver.aws.ConfigClusterResolver","message":"Resolving eureka endpoints via configuration","service":"fms-core","version":"1.0.0","environment":"default"}
{"@timestamp":"2026-02-25T10:18:18.1959053+05:30","level":"INFO","logger_name":"com.netflix.discovery.DiscoveryClient","message":"Disable delta property : false","service":"fms-core","version":"1.0.0","environment":"default"}
{"@timestamp":"2026-02-25T10:18:18.1959053+05:30","level":"INFO","logger_name":"com.netflix.discovery.DiscoveryClient","message":"Single vip registry refresh property : null","service":"fms-core","version":"1.0.0","environment":"default"}
{"@timestamp":"2026-02-25T10:18:18.1969031+05:30","level":"INFO","logger_name":"com.netflix.discovery.DiscoveryClient","message":"Force full registry fetch : false","service":"fms-core","version":"1.0.0","environment":"default"}
{"@timestamp":"2026-02-25T10:18:18.1969031+05:30","level":"INFO","logger_name":"com.netflix.discovery.DiscoveryClient","message":"Application is null : false","service":"fms-core","version":"1.0.0","environment":"default"}
{"@timestamp":"2026-02-25T10:18:18.1969031+05:30","level":"INFO","logger_name":"com.netflix.discovery.DiscoveryClient","message":"Registered Applications size is zero : true","service":"fms-core","version":"1.0.0","environment":"default"}
{"@timestamp":"2026-02-25T10:18:18.1969031+05:30","level":"INFO","logger_name":"com.netflix.discovery.DiscoveryClient","message":"Application version is -1: true","service":"fms-core","version":"1.0.0","environment":"default"}
{"@timestamp":"2026-02-25T10:18:18.1969031+05:30","level":"INFO","logger_name":"com.netflix.discovery.DiscoveryClient","message":"Getting all instance registry info from the eureka server","service":"fms-core","version":"1.0.0","environment":"default"}
{"@timestamp":"2026-02-25T10:18:18.3259024+05:30","level":"INFO","logger_name":"com.netflix.discovery.DiscoveryClient","message":"The response status is 200","service":"fms-core","version":"1.0.0","environment":"default"}
{"@timestamp":"2026-02-25T10:18:18.3269068+05:30","level":"INFO","logger_name":"com.netflix.discovery.DiscoveryClient","message":"Starting heartbeat executor: renew interval is: 30","service":"fms-core","version":"1.0.0","environment":"default"}
{"@timestamp":"2026-02-25T10:18:18.3279039+05:30","level":"INFO","logger_name":"com.netflix.discovery.InstanceInfoReplicator","message":"InstanceInfoReplicator onDemand update allowed rate per min is 4","service":"fms-core","version":"1.0.0","environment":"default"}
{"@timestamp":"2026-02-25T10:18:18.3289015+05:30","level":"INFO","logger_name":"com.netflix.discovery.DiscoveryClient","message":"Discovery Client initialized at timestamp 1771994898328 with initial instances count: 3","service":"fms-core","version":"1.0.0","environment":"default"}
{"@timestamp":"2026-02-25T10:18:18.3429018+05:30","level":"INFO","logger_name":"org.springframework.cloud.netflix.eureka.serviceregistry.EurekaServiceRegistry","message":"Registering application FMS_CORE with eureka with status UP","service":"fms-core","version":"1.0.0","environment":"default"}
{"@timestamp":"2026-02-25T10:18:18.3439014+05:30","level":"INFO","logger_name":"com.netflix.discovery.DiscoveryClient","message":"Saw local status change event StatusChangeEvent [timestamp=1771994898343, current=UP, previous=STARTING]","service":"fms-core","version":"1.0.0","environment":"default"}
{"@timestamp":"2026-02-25T10:18:18.3549043+05:30","level":"INFO","logger_name":"org.springframework.boot.web.embedded.tomcat.TomcatWebServer","message":"Tomcat started on port 8084 (http) with context path '/fms-core-service'","service":"fms-core","version":"1.0.0","environment":"default"}
{"@timestamp":"2026-02-25T10:18:18.3559033+05:30","level":"INFO","logger_name":"org.springframework.cloud.netflix.eureka.serviceregistry.EurekaAutoServiceRegistration","message":"Updating port to 8084","service":"fms-core","version":"1.0.0","environment":"default"}
{"@timestamp":"2026-02-25T10:18:18.4239046+05:30","level":"INFO","logger_name":"com.netflix.discovery.DiscoveryClient","message":"DiscoveryClient_FMS_CORE/localhost:fms_core:8084: registering service...","service":"fms-core","version":"1.0.0","environment":"default"}
{"@timestamp":"2026-02-25T10:18:18.4429041+05:30","level":"INFO","logger_name":"com.netflix.discovery.DiscoveryClient","message":"DiscoveryClient_FMS_CORE/localhost:fms_core:8084 - registration status: 204","service":"fms-core","version":"1.0.0","environment":"default"}
{"@timestamp":"2026-02-25T10:18:19.4009006+05:30","level":"INFO","logger_name":"org.springframework.cloud.commons.util.InetUtils","message":"Cannot determine local hostname","service":"fms-core","version":"1.0.0","environment":"default"}
{"@timestamp":"2026-02-25T10:18:19.5049031+05:30","level":"INFO","logger_name":"net.com.fms_core.FmsCoreApplication","message":"Started FmsCoreApplication in 21.033 seconds (process running for 2486.678)","service":"fms-core","version":"1.0.0","environment":"default"}
{"@timestamp":"2026-02-25T10:18:19.5109029+05:30","level":"ERROR","logger_name":"net.com.fms_core.config.SocketListener","message":"❌ Error in FMS Receiver: Address already in use: bind","service":"fms-core","version":"1.0.0","environment":"default"}
{"@timestamp":"2026-02-25T10:18:21.2708996+05:30","level":"INFO","logger_name":"org.drools.compiler.kie.builder.impl.KieContainerImpl","message":"Start creation of KieBase: defaultKieBase","service":"fms-core","version":"1.0.0","environment":"default"}
{"@timestamp":"2026-02-25T10:18:21.3048969+05:30","level":"INFO","logger_name":"org.drools.compiler.kie.builder.impl.KieContainerImpl","message":"End creation of KieBase: defaultKieBase","service":"fms-core","version":"1.0.0","environment":"default"}
{"@timestamp":"2026-02-25T10:19:17.9625942+05:30","level":"INFO","logger_name":"org.springframework.web.socket.config.WebSocketMessageBrokerStats","message":"WebSocketSession[0 current WS(0)-HttpStream(0)-HttpPoll(0), 0 total, 0 closed abnormally (0 connect failure, 0 send limit, 0 transport error)], stompSubProtocol[processed CONNECT(0)-CONNECTED(0)-DISCONNECT(0)], stompBrokerRelay[null], inboundChannel[pool size = 0, active threads = 0, queued tasks = 0, completed tasks = 0], outboundChannel[pool size = 0, active threads = 0, queued tasks = 0, completed tasks = 0], sockJsScheduler[pool size = 1, active threads = 1, queued tasks = 0, completed tasks = 0]","service":"fms-core","version":"1.0.0","environment":"default"}
{"@timestamp":"2026-02-25T10:20:15.754134+05:30","level":"INFO","logger_name":"org.springframework.orm.jpa.LocalContainerEntityManagerFactoryBean","message":"Closing JPA EntityManagerFactory for persistence unit 'default'","service":"fms-core","version":"1.0.0","environment":"default"}
{"@timestamp":"2026-02-25T10:20:15.756134+05:30","level":"INFO","logger_name":"com.zaxxer.hikari.HikariDataSource","message":"HikariPool-3 - Shutdown initiated...","service":"fms-core","version":"1.0.0","environment":"default"}
{"@timestamp":"2026-02-25T10:20:15.7931332+05:30","level":"INFO","logger_name":"com.zaxxer.hikari.HikariDataSource","message":"HikariPool-3 - Shutdown completed.","service":"fms-core","version":"1.0.0","environment":"default"}
{"@timestamp":"2026-02-25T10:20:15.7941341+05:30","level":"INFO","logger_name":"com.netflix.discovery.DiscoveryClient","message":"Shutting down DiscoveryClient ...","service":"fms-core","version":"1.0.0","environment":"default"}
{"@timestamp":"2026-02-25T10:20:16.6861301+05:30","level":"INFO","logger_name":"org.springframework.cloud.commons.util.InetUtils","message":"Cannot determine local hostname","service":"fms-core","version":"1.0.0","environment":"default"}
{"@timestamp":"2026-02-25T10:20:16.6931309+05:30","level":"INFO","logger_name":"org.springframework.boot.devtools.env.DevToolsPropertyDefaultsPostProcessor","message":"Devtools property defaults active! Set 'spring.devtools.add-properties' to 'false' to disable","service":"fms-core","version":"1.0.0","environment":"default"}
{"@timestamp":"2026-02-25T10:20:16.6931309+05:30","level":"INFO","logger_name":"org.springframework.boot.devtools.env.DevToolsPropertyDefaultsPostProcessor","message":"For additional web related logging consider setting the 'logging.level.web' property to 'DEBUG'","service":"fms-core","version":"1.0.0","environment":"default"}
{"@timestamp":"2026-02-25T10:20:17.8051302+05:30","level":"INFO","logger_name":"net.com.fms_core.FmsCoreApplication","message":"Starting FmsCoreApplication using Java 21.0.2 with PID 28148 (C:\\Users\\kavinda_d\\Documents\\e soft\\final project\\project\\fms backend\\fms_core\\target\\classes started by kavinda_d in C:\\Users\\kavinda_d\\Documents\\e soft\\final project\\project\\fms backend)","service":"fms-core","version":"1.0.0","environment":"default"}
{"@timestamp":"2026-02-25T10:20:17.8061302+05:30","level":"DEBUG","logger_name":"net.com.fms_core.FmsCoreApplication","message":"Running with Spring Boot v3.4.4, Spring v6.2.5","service":"fms-core","version":"1.0.0","environment":"default"}
{"@timestamp":"2026-02-25T10:20:17.8061302+05:30","level":"INFO","logger_name":"net.com.fms_core.FmsCoreApplication","message":"The following 1 profile is active: \"dev\"","service":"fms-core","version":"1.0.0","environment":"default"}
{"@timestamp":"2026-02-25T10:20:17.8091301+05:30","level":"INFO","logger_name":"org.springframework.cloud.config.client.ConfigServerConfigDataLoader","message":"Fetching config from server at : http://localhost:8888","service":"fms-core","version":"1.0.0","environment":"default"}
{"@timestamp":"2026-02-25T10:20:17.8101299+05:30","level":"INFO","logger_name":"org.springframework.cloud.config.client.ConfigServerConfigDataLoader","message":"Located environment: name=fms_core, profiles=[dev], label=null, version=null, state=null","service":"fms-core","version":"1.0.0","environment":"default"}
{"@timestamp":"2026-02-25T10:20:18.8241303+05:30","level":"INFO","logger_name":"com.netflix.discovery.DiscoveryClient","message":"Unregistering ...","service":"fms-core","version":"1.0.0","environment":"default"}
{"@timestamp":"2026-02-25T10:20:18.825132+05:30","level":"WARN","logger_name":"com.netflix.discovery.TimedSupervisorTask","message":"task supervisor shutting down, can't accept the task","service":"fms-core","version":"1.0.0","environment":"default"}
{"@timestamp":"2026-02-25T10:20:18.8291295+05:30","level":"INFO","logger_name":"com.netflix.discovery.DiscoveryClient","message":"DiscoveryClient_FMS_CORE/localhost:fms_core:8084 - deregister  status: 200","service":"fms-core","version":"1.0.0","environment":"default"}
{"@timestamp":"2026-02-25T10:20:18.8291295+05:30","level":"INFO","logger_name":"com.netflix.discovery.DiscoveryClient","message":"Completed shut down of DiscoveryClient","service":"fms-core","version":"1.0.0","environment":"default"}
{"@timestamp":"2026-02-25T10:20:21.6111258+05:30","level":"INFO","logger_name":"net.com.fms_core.FmsCoreApplication","message":"Starting FmsCoreApplication using Java 21.0.2 with PID 28148 (C:\\Users\\kavinda_d\\Documents\\e soft\\final project\\project\\fms backend\\fms_core\\target\\classes started by kavinda_d in C:\\Users\\kavinda_d\\Documents\\e soft\\final project\\project\\fms backend)","service":"fms-core","version":"1.0.0","environment":"default"}
{"@timestamp":"2026-02-25T10:20:21.6211271+05:30","level":"DEBUG","logger_name":"net.com.fms_core.FmsCoreApplication","message":"Running with Spring Boot v3.4.4, Spring v6.2.5","service":"fms-core","version":"1.0.0","environment":"default"}
{"@timestamp":"2026-02-25T10:20:21.6271281+05:30","level":"INFO","logger_name":"net.com.fms_core.FmsCoreApplication","message":"The following 1 profile is active: \"dev\"","service":"fms-core","version":"1.0.0","environment":"default"}
{"@timestamp":"2026-02-25T10:20:21.6451304+05:30","level":"INFO","logger_name":"org.springframework.cloud.config.client.ConfigServerConfigDataLoader","message":"Fetching config from server at : http://localhost:8888","service":"fms-core","version":"1.0.0","environment":"default"}
{"@timestamp":"2026-02-25T10:20:21.6471284+05:30","level":"INFO","logger_name":"org.springframework.cloud.config.client.ConfigServerConfigDataLoader","message":"Located environment: name=fms_core, profiles=[dev], label=null, version=null, state=null","service":"fms-core","version":"1.0.0","environment":"default"}
{"@timestamp":"2026-02-25T10:20:22.0371291+05:30","level":"INFO","logger_name":"org.apache.catalina.core.ContainerBase.[Tomcat].[localhost].[/fms-core-service]","message":"Initializing Spring embedded WebApplicationContext","service":"fms-core","version":"1.0.0","environment":"default"}
{"@timestamp":"2026-02-25T10:20:22.0371291+05:30","level":"INFO","logger_name":"org.springframework.boot.web.servlet.context.ServletWebServerApplicationContext","message":"Root WebApplicationContext: initialization completed in 4227 ms","service":"fms-core","version":"1.0.0","environment":"default"}
{"@timestamp":"2026-02-25T10:20:23.1311288+05:30","level":"INFO","logger_name":"com.zaxxer.hikari.HikariDataSource","message":"HikariPool-4 - Starting...","service":"fms-core","version":"1.0.0","environment":"default"}
{"@timestamp":"2026-02-25T10:20:23.1411245+05:30","level":"INFO","logger_name":"com.zaxxer.hikari.pool.HikariPool","message":"HikariPool-4 - Added connection com.mysql.cj.jdbc.ConnectionImpl@4b7fb547","service":"fms-core","version":"1.0.0","environment":"default"}
{"@timestamp":"2026-02-25T10:20:23.1411245+05:30","level":"INFO","logger_name":"com.zaxxer.hikari.HikariDataSource","message":"HikariPool-4 - Start completed.","service":"fms-core","version":"1.0.0","environment":"default"}
{"@timestamp":"2026-02-25T10:20:23.1441302+05:30","level":"INFO","logger_name":"org.hibernate.jpa.internal.util.LogHelper","message":"HHH000204: Processing PersistenceUnitInfo [name: default]","service":"fms-core","version":"1.0.0","environment":"default"}
{"@timestamp":"2026-02-25T10:20:23.1511283+05:30","level":"INFO","logger_name":"org.hibernate.cache.internal.RegionFactoryInitiator","message":"HHH000026: Second-level cache disabled","service":"fms-core","version":"1.0.0","environment":"default"}
{"@timestamp":"2026-02-25T10:20:23.1731279+05:30","level":"INFO","logger_name":"org.springframework.orm.jpa.persistenceunit.SpringPersistenceUnitInfo","message":"No LoadTimeWeaver setup: ignoring JPA class transformer","service":"fms-core","version":"1.0.0","environment":"default"}
{"@timestamp":"2026-02-25T10:20:23.178125+05:30","level":"INFO","logger_name":"org.hibernate.orm.connections.pooling","message":"HHH10001005: Database info:\n\tDatabase JDBC URL [Connecting through datasource 'HikariDataSource (HikariPool-4)']\n\tDatabase driver: undefined/unknown\n\tDatabase version: 8.1\n\tAutocommit mode: undefined/unknown\n\tIsolation level: undefined/unknown\n\tMinimum pool size: undefined/unknown\n\tMaximum pool size: undefined/unknown","service":"fms-core","version":"1.0.0","environment":"default"}
{"@timestamp":"2026-02-25T10:20:28.0701217+05:30","level":"INFO","logger_name":"org.springframework.data.repository.config.RepositoryConfigurationDelegate","message":"Bootstrapping Spring Data JPA repositories in DEFAULT mode.","service":"fms-core","version":"1.0.0","environment":"default"}
{"@timestamp":"2026-02-25T10:20:28.4631198+05:30","level":"INFO","logger_name":"org.springframework.data.repository.config.RepositoryConfigurationDelegate","message":"Finished Spring Data repository scanning in 389 ms. Found 19 JPA repository interfaces.","service":"fms-core","version":"1.0.0","environment":"default"}
{"@timestamp":"2026-02-25T10:20:28.9901217+05:30","level":"INFO","logger_name":"org.hibernate.engine.transaction.jta.platform.internal.JtaPlatformInitiator","message":"HHH000489: No JTA platform available (set 'hibernate.transaction.jta.platform' to enable JTA platform integration)","service":"fms-core","version":"1.0.0","environment":"default"}
{"@timestamp":"2026-02-25T10:20:29.0341182+05:30","level":"INFO","logger_name":"org.springframework.orm.jpa.LocalContainerEntityManagerFactoryBean","message":"Initialized JPA EntityManagerFactory for persistence unit 'default'","service":"fms-core","version":"1.0.0","environment":"default"}
{"@timestamp":"2026-02-25T10:20:29.1121228+05:30","level":"INFO","logger_name":"org.springframework.cloud.context.scope.GenericScope","message":"BeanFactory id=a34aabd1-1edc-3721-b029-38a30be4cc91","service":"fms-core","version":"1.0.0","environment":"default"}
{"@timestamp":"2026-02-25T10:20:30.3093187+05:30","level":"INFO","logger_name":"org.springframework.boot.web.embedded.tomcat.TomcatWebServer","message":"Tomcat initialized with port 8084 (http)","service":"fms-core","version":"1.0.0","environment":"default"}
{"@timestamp":"2026-02-25T10:20:30.3123184+05:30","level":"INFO","logger_name":"org.apache.catalina.core.StandardService","message":"Starting service [Tomcat]","service":"fms-core","version":"1.0.0","environment":"default"}
{"@timestamp":"2026-02-25T10:20:30.3143169+05:30","level":"INFO","logger_name":"org.apache.catalina.core.StandardEngine","message":"Starting Servlet engine: [Apache Tomcat/10.1.39]","service":"fms-core","version":"1.0.0","environment":"default"}
{"@timestamp":"2026-02-25T10:20:30.4633173+05:30","level":"INFO","logger_name":"org.apache.catalina.core.ContainerBase.[Tomcat-1].[localhost].[/fms-core-service]","message":"Initializing Spring embedded WebApplicationContext","service":"fms-core","version":"1.0.0","environment":"default"}
{"@timestamp":"2026-02-25T10:20:30.464319+05:30","level":"INFO","logger_name":"org.springframework.boot.web.servlet.context.ServletWebServerApplicationContext","message":"Root WebApplicationContext: initialization completed in 8817 ms","service":"fms-core","version":"1.0.0","environment":"default"}
{"@timestamp":"2026-02-25T10:20:32.9173156+05:30","level":"INFO","logger_name":"com.zaxxer.hikari.HikariDataSource","message":"HikariPool-5 - Starting...","service":"fms-core","version":"1.0.0","environment":"default"}
{"@timestamp":"2026-02-25T10:20:32.926315+05:30","level":"INFO","logger_name":"com.zaxxer.hikari.pool.HikariPool","message":"HikariPool-5 - Added connection com.mysql.cj.jdbc.ConnectionImpl@10ff1667","service":"fms-core","version":"1.0.0","environment":"default"}
{"@timestamp":"2026-02-25T10:20:32.926315+05:30","level":"INFO","logger_name":"com.zaxxer.hikari.HikariDataSource","message":"HikariPool-5 - Start completed.","service":"fms-core","version":"1.0.0","environment":"default"}
{"@timestamp":"2026-02-25T10:20:32.9283156+05:30","level":"INFO","logger_name":"org.hibernate.jpa.internal.util.LogHelper","message":"HHH000204: Processing PersistenceUnitInfo [name: default]","service":"fms-core","version":"1.0.0","environment":"default"}
{"@timestamp":"2026-02-25T10:20:32.9363187+05:30","level":"INFO","logger_name":"org.hibernate.cache.internal.RegionFactoryInitiator","message":"HHH000026: Second-level cache disabled","service":"fms-core","version":"1.0.0","environment":"default"}
{"@timestamp":"2026-02-25T10:20:32.9583175+05:30","level":"INFO","logger_name":"org.springframework.orm.jpa.persistenceunit.SpringPersistenceUnitInfo","message":"No LoadTimeWeaver setup: ignoring JPA class transformer","service":"fms-core","version":"1.0.0","environment":"default"}
{"@timestamp":"2026-02-25T10:20:32.9623167+05:30","level":"INFO","logger_name":"org.hibernate.orm.connections.pooling","message":"HHH10001005: Database info:\n\tDatabase JDBC URL [Connecting through datasource 'HikariDataSource (HikariPool-5)']\n\tDatabase driver: undefined/unknown\n\tDatabase version: 8.1\n\tAutocommit mode: undefined/unknown\n\tIsolation level: undefined/unknown\n\tMinimum pool size: undefined/unknown\n\tMaximum pool size: undefined/unknown","service":"fms-core","version":"1.0.0","environment":"default"}
{"@timestamp":"2026-02-25T10:20:36.3913186+05:30","level":"INFO","logger_name":"org.hibernate.engine.transaction.jta.platform.internal.JtaPlatformInitiator","message":"HHH000489: No JTA platform available (set 'hibernate.transaction.jta.platform' to enable JTA platform integration)","service":"fms-core","version":"1.0.0","environment":"default"}
{"@timestamp":"2026-02-25T10:20:36.4153168+05:30","level":"INFO","logger_name":"org.springframework.orm.jpa.LocalContainerEntityManagerFactoryBean","message":"Initialized JPA EntityManagerFactory for persistence unit 'default'","service":"fms-core","version":"1.0.0","environment":"default"}
{"@timestamp":"2026-02-25T10:20:36.5573219+05:30","level":"WARN","logger_name":"org.springframework.boot.autoconfigure.orm.jpa.JpaBaseConfiguration$JpaWebConfiguration","message":"spring.jpa.open-in-view is enabled by default. Therefore, database queries may be performed during view rendering. Explicitly configure spring.jpa.open-in-view to disable this warning","service":"fms-core","version":"1.0.0","environment":"default"}
{"@timestamp":"2026-02-25T10:20:36.6213112+05:30","level":"INFO","logger_name":"org.springframework.validation.beanvalidation.OptionalValidatorFactoryBean","message":"Failed to set up a Bean Validation provider: jakarta.validation.NoProviderFoundException: Unable to create a Configuration, because no Jakarta Bean Validation provider could be found. Add a provider like Hibernate Validator (RI) to your classpath.","service":"fms-core","version":"1.0.0","environment":"default"}
{"@timestamp":"2026-02-25T10:20:38.6663192+05:30","level":"INFO","logger_name":"org.springframework.cloud.commons.util.InetUtils","message":"Cannot determine local hostname","service":"fms-core","version":"1.0.0","environment":"default"}
{"@timestamp":"2026-02-25T10:20:38.8963148+05:30","level":"WARN","logger_name":"org.springframework.boot.autoconfigure.orm.jpa.JpaBaseConfiguration$JpaWebConfiguration","message":"spring.jpa.open-in-view is enabled by default. Therefore, database queries may be performed during view rendering. Explicitly configure spring.jpa.open-in-view to disable this warning","service":"fms-core","version":"1.0.0","environment":"default"}
{"@timestamp":"2026-02-25T10:20:38.9773142+05:30","level":"INFO","logger_name":"org.springframework.validation.beanvalidation.OptionalValidatorFactoryBean","message":"Failed to set up a Bean Validation provider: jakarta.validation.NoProviderFoundException: Unable to create a Configuration, because no Jakarta Bean Validation provider could be found. Add a provider like Hibernate Validator (RI) to your classpath.","service":"fms-core","version":"1.0.0","environment":"default"}
{"@timestamp":"2026-02-25T10:20:39.9983112+05:30","level":"WARN","logger_name":"org.springframework.boot.devtools.autoconfigure.OptionalLiveReloadServer","message":"Unable to start LiveReload server","service":"fms-core","version":"1.0.0","environment":"default"}
{"@timestamp":"2026-02-25T10:20:40.8903071+05:30","level":"INFO","logger_name":"org.springframework.cloud.commons.util.InetUtils","message":"Cannot determine local hostname","service":"fms-core","version":"1.0.0","environment":"default"}
{"@timestamp":"2026-02-25T10:20:41.115309+05:30","level":"INFO","logger_name":"org.springframework.cloud.commons.util.InetUtils","message":"Cannot determine local hostname","service":"fms-core","version":"1.0.0","environment":"default"}
{"@timestamp":"2026-02-25T10:20:41.2013067+05:30","level":"INFO","logger_name":"org.springframework.cloud.netflix.eureka.config.DiscoveryClientOptionalArgsConfiguration","message":"Eureka HTTP Client uses RestTemplate.","service":"fms-core","version":"1.0.0","environment":"default"}
{"@timestamp":"2026-02-25T10:20:41.4253058+05:30","level":"WARN","logger_name":"org.springframework.cloud.loadbalancer.config.LoadBalancerCacheAutoConfiguration$LoadBalancerCaffeineWarnLogger","message":"Spring Cloud LoadBalancer is currently working with the default cache. While this cache implementation is useful for development and tests, it's recommended to use Caffeine cache in production.You can switch to using Caffeine cache, by adding it and org.springframework.cache.caffeine.CaffeineCacheManager to the classpath.","service":"fms-core","version":"1.0.0","environment":"default"}
{"@timestamp":"2026-02-25T10:20:41.4773257+05:30","level":"INFO","logger_name":"org.springframework.boot.actuate.endpoint.web.EndpointLinksResolver","message":"Exposing 6 endpoints beneath base path '/actuator'","service":"fms-core","version":"1.0.0","environment":"default"}
{"@timestamp":"2026-02-25T10:20:41.710309+05:30","level":"INFO","logger_name":"org.springframework.messaging.simp.broker.SimpleBrokerMessageHandler","message":"Starting...","service":"fms-core","version":"1.0.0","environment":"default"}
{"@timestamp":"2026-02-25T10:20:41.710309+05:30","level":"INFO","logger_name":"org.springframework.messaging.simp.broker.SimpleBrokerMessageHandler","message":"BrokerAvailabilityEvent[available=true, SimpleBrokerMessageHandler [org.springframework.messaging.simp.broker.DefaultSubscriptionRegistry@3cfebd8]]","service":"fms-core","version":"1.0.0","environment":"default"}
{"@timestamp":"2026-02-25T10:20:41.710309+05:30","level":"INFO","logger_name":"org.springframework.messaging.simp.broker.SimpleBrokerMessageHandler","message":"Started.","service":"fms-core","version":"1.0.0","environment":"default"}
{"@timestamp":"2026-02-25T10:20:41.7643069+05:30","level":"INFO","logger_name":"org.springframework.cloud.netflix.eureka.InstanceInfoFactory","message":"Setting initial instance status as: STARTING","service":"fms-core","version":"1.0.0","environment":"default"}
{"@timestamp":"2026-02-25T10:20:41.7723059+05:30","level":"INFO","logger_name":"com.netflix.discovery.DiscoveryClient","message":"Initializing Eureka in region us-east-1","service":"fms-core","version":"1.0.0","environment":"default"}
{"@timestamp":"2026-02-25T10:20:41.7723059+05:30","level":"INFO","logger_name":"com.netflix.discovery.shared.resolver.aws.ConfigClusterResolver","message":"Resolving eureka endpoints via configuration","service":"fms-core","version":"1.0.0","environment":"default"}
{"@timestamp":"2026-02-25T10:20:41.7723059+05:30","level":"INFO","logger_name":"com.netflix.discovery.DiscoveryClient","message":"Disable delta property : false","service":"fms-core","version":"1.0.0","environment":"default"}
{"@timestamp":"2026-02-25T10:20:41.7733058+05:30","level":"INFO","logger_name":"com.netflix.discovery.DiscoveryClient","message":"Single vip registry refresh property : null","service":"fms-core","version":"1.0.0","environment":"default"}
{"@timestamp":"2026-02-25T10:20:41.7733058+05:30","level":"INFO","logger_name":"com.netflix.discovery.DiscoveryClient","message":"Force full registry fetch : false","service":"fms-core","version":"1.0.0","environment":"default"}
{"@timestamp":"2026-02-25T10:20:41.7733058+05:30","level":"INFO","logger_name":"com.netflix.discovery.DiscoveryClient","message":"Application is null : false","service":"fms-core","version":"1.0.0","environment":"default"}
{"@timestamp":"2026-02-25T10:20:41.7733058+05:30","level":"INFO","logger_name":"com.netflix.discovery.DiscoveryClient","message":"Registered Applications size is zero : true","service":"fms-core","version":"1.0.0","environment":"default"}
{"@timestamp":"2026-02-25T10:20:41.7733058+05:30","level":"INFO","logger_name":"com.netflix.discovery.DiscoveryClient","message":"Application version is -1: true","service":"fms-core","version":"1.0.0","environment":"default"}
{"@timestamp":"2026-02-25T10:20:41.7733058+05:30","level":"INFO","logger_name":"com.netflix.discovery.DiscoveryClient","message":"Getting all instance registry info from the eureka server","service":"fms-core","version":"1.0.0","environment":"default"}
{"@timestamp":"2026-02-25T10:20:41.8813074+05:30","level":"INFO","logger_name":"com.netflix.discovery.DiscoveryClient","message":"The response status is 200","service":"fms-core","version":"1.0.0","environment":"default"}
{"@timestamp":"2026-02-25T10:20:41.8823067+05:30","level":"INFO","logger_name":"com.netflix.discovery.DiscoveryClient","message":"Starting heartbeat executor: renew interval is: 30","service":"fms-core","version":"1.0.0","environment":"default"}
{"@timestamp":"2026-02-25T10:20:41.8833109+05:30","level":"INFO","logger_name":"com.netflix.discovery.InstanceInfoReplicator","message":"InstanceInfoReplicator onDemand update allowed rate per min is 4","service":"fms-core","version":"1.0.0","environment":"default"}
{"@timestamp":"2026-02-25T10:20:41.8843074+05:30","level":"INFO","logger_name":"com.netflix.discovery.DiscoveryClient","message":"Discovery Client initialized at timestamp 1771995041884 with initial instances count: 4","service":"fms-core","version":"1.0.0","environment":"default"}
{"@timestamp":"2026-02-25T10:20:41.8993073+05:30","level":"INFO","logger_name":"org.springframework.cloud.netflix.eureka.serviceregistry.EurekaServiceRegistry","message":"Registering application FMS_CORE with eureka with status UP","service":"fms-core","version":"1.0.0","environment":"default"}
{"@timestamp":"2026-02-25T10:20:41.8993073+05:30","level":"INFO","logger_name":"com.netflix.discovery.DiscoveryClient","message":"Saw local status change event StatusChangeEvent [timestamp=1771995041899, current=UP, previous=STARTING]","service":"fms-core","version":"1.0.0","environment":"default"}
{"@timestamp":"2026-02-25T10:20:41.9513306+05:30","level":"INFO","logger_name":"org.springframework.boot.web.embedded.tomcat.TomcatWebServer","message":"Tomcat started on port 8084 (http) with context path '/fms-core-service'","service":"fms-core","version":"1.0.0","environment":"default"}
{"@timestamp":"2026-02-25T10:20:41.9543126+05:30","level":"INFO","logger_name":"org.springframework.cloud.netflix.eureka.serviceregistry.EurekaAutoServiceRegistration","message":"Updating port to 8084","service":"fms-core","version":"1.0.0","environment":"default"}
{"@timestamp":"2026-02-25T10:20:42.4143033+05:30","level":"INFO","logger_name":"com.netflix.discovery.DiscoveryClient","message":"DiscoveryClient_FMS_CORE/localhost:fms_core:8084: registering service...","service":"fms-core","version":"1.0.0","environment":"default"}
{"@timestamp":"2026-02-25T10:20:42.4503101+05:30","level":"INFO","logger_name":"com.netflix.discovery.DiscoveryClient","message":"DiscoveryClient_FMS_CORE/localhost:fms_core:8084 - registration status: 204","service":"fms-core","version":"1.0.0","environment":"default"}
{"@timestamp":"2026-02-25T10:20:42.637308+05:30","level":"WARN","logger_name":"org.springframework.boot.web.servlet.context.AnnotationConfigServletWebServerApplicationContext","message":"Exception encountered during context initialization - cancelling refresh attempt: org.springframework.beans.factory.BeanCreationException: Error creating bean with name 'springApplicationAdminRegistrar' defined in class path resource [org/springframework/boot/autoconfigure/admin/SpringApplicationAdminJmxAutoConfiguration.class]: org.springframework.boot:type=Admin,name=SpringApplication","service":"fms-core","version":"1.0.0","environment":"default"}
{"@timestamp":"2026-02-25T10:20:42.6443032+05:30","level":"INFO","logger_name":"org.springframework.orm.jpa.LocalContainerEntityManagerFactoryBean","message":"Closing JPA EntityManagerFactory for persistence unit 'default'","service":"fms-core","version":"1.0.0","environment":"default"}
{"@timestamp":"2026-02-25T10:20:42.645306+05:30","level":"INFO","logger_name":"com.zaxxer.hikari.HikariDataSource","message":"HikariPool-5 - Shutdown initiated...","service":"fms-core","version":"1.0.0","environment":"default"}
{"@timestamp":"2026-02-25T10:20:42.7143059+05:30","level":"INFO","logger_name":"com.zaxxer.hikari.HikariDataSource","message":"HikariPool-5 - Shutdown completed.","service":"fms-core","version":"1.0.0","environment":"default"}
{"@timestamp":"2026-02-25T10:20:42.7163108+05:30","level":"INFO","logger_name":"org.apache.catalina.core.StandardService","message":"Stopping service [Tomcat]","service":"fms-core","version":"1.0.0","environment":"default"}
{"@timestamp":"2026-02-25T10:20:42.7363035+05:30","level":"INFO","logger_name":"org.springframework.boot.autoconfigure.logging.ConditionEvaluationReportLogger","message":"\r\n\r\nError starting ApplicationContext. To display the condition evaluation report re-run your application with 'debug' enabled.","service":"fms-core","version":"1.0.0","environment":"default"}
{"@timestamp":"2026-02-25T10:20:42.7443075+05:30","level":"ERROR","logger_name":"org.springframework.boot.SpringApplication","message":"Application run failed","service":"fms-core","version":"1.0.0","environment":"default"}
{"@timestamp":"2026-02-25T10:20:42.9723073+05:30","level":"INFO","logger_name":"org.springframework.cloud.commons.util.InetUtils","message":"Cannot determine local hostname","service":"fms-core","version":"1.0.0","environment":"default"}
{"@timestamp":"2026-02-25T10:20:42.9983035+05:30","level":"INFO","logger_name":"net.com.fms_core.FmsCoreApplication","message":"Started FmsCoreApplication in 27.636 seconds (process running for 2630.172)","service":"fms-core","version":"1.0.0","environment":"default"}
{"@timestamp":"2026-02-25T10:20:43.7423047+05:30","level":"INFO","logger_name":"org.drools.compiler.kie.builder.impl.KieContainerImpl","message":"Start creation of KieBase: defaultKieBase","service":"fms-core","version":"1.0.0","environment":"default"}
{"@timestamp":"2026-02-25T10:20:43.7643032+05:30","level":"INFO","logger_name":"org.drools.compiler.kie.builder.impl.KieContainerImpl","message":"End creation of KieBase: defaultKieBase","service":"fms-core","version":"1.0.0","environment":"default"}
{"@timestamp":"2026-02-25T10:20:43.7673119+05:30","level":"ERROR","logger_name":"net.com.fms_core.config.SocketListener","message":"❌ Error in FMS Receiver: Address already in use: bind","service":"fms-core","version":"1.0.0","environment":"default"}
{"@timestamp":"2026-02-25T10:20:43.7763047+05:30","level":"INFO","logger_name":"org.springframework.boot.devtools.autoconfigure.ConditionEvaluationDeltaLoggingListener","message":"Condition evaluation unchanged","service":"fms-core","version":"1.0.0","environment":"default"}
{"@timestamp":"2026-02-25T10:21:41.6462461+05:30","level":"INFO","logger_name":"org.springframework.web.socket.config.WebSocketMessageBrokerStats","message":"WebSocketSession[0 current WS(0)-HttpStream(0)-HttpPoll(0), 0 total, 0 closed abnormally (0 connect failure, 0 send limit, 0 transport error)], stompSubProtocol[processed CONNECT(0)-CONNECTED(0)-DISCONNECT(0)], stompBrokerRelay[null], inboundChannel[pool size = 0, active threads = 0, queued tasks = 0, completed tasks = 0], outboundChannel[pool size = 0, active threads = 0, queued tasks = 0, completed tasks = 0], sockJsScheduler[pool size = 1, active threads = 1, queued tasks = 0, completed tasks = 0]","service":"fms-core","version":"1.0.0","environment":"default"}
{"@timestamp":"2026-02-25T10:21:56.6842296+05:30","level":"INFO","logger_name":"org.springframework.orm.jpa.LocalContainerEntityManagerFactoryBean","message":"Closing JPA EntityManagerFactory for persistence unit 'default'","service":"fms-core","version":"1.0.0","environment":"default"}
{"@timestamp":"2026-02-25T10:21:56.686232+05:30","level":"INFO","logger_name":"com.zaxxer.hikari.HikariDataSource","message":"HikariPool-4 - Shutdown initiated...","service":"fms-core","version":"1.0.0","environment":"default"}
{"@timestamp":"2026-02-25T10:21:56.7832302+05:30","level":"INFO","logger_name":"com.zaxxer.hikari.HikariDataSource","message":"HikariPool-4 - Shutdown completed.","service":"fms-core","version":"1.0.0","environment":"default"}
{"@timestamp":"2026-02-25T10:21:56.7842301+05:30","level":"INFO","logger_name":"com.netflix.discovery.DiscoveryClient","message":"Shutting down DiscoveryClient ...","service":"fms-core","version":"1.0.0","environment":"default"}
{"@timestamp":"2026-02-25T10:21:57.6642288+05:30","level":"INFO","logger_name":"org.springframework.cloud.commons.util.InetUtils","message":"Cannot determine local hostname","service":"fms-core","version":"1.0.0","environment":"default"}
{"@timestamp":"2026-02-25T10:21:57.6702316+05:30","level":"INFO","logger_name":"org.springframework.boot.devtools.env.DevToolsPropertyDefaultsPostProcessor","message":"Devtools property defaults active! Set 'spring.devtools.add-properties' to 'false' to disable","service":"fms-core","version":"1.0.0","environment":"default"}
{"@timestamp":"2026-02-25T10:21:57.6712335+05:30","level":"INFO","logger_name":"org.springframework.boot.devtools.env.DevToolsPropertyDefaultsPostProcessor","message":"For additional web related logging consider setting the 'logging.level.web' property to 'DEBUG'","service":"fms-core","version":"1.0.0","environment":"default"}
{"@timestamp":"2026-02-25T10:21:58.8522321+05:30","level":"INFO","logger_name":"net.com.fms_core.FmsCoreApplication","message":"Starting FmsCoreApplication using Java 21.0.2 with PID 28148 (C:\\Users\\kavinda_d\\Documents\\e soft\\final project\\project\\fms backend\\fms_core\\target\\classes started by kavinda_d in C:\\Users\\kavinda_d\\Documents\\e soft\\final project\\project\\fms backend)","service":"fms-core","version":"1.0.0","environment":"default"}
{"@timestamp":"2026-02-25T10:21:58.85323+05:30","level":"DEBUG","logger_name":"net.com.fms_core.FmsCoreApplication","message":"Running with Spring Boot v3.4.4, Spring v6.2.5","service":"fms-core","version":"1.0.0","environment":"default"}
{"@timestamp":"2026-02-25T10:21:58.85323+05:30","level":"INFO","logger_name":"net.com.fms_core.FmsCoreApplication","message":"The following 1 profile is active: \"dev\"","service":"fms-core","version":"1.0.0","environment":"default"}
{"@timestamp":"2026-02-25T10:21:58.8562295+05:30","level":"INFO","logger_name":"org.springframework.cloud.config.client.ConfigServerConfigDataLoader","message":"Fetching config from server at : http://localhost:8888","service":"fms-core","version":"1.0.0","environment":"default"}
{"@timestamp":"2026-02-25T10:21:58.8562295+05:30","level":"INFO","logger_name":"org.springframework.cloud.config.client.ConfigServerConfigDataLoader","message":"Located environment: name=fms_core, profiles=[dev], label=null, version=null, state=null","service":"fms-core","version":"1.0.0","environment":"default"}
{"@timestamp":"2026-02-25T10:21:59.8332275+05:30","level":"INFO","logger_name":"com.netflix.discovery.DiscoveryClient","message":"Unregistering ...","service":"fms-core","version":"1.0.0","environment":"default"}
{"@timestamp":"2026-02-25T10:21:59.848234+05:30","level":"INFO","logger_name":"com.netflix.discovery.DiscoveryClient","message":"DiscoveryClient_FMS_CORE/localhost:fms_core:8084 - deregister  status: 200","service":"fms-core","version":"1.0.0","environment":"default"}
{"@timestamp":"2026-02-25T10:21:59.848234+05:30","level":"INFO","logger_name":"com.netflix.discovery.DiscoveryClient","message":"Completed shut down of DiscoveryClient","service":"fms-core","version":"1.0.0","environment":"default"}
{"@timestamp":"2026-02-25T10:22:02.860225+05:30","level":"INFO","logger_name":"net.com.fms_core.FmsCoreApplication","message":"Starting FmsCoreApplication using Java 21.0.2 with PID 28148 (C:\\Users\\kavinda_d\\Documents\\e soft\\final project\\project\\fms backend\\fms_core\\target\\classes started by kavinda_d in C:\\Users\\kavinda_d\\Documents\\e soft\\final project\\project\\fms backend)","service":"fms-core","version":"1.0.0","environment":"default"}
{"@timestamp":"2026-02-25T10:22:02.8612262+05:30","level":"DEBUG","logger_name":"net.com.fms_core.FmsCoreApplication","message":"Running with Spring Boot v3.4.4, Spring v6.2.5","service":"fms-core","version":"1.0.0","environment":"default"}
{"@timestamp":"2026-02-25T10:22:02.8612262+05:30","level":"INFO","logger_name":"net.com.fms_core.FmsCoreApplication","message":"The following 1 profile is active: \"dev\"","service":"fms-core","version":"1.0.0","environment":"default"}
{"@timestamp":"2026-02-25T10:22:02.864224+05:30","level":"INFO","logger_name":"org.springframework.cloud.config.client.ConfigServerConfigDataLoader","message":"Fetching config from server at : http://localhost:8888","service":"fms-core","version":"1.0.0","environment":"default"}
{"@timestamp":"2026-02-25T10:22:02.864224+05:30","level":"INFO","logger_name":"org.springframework.cloud.config.client.ConfigServerConfigDataLoader","message":"Located environment: name=fms_core, profiles=[dev], label=null, version=null, state=null","service":"fms-core","version":"1.0.0","environment":"default"}
{"@timestamp":"2026-02-25T10:22:03.0142285+05:30","level":"INFO","logger_name":"com.zaxxer.hikari.HikariDataSource","message":"HikariPool-6 - Starting...","service":"fms-core","version":"1.0.0","environment":"default"}
{"@timestamp":"2026-02-25T10:22:03.0242251+05:30","level":"INFO","logger_name":"com.zaxxer.hikari.pool.HikariPool","message":"HikariPool-6 - Added connection com.mysql.cj.jdbc.ConnectionImpl@33e0cbfe","service":"fms-core","version":"1.0.0","environment":"default"}
{"@timestamp":"2026-02-25T10:22:03.0242251+05:30","level":"INFO","logger_name":"com.zaxxer.hikari.HikariDataSource","message":"HikariPool-6 - Start completed.","service":"fms-core","version":"1.0.0","environment":"default"}
{"@timestamp":"2026-02-25T10:22:03.0262269+05:30","level":"INFO","logger_name":"org.hibernate.jpa.internal.util.LogHelper","message":"HHH000204: Processing PersistenceUnitInfo [name: default]","service":"fms-core","version":"1.0.0","environment":"default"}
{"@timestamp":"2026-02-25T10:22:03.0322433+05:30","level":"INFO","logger_name":"org.hibernate.cache.internal.RegionFactoryInitiator","message":"HHH000026: Second-level cache disabled","service":"fms-core","version":"1.0.0","environment":"default"}
{"@timestamp":"2026-02-25T10:22:03.0512281+05:30","level":"INFO","logger_name":"org.springframework.orm.jpa.persistenceunit.SpringPersistenceUnitInfo","message":"No LoadTimeWeaver setup: ignoring JPA class transformer","service":"fms-core","version":"1.0.0","environment":"default"}
{"@timestamp":"2026-02-25T10:22:03.0552269+05:30","level":"INFO","logger_name":"org.hibernate.orm.connections.pooling","message":"HHH10001005: Database info:\n\tDatabase JDBC URL [Connecting through datasource 'HikariDataSource (HikariPool-6)']\n\tDatabase driver: undefined/unknown\n\tDatabase version: 8.1\n\tAutocommit mode: undefined/unknown\n\tIsolation level: undefined/unknown\n\tMinimum pool size: undefined/unknown\n\tMaximum pool size: undefined/unknown","service":"fms-core","version":"1.0.0","environment":"default"}
{"@timestamp":"2026-02-25T10:22:05.2032275+05:30","level":"INFO","logger_name":"org.hibernate.engine.transaction.jta.platform.internal.JtaPlatformInitiator","message":"HHH000489: No JTA platform available (set 'hibernate.transaction.jta.platform' to enable JTA platform integration)","service":"fms-core","version":"1.0.0","environment":"default"}
{"@timestamp":"2026-02-25T10:22:05.2202229+05:30","level":"INFO","logger_name":"org.springframework.data.repository.config.RepositoryConfigurationDelegate","message":"Bootstrapping Spring Data JPA repositories in DEFAULT mode.","service":"fms-core","version":"1.0.0","environment":"default"}
{"@timestamp":"2026-02-25T10:22:05.2402256+05:30","level":"INFO","logger_name":"org.springframework.orm.jpa.LocalContainerEntityManagerFactoryBean","message":"Initialized JPA EntityManagerFactory for persistence unit 'default'","service":"fms-core","version":"1.0.0","environment":"default"}
{"@timestamp":"2026-02-25T10:22:05.4922266+05:30","level":"INFO","logger_name":"org.springframework.data.repository.config.RepositoryConfigurationDelegate","message":"Finished Spring Data repository scanning in 269 ms. Found 19 JPA repository interfaces.","service":"fms-core","version":"1.0.0","environment":"default"}
{"@timestamp":"2026-02-25T10:22:06.1522261+05:30","level":"INFO","logger_name":"org.springframework.cloud.context.scope.GenericScope","message":"BeanFactory id=a34aabd1-1edc-3721-b029-38a30be4cc91","service":"fms-core","version":"1.0.0","environment":"default"}
{"@timestamp":"2026-02-25T10:22:06.7942191+05:30","level":"INFO","logger_name":"org.springframework.boot.web.embedded.tomcat.TomcatWebServer","message":"Tomcat initialized with port 8084 (http)","service":"fms-core","version":"1.0.0","environment":"default"}
{"@timestamp":"2026-02-25T10:22:06.7952202+05:30","level":"INFO","logger_name":"org.apache.catalina.core.StandardService","message":"Starting service [Tomcat]","service":"fms-core","version":"1.0.0","environment":"default"}
{"@timestamp":"2026-02-25T10:22:06.7952202+05:30","level":"INFO","logger_name":"org.apache.catalina.core.StandardEngine","message":"Starting Servlet engine: [Apache Tomcat/10.1.39]","service":"fms-core","version":"1.0.0","environment":"default"}
{"@timestamp":"2026-02-25T10:22:06.9552207+05:30","level":"INFO","logger_name":"org.apache.catalina.core.ContainerBase.[Tomcat-2].[localhost].[/fms-core-service]","message":"Initializing Spring embedded WebApplicationContext","service":"fms-core","version":"1.0.0","environment":"default"}
{"@timestamp":"2026-02-25T10:22:06.9552207+05:30","level":"INFO","logger_name":"org.springframework.boot.web.servlet.context.ServletWebServerApplicationContext","message":"Root WebApplicationContext: initialization completed in 4091 ms","service":"fms-core","version":"1.0.0","environment":"default"}
{"@timestamp":"2026-02-25T10:22:07.5832232+05:30","level":"INFO","logger_name":"com.zaxxer.hikari.HikariDataSource","message":"HikariPool-7 - Starting...","service":"fms-core","version":"1.0.0","environment":"default"}
{"@timestamp":"2026-02-25T10:22:07.5892237+05:30","level":"INFO","logger_name":"com.zaxxer.hikari.pool.HikariPool","message":"HikariPool-7 - Added connection com.mysql.cj.jdbc.ConnectionImpl@697819e4","service":"fms-core","version":"1.0.0","environment":"default"}
{"@timestamp":"2026-02-25T10:22:07.5892237+05:30","level":"INFO","logger_name":"com.zaxxer.hikari.HikariDataSource","message":"HikariPool-7 - Start completed.","service":"fms-core","version":"1.0.0","environment":"default"}
{"@timestamp":"2026-02-25T10:22:07.5912233+05:30","level":"INFO","logger_name":"org.hibernate.jpa.internal.util.LogHelper","message":"HHH000204: Processing PersistenceUnitInfo [name: default]","service":"fms-core","version":"1.0.0","environment":"default"}
{"@timestamp":"2026-02-25T10:22:07.5972222+05:30","level":"INFO","logger_name":"org.hibernate.cache.internal.RegionFactoryInitiator","message":"HHH000026: Second-level cache disabled","service":"fms-core","version":"1.0.0","environment":"default"}
{"@timestamp":"2026-02-25T10:22:07.6162207+05:30","level":"INFO","logger_name":"org.springframework.orm.jpa.persistenceunit.SpringPersistenceUnitInfo","message":"No LoadTimeWeaver setup: ignoring JPA class transformer","service":"fms-core","version":"1.0.0","environment":"default"}
{"@timestamp":"2026-02-25T10:22:07.6192215+05:30","level":"INFO","logger_name":"org.hibernate.orm.connections.pooling","message":"HHH10001005: Database info:\n\tDatabase JDBC URL [Connecting through datasource 'HikariDataSource (HikariPool-7)']\n\tDatabase driver: undefined/unknown\n\tDatabase version: 8.1\n\tAutocommit mode: undefined/unknown\n\tIsolation level: undefined/unknown\n\tMinimum pool size: undefined/unknown\n\tMaximum pool size: undefined/unknown","service":"fms-core","version":"1.0.0","environment":"default"}
{"@timestamp":"2026-02-25T10:22:08.4442213+05:30","level":"WARN","logger_name":"org.springframework.boot.autoconfigure.orm.jpa.JpaBaseConfiguration$JpaWebConfiguration","message":"spring.jpa.open-in-view is enabled by default. Therefore, database queries may be performed during view rendering. Explicitly configure spring.jpa.open-in-view to disable this warning","service":"fms-core","version":"1.0.0","environment":"default"}
{"@timestamp":"2026-02-25T10:22:08.5222199+05:30","level":"INFO","logger_name":"org.springframework.validation.beanvalidation.OptionalValidatorFactoryBean","message":"Failed to set up a Bean Validation provider: jakarta.validation.NoProviderFoundException: Unable to create a Configuration, because no Jakarta Bean Validation provider could be found. Add a provider like Hibernate Validator (RI) to your classpath.","service":"fms-core","version":"1.0.0","environment":"default"}
{"@timestamp":"2026-02-25T10:22:08.714222+05:30","level":"INFO","logger_name":"org.hibernate.engine.transaction.jta.platform.internal.JtaPlatformInitiator","message":"HHH000489: No JTA platform available (set 'hibernate.transaction.jta.platform' to enable JTA platform integration)","service":"fms-core","version":"1.0.0","environment":"default"}
{"@timestamp":"2026-02-25T10:22:08.7422197+05:30","level":"INFO","logger_name":"org.springframework.orm.jpa.LocalContainerEntityManagerFactoryBean","message":"Initialized JPA EntityManagerFactory for persistence unit 'default'","service":"fms-core","version":"1.0.0","environment":"default"}
{"@timestamp":"2026-02-25T10:22:10.400219+05:30","level":"INFO","logger_name":"org.springframework.cloud.commons.util.InetUtils","message":"Cannot determine local hostname","service":"fms-core","version":"1.0.0","environment":"default"}
{"@timestamp":"2026-02-25T10:22:11.8742154+05:30","level":"WARN","logger_name":"org.springframework.boot.autoconfigure.orm.jpa.JpaBaseConfiguration$JpaWebConfiguration","message":"spring.jpa.open-in-view is enabled by default. Therefore, database queries may be performed during view rendering. Explicitly configure spring.jpa.open-in-view to disable this warning","service":"fms-core","version":"1.0.0","environment":"default"}
{"@timestamp":"2026-02-25T10:22:11.9242194+05:30","level":"INFO","logger_name":"org.springframework.validation.beanvalidation.OptionalValidatorFactoryBean","message":"Failed to set up a Bean Validation provider: jakarta.validation.NoProviderFoundException: Unable to create a Configuration, because no Jakarta Bean Validation provider could be found. Add a provider like Hibernate Validator (RI) to your classpath.","service":"fms-core","version":"1.0.0","environment":"default"}
{"@timestamp":"2026-02-25T10:22:12.2142167+05:30","level":"WARN","logger_name":"org.springframework.boot.devtools.autoconfigure.OptionalLiveReloadServer","message":"Unable to start LiveReload server","service":"fms-core","version":"1.0.0","environment":"default"}
{"@timestamp":"2026-02-25T10:22:13.2602234+05:30","level":"INFO","logger_name":"org.springframework.cloud.commons.util.InetUtils","message":"Cannot determine local hostname","service":"fms-core","version":"1.0.0","environment":"default"}
{"@timestamp":"2026-02-25T10:22:13.3552162+05:30","level":"INFO","logger_name":"org.springframework.cloud.netflix.eureka.config.DiscoveryClientOptionalArgsConfiguration","message":"Eureka HTTP Client uses RestTemplate.","service":"fms-core","version":"1.0.0","environment":"default"}
{"@timestamp":"2026-02-25T10:22:13.4812165+05:30","level":"WARN","logger_name":"org.springframework.cloud.loadbalancer.config.LoadBalancerCacheAutoConfiguration$LoadBalancerCaffeineWarnLogger","message":"Spring Cloud LoadBalancer is currently working with the default cache. While this cache implementation is useful for development and tests, it's recommended to use Caffeine cache in production.You can switch to using Caffeine cache, by adding it and org.springframework.cache.caffeine.CaffeineCacheManager to the classpath.","service":"fms-core","version":"1.0.0","environment":"default"}
{"@timestamp":"2026-02-25T10:22:13.5022183+05:30","level":"INFO","logger_name":"org.springframework.boot.actuate.endpoint.web.EndpointLinksResolver","message":"Exposing 6 endpoints beneath base path '/actuator'","service":"fms-core","version":"1.0.0","environment":"default"}
{"@timestamp":"2026-02-25T10:22:13.630215+05:30","level":"INFO","logger_name":"org.springframework.messaging.simp.broker.SimpleBrokerMessageHandler","message":"Starting...","service":"fms-core","version":"1.0.0","environment":"default"}
{"@timestamp":"2026-02-25T10:22:13.6312152+05:30","level":"INFO","logger_name":"org.springframework.messaging.simp.broker.SimpleBrokerMessageHandler","message":"BrokerAvailabilityEvent[available=true, SimpleBrokerMessageHandler [org.springframework.messaging.simp.broker.DefaultSubscriptionRegistry@36f5ee67]]","service":"fms-core","version":"1.0.0","environment":"default"}
{"@timestamp":"2026-02-25T10:22:13.6312152+05:30","level":"INFO","logger_name":"org.springframework.messaging.simp.broker.SimpleBrokerMessageHandler","message":"Started.","service":"fms-core","version":"1.0.0","environment":"default"}
{"@timestamp":"2026-02-25T10:22:13.6402158+05:30","level":"INFO","logger_name":"org.springframework.cloud.netflix.eureka.InstanceInfoFactory","message":"Setting initial instance status as: STARTING","service":"fms-core","version":"1.0.0","environment":"default"}
{"@timestamp":"2026-02-25T10:22:13.6472139+05:30","level":"INFO","logger_name":"com.netflix.discovery.DiscoveryClient","message":"Initializing Eureka in region us-east-1","service":"fms-core","version":"1.0.0","environment":"default"}
{"@timestamp":"2026-02-25T10:22:13.6472139+05:30","level":"INFO","logger_name":"com.netflix.discovery.shared.resolver.aws.ConfigClusterResolver","message":"Resolving eureka endpoints via configuration","service":"fms-core","version":"1.0.0","environment":"default"}
{"@timestamp":"2026-02-25T10:22:13.6482136+05:30","level":"INFO","logger_name":"com.netflix.discovery.DiscoveryClient","message":"Disable delta property : false","service":"fms-core","version":"1.0.0","environment":"default"}
{"@timestamp":"2026-02-25T10:22:13.6482136+05:30","level":"INFO","logger_name":"com.netflix.discovery.DiscoveryClient","message":"Single vip registry refresh property : null","service":"fms-core","version":"1.0.0","environment":"default"}
{"@timestamp":"2026-02-25T10:22:13.6482136+05:30","level":"INFO","logger_name":"com.netflix.discovery.DiscoveryClient","message":"Force full registry fetch : false","service":"fms-core","version":"1.0.0","environment":"default"}
{"@timestamp":"2026-02-25T10:22:13.6482136+05:30","level":"INFO","logger_name":"com.netflix.discovery.DiscoveryClient","message":"Application is null : false","service":"fms-core","version":"1.0.0","environment":"default"}
{"@timestamp":"2026-02-25T10:22:13.6482136+05:30","level":"INFO","logger_name":"com.netflix.discovery.DiscoveryClient","message":"Registered Applications size is zero : true","service":"fms-core","version":"1.0.0","environment":"default"}
{"@timestamp":"2026-02-25T10:22:13.6482136+05:30","level":"INFO","logger_name":"com.netflix.discovery.DiscoveryClient","message":"Application version is -1: true","service":"fms-core","version":"1.0.0","environment":"default"}
{"@timestamp":"2026-02-25T10:22:13.6492141+05:30","level":"INFO","logger_name":"com.netflix.discovery.DiscoveryClient","message":"Getting all instance registry info from the eureka server","service":"fms-core","version":"1.0.0","environment":"default"}
{"@timestamp":"2026-02-25T10:22:13.6992146+05:30","level":"INFO","logger_name":"com.netflix.discovery.DiscoveryClient","message":"The response status is 200","service":"fms-core","version":"1.0.0","environment":"default"}
{"@timestamp":"2026-02-25T10:22:13.7002157+05:30","level":"INFO","logger_name":"com.netflix.discovery.DiscoveryClient","message":"Starting heartbeat executor: renew interval is: 30","service":"fms-core","version":"1.0.0","environment":"default"}
{"@timestamp":"2026-02-25T10:22:13.701216+05:30","level":"INFO","logger_name":"com.netflix.discovery.InstanceInfoReplicator","message":"InstanceInfoReplicator onDemand update allowed rate per min is 4","service":"fms-core","version":"1.0.0","environment":"default"}
{"@timestamp":"2026-02-25T10:22:13.701216+05:30","level":"INFO","logger_name":"com.netflix.discovery.DiscoveryClient","message":"Discovery Client initialized at timestamp 1771995133701 with initial instances count: 3","service":"fms-core","version":"1.0.0","environment":"default"}
{"@timestamp":"2026-02-25T10:22:13.7152135+05:30","level":"INFO","logger_name":"org.springframework.cloud.netflix.eureka.serviceregistry.EurekaServiceRegistry","message":"Registering application FMS_CORE with eureka with status UP","service":"fms-core","version":"1.0.0","environment":"default"}
{"@timestamp":"2026-02-25T10:22:13.7152135+05:30","level":"INFO","logger_name":"com.netflix.discovery.DiscoveryClient","message":"Saw local status change event StatusChangeEvent [timestamp=1771995133715, current=UP, previous=STARTING]","service":"fms-core","version":"1.0.0","environment":"default"}
{"@timestamp":"2026-02-25T10:22:13.7252138+05:30","level":"INFO","logger_name":"org.springframework.boot.web.embedded.tomcat.TomcatWebServer","message":"Tomcat started on port 8084 (http) with context path '/fms-core-service'","service":"fms-core","version":"1.0.0","environment":"default"}
{"@timestamp":"2026-02-25T10:22:13.7262137+05:30","level":"INFO","logger_name":"org.springframework.cloud.netflix.eureka.serviceregistry.EurekaAutoServiceRegistration","message":"Updating port to 8084","service":"fms-core","version":"1.0.0","environment":"default"}
{"@timestamp":"2026-02-25T10:22:13.730214+05:30","level":"INFO","logger_name":"com.netflix.discovery.DiscoveryClient","message":"DiscoveryClient_FMS_CORE/localhost:fms_core:8084: registering service...","service":"fms-core","version":"1.0.0","environment":"default"}
{"@timestamp":"2026-02-25T10:22:13.7472164+05:30","level":"INFO","logger_name":"com.netflix.discovery.DiscoveryClient","message":"DiscoveryClient_FMS_CORE/localhost:fms_core:8084 - registration status: 204","service":"fms-core","version":"1.0.0","environment":"default"}
{"@timestamp":"2026-02-25T10:22:13.9382114+05:30","level":"INFO","logger_name":"org.springframework.cloud.commons.util.InetUtils","message":"Cannot determine local hostname","service":"fms-core","version":"1.0.0","environment":"default"}
{"@timestamp":"2026-02-25T10:22:14.7732173+05:30","level":"INFO","logger_name":"org.springframework.cloud.commons.util.InetUtils","message":"Cannot determine local hostname","service":"fms-core","version":"1.0.0","environment":"default"}
{"@timestamp":"2026-02-25T10:22:14.8232145+05:30","level":"INFO","logger_name":"net.com.fms_core.FmsCoreApplication","message":"Started FmsCoreApplication in 18.551 seconds (process running for 2721.997)","service":"fms-core","version":"1.0.0","environment":"default"}
{"@timestamp":"2026-02-25T10:22:14.8452159+05:30","level":"WARN","logger_name":"org.springframework.boot.web.servlet.context.AnnotationConfigServletWebServerApplicationContext","message":"Exception encountered during context initialization - cancelling refresh attempt: org.springframework.beans.factory.BeanCreationException: Error creating bean with name 'springApplicationAdminRegistrar' defined in class path resource [org/springframework/boot/autoconfigure/admin/SpringApplicationAdminJmxAutoConfiguration.class]: org.springframework.boot:type=Admin,name=SpringApplication","service":"fms-core","version":"1.0.0","environment":"default"}
{"@timestamp":"2026-02-25T10:22:14.8542183+05:30","level":"INFO","logger_name":"org.springframework.orm.jpa.LocalContainerEntityManagerFactoryBean","message":"Closing JPA EntityManagerFactory for persistence unit 'default'","service":"fms-core","version":"1.0.0","environment":"default"}
{"@timestamp":"2026-02-25T10:22:14.8552442+05:30","level":"INFO","logger_name":"com.zaxxer.hikari.HikariDataSource","message":"HikariPool-7 - Shutdown initiated...","service":"fms-core","version":"1.0.0","environment":"default"}
{"@timestamp":"2026-02-25T10:22:15.1172146+05:30","level":"INFO","logger_name":"com.zaxxer.hikari.HikariDataSource","message":"HikariPool-7 - Shutdown completed.","service":"fms-core","version":"1.0.0","environment":"default"}
{"@timestamp":"2026-02-25T10:22:15.1202231+05:30","level":"INFO","logger_name":"org.apache.catalina.core.StandardService","message":"Stopping service [Tomcat]","service":"fms-core","version":"1.0.0","environment":"default"}
{"@timestamp":"2026-02-25T10:22:15.1382142+05:30","level":"INFO","logger_name":"org.springframework.boot.autoconfigure.logging.ConditionEvaluationReportLogger","message":"\r\n\r\nError starting ApplicationContext. To display the condition evaluation report re-run your application with 'debug' enabled.","service":"fms-core","version":"1.0.0","environment":"default"}
{"@timestamp":"2026-02-25T10:22:15.1452155+05:30","level":"ERROR","logger_name":"org.springframework.boot.SpringApplication","message":"Application run failed","service":"fms-core","version":"1.0.0","environment":"default"}
{"@timestamp":"2026-02-25T10:22:15.6632123+05:30","level":"INFO","logger_name":"org.drools.compiler.kie.builder.impl.KieContainerImpl","message":"Start creation of KieBase: defaultKieBase","service":"fms-core","version":"1.0.0","environment":"default"}
{"@timestamp":"2026-02-25T10:22:15.7292169+05:30","level":"INFO","logger_name":"org.drools.compiler.kie.builder.impl.KieContainerImpl","message":"End creation of KieBase: defaultKieBase","service":"fms-core","version":"1.0.0","environment":"default"}
{"@timestamp":"2026-02-25T10:22:15.7302145+05:30","level":"ERROR","logger_name":"net.com.fms_core.config.SocketListener","message":"❌ Error in FMS Receiver: Address already in use: bind","service":"fms-core","version":"1.0.0","environment":"default"}
{"@timestamp":"2026-02-25T10:22:15.7352133+05:30","level":"INFO","logger_name":"org.springframework.boot.devtools.autoconfigure.ConditionEvaluationDeltaLoggingListener","message":"Condition evaluation unchanged","service":"fms-core","version":"1.0.0","environment":"default"}
{"@timestamp":"2026-02-25T10:23:13.6921496+05:30","level":"INFO","logger_name":"org.springframework.web.socket.config.WebSocketMessageBrokerStats","message":"WebSocketSession[0 current WS(0)-HttpStream(0)-HttpPoll(0), 0 total, 0 closed abnormally (0 connect failure, 0 send limit, 0 transport error)], stompSubProtocol[processed CONNECT(0)-CONNECTED(0)-DISCONNECT(0)], stompBrokerRelay[null], inboundChannel[pool size = 0, active threads = 0, queued tasks = 0, completed tasks = 0], outboundChannel[pool size = 0, active threads = 0, queued tasks = 0, completed tasks = 0], sockJsScheduler[pool size = 1, active threads = 1, queued tasks = 0, completed tasks = 0]","service":"fms-core","version":"1.0.0","environment":"default"}
{"@timestamp":"2026-02-25T10:23:38.8331226+05:30","level":"INFO","logger_name":"org.springframework.boot.devtools.autoconfigure.LocalDevToolsAutoConfiguration$RestartingClassPathChangeChangedEventListener","message":"Restarting due to 1 class path change (0 additions, 0 deletions, 1 modification)","service":"fms-core","version":"1.0.0","environment":"default"}
{"@timestamp":"2026-02-25T10:23:38.8731229+05:30","level":"INFO","logger_name":"org.springframework.cloud.netflix.eureka.serviceregistry.EurekaServiceRegistry","message":"Unregistering application FMS_CORE with eureka with status DOWN","service":"fms-core","version":"1.0.0","environment":"default"}
{"@timestamp":"2026-02-25T10:23:38.8731229+05:30","level":"INFO","logger_name":"com.netflix.discovery.DiscoveryClient","message":"Saw local status change event StatusChangeEvent [timestamp=1771995218873, current=DOWN, previous=UP]","service":"fms-core","version":"1.0.0","environment":"default"}
{"@timestamp":"2026-02-25T10:23:38.8731229+05:30","level":"INFO","logger_name":"com.netflix.discovery.DiscoveryClient","message":"DiscoveryClient_FMS_CORE/localhost:fms_core:8084: registering service...","service":"fms-core","version":"1.0.0","environment":"default"}
{"@timestamp":"2026-02-25T10:23:38.8751221+05:30","level":"INFO","logger_name":"org.springframework.boot.web.embedded.tomcat.GracefulShutdown","message":"Commencing graceful shutdown. Waiting for active requests to complete","service":"fms-core","version":"1.0.0","environment":"default"}
{"@timestamp":"2026-02-25T10:23:38.8811244+05:30","level":"INFO","logger_name":"com.netflix.discovery.DiscoveryClient","message":"DiscoveryClient_FMS_CORE/localhost:fms_core:8084 - registration status: 204","service":"fms-core","version":"1.0.0","environment":"default"}
{"@timestamp":"2026-02-25T10:23:38.8931238+05:30","level":"INFO","logger_name":"org.springframework.boot.web.embedded.tomcat.GracefulShutdown","message":"Graceful shutdown complete","service":"fms-core","version":"1.0.0","environment":"default"}
{"@timestamp":"2026-02-25T10:23:38.8951228+05:30","level":"INFO","logger_name":"org.springframework.messaging.simp.broker.SimpleBrokerMessageHandler","message":"Stopping...","service":"fms-core","version":"1.0.0","environment":"default"}
{"@timestamp":"2026-02-25T10:23:38.8951228+05:30","level":"INFO","logger_name":"org.springframework.messaging.simp.broker.SimpleBrokerMessageHandler","message":"BrokerAvailabilityEvent[available=false, SimpleBrokerMessageHandler [org.springframework.messaging.simp.broker.DefaultSubscriptionRegistry@36f5ee67]]","service":"fms-core","version":"1.0.0","environment":"default"}
{"@timestamp":"2026-02-25T10:23:38.8951228+05:30","level":"INFO","logger_name":"org.springframework.messaging.simp.broker.SimpleBrokerMessageHandler","message":"Stopped.","service":"fms-core","version":"1.0.0","environment":"default"}
{"@timestamp":"2026-02-25T10:23:38.9061214+05:30","level":"INFO","logger_name":"org.springframework.orm.jpa.LocalContainerEntityManagerFactoryBean","message":"Closing JPA EntityManagerFactory for persistence unit 'default'","service":"fms-core","version":"1.0.0","environment":"default"}
{"@timestamp":"2026-02-25T10:23:38.9071265+05:30","level":"INFO","logger_name":"com.zaxxer.hikari.HikariDataSource","message":"HikariPool-6 - Shutdown initiated...","service":"fms-core","version":"1.0.0","environment":"default"}
{"@timestamp":"2026-02-25T10:23:39.0101222+05:30","level":"INFO","logger_name":"com.zaxxer.hikari.HikariDataSource","message":"HikariPool-6 - Shutdown completed.","service":"fms-core","version":"1.0.0","environment":"default"}
{"@timestamp":"2026-02-25T10:23:39.0121225+05:30","level":"INFO","logger_name":"com.netflix.discovery.DiscoveryClient","message":"Shutting down DiscoveryClient ...","service":"fms-core","version":"1.0.0","environment":"default"}
{"@timestamp":"2026-02-25T10:23:41.6241192+05:30","level":"INFO","logger_name":"net.com.fms_core.FmsCoreApplication","message":"Starting FmsCoreApplication using Java 21.0.2 with PID 28148 (C:\\Users\\kavinda_d\\Documents\\e soft\\final project\\project\\fms backend\\fms_core\\target\\classes started by kavinda_d in C:\\Users\\kavinda_d\\Documents\\e soft\\final project\\project\\fms backend)","service":"fms-core","version":"1.0.0","environment":"default"}
{"@timestamp":"2026-02-25T10:23:41.6251206+05:30","level":"DEBUG","logger_name":"net.com.fms_core.FmsCoreApplication","message":"Running with Spring Boot v3.4.4, Spring v6.2.5","service":"fms-core","version":"1.0.0","environment":"default"}
{"@timestamp":"2026-02-25T10:23:41.6261207+05:30","level":"INFO","logger_name":"net.com.fms_core.FmsCoreApplication","message":"The following 1 profile is active: \"dev\"","service":"fms-core","version":"1.0.0","environment":"default"}
{"@timestamp":"2026-02-25T10:23:41.6341216+05:30","level":"INFO","logger_name":"org.springframework.cloud.config.client.ConfigServerConfigDataLoader","message":"Fetching config from server at : http://localhost:8888","service":"fms-core","version":"1.0.0","environment":"default"}
{"@timestamp":"2026-02-25T10:23:41.6341216+05:30","level":"INFO","logger_name":"org.springframework.cloud.config.client.ConfigServerConfigDataLoader","message":"Located environment: name=fms_core, profiles=[dev], label=null, version=null, state=null","service":"fms-core","version":"1.0.0","environment":"default"}
{"@timestamp":"2026-02-25T10:23:42.0511212+05:30","level":"INFO","logger_name":"com.netflix.discovery.DiscoveryClient","message":"Unregistering ...","service":"fms-core","version":"1.0.0","environment":"default"}
{"@timestamp":"2026-02-25T10:23:42.073122+05:30","level":"INFO","logger_name":"com.netflix.discovery.DiscoveryClient","message":"DiscoveryClient_FMS_CORE/localhost:fms_core:8084 - deregister  status: 200","service":"fms-core","version":"1.0.0","environment":"default"}
{"@timestamp":"2026-02-25T10:23:42.073122+05:30","level":"INFO","logger_name":"com.netflix.discovery.DiscoveryClient","message":"Completed shut down of DiscoveryClient","service":"fms-core","version":"1.0.0","environment":"default"}
{"@timestamp":"2026-02-25T10:23:42.073122+05:30","level":"INFO","logger_name":"org.apache.catalina.core.StandardService","message":"Stopping service [Tomcat]","service":"fms-core","version":"1.0.0","environment":"default"}
{"@timestamp":"2026-02-25T10:23:44.9391162+05:30","level":"INFO","logger_name":"net.com.fms_core.FmsCoreApplication","message":"Starting FmsCoreApplication using Java 21.0.2 with PID 28148 (C:\\Users\\kavinda_d\\Documents\\e soft\\final project\\project\\fms backend\\fms_core\\target\\classes started by kavinda_d in C:\\Users\\kavinda_d\\Documents\\e soft\\final project\\project\\fms backend)","service":"fms-core","version":"1.0.0","environment":"default"}
{"@timestamp":"2026-02-25T10:23:44.9391162+05:30","level":"DEBUG","logger_name":"net.com.fms_core.FmsCoreApplication","message":"Running with Spring Boot v3.4.4, Spring v6.2.5","service":"fms-core","version":"1.0.0","environment":"default"}
{"@timestamp":"2026-02-25T10:23:44.9401144+05:30","level":"INFO","logger_name":"net.com.fms_core.FmsCoreApplication","message":"The following 1 profile is active: \"dev\"","service":"fms-core","version":"1.0.0","environment":"default"}
{"@timestamp":"2026-02-25T10:23:44.9551153+05:30","level":"INFO","logger_name":"org.springframework.cloud.config.client.ConfigServerConfigDataLoader","message":"Fetching config from server at : http://localhost:8888","service":"fms-core","version":"1.0.0","environment":"default"}
{"@timestamp":"2026-02-25T10:23:44.956116+05:30","level":"INFO","logger_name":"org.springframework.cloud.config.client.ConfigServerConfigDataLoader","message":"Located environment: name=fms_core, profiles=[dev], label=null, version=null, state=null","service":"fms-core","version":"1.0.0","environment":"default"}
{"@timestamp":"2026-02-25T10:23:45.0621162+05:30","level":"INFO","logger_name":"org.springframework.cloud.context.scope.GenericScope","message":"BeanFactory id=a34aabd1-1edc-3721-b029-38a30be4cc91","service":"fms-core","version":"1.0.0","environment":"default"}
{"@timestamp":"2026-02-25T10:23:45.6571156+05:30","level":"INFO","logger_name":"org.springframework.boot.web.embedded.tomcat.TomcatWebServer","message":"Tomcat initialized with port 8084 (http)","service":"fms-core","version":"1.0.0","environment":"default"}
{"@timestamp":"2026-02-25T10:23:45.6581145+05:30","level":"INFO","logger_name":"org.apache.catalina.core.StandardService","message":"Starting service [Tomcat]","service":"fms-core","version":"1.0.0","environment":"default"}
{"@timestamp":"2026-02-25T10:23:45.6581145+05:30","level":"INFO","logger_name":"org.apache.catalina.core.StandardEngine","message":"Starting Servlet engine: [Apache Tomcat/10.1.39]","service":"fms-core","version":"1.0.0","environment":"default"}
{"@timestamp":"2026-02-25T10:23:45.8331153+05:30","level":"INFO","logger_name":"org.apache.catalina.core.ContainerBase.[Tomcat-2].[localhost].[/fms-core-service]","message":"Initializing Spring embedded WebApplicationContext","service":"fms-core","version":"1.0.0","environment":"default"}
{"@timestamp":"2026-02-25T10:23:45.8331153+05:30","level":"INFO","logger_name":"org.springframework.boot.web.servlet.context.ServletWebServerApplicationContext","message":"Root WebApplicationContext: initialization completed in 4199 ms","service":"fms-core","version":"1.0.0","environment":"default"}
{"@timestamp":"2026-02-25T10:23:47.4831135+05:30","level":"INFO","logger_name":"com.zaxxer.hikari.HikariDataSource","message":"HikariPool-8 - Starting...","service":"fms-core","version":"1.0.0","environment":"default"}
{"@timestamp":"2026-02-25T10:23:47.5001124+05:30","level":"INFO","logger_name":"com.zaxxer.hikari.pool.HikariPool","message":"HikariPool-8 - Added connection com.mysql.cj.jdbc.ConnectionImpl@50572c05","service":"fms-core","version":"1.0.0","environment":"default"}
{"@timestamp":"2026-02-25T10:23:47.5001124+05:30","level":"INFO","logger_name":"com.zaxxer.hikari.HikariDataSource","message":"HikariPool-8 - Start completed.","service":"fms-core","version":"1.0.0","environment":"default"}
{"@timestamp":"2026-02-25T10:23:47.5021144+05:30","level":"INFO","logger_name":"org.hibernate.jpa.internal.util.LogHelper","message":"HHH000204: Processing PersistenceUnitInfo [name: default]","service":"fms-core","version":"1.0.0","environment":"default"}
{"@timestamp":"2026-02-25T10:23:47.5091145+05:30","level":"INFO","logger_name":"org.hibernate.cache.internal.RegionFactoryInitiator","message":"HHH000026: Second-level cache disabled","service":"fms-core","version":"1.0.0","environment":"default"}
{"@timestamp":"2026-02-25T10:23:47.5281141+05:30","level":"INFO","logger_name":"org.springframework.orm.jpa.persistenceunit.SpringPersistenceUnitInfo","message":"No LoadTimeWeaver setup: ignoring JPA class transformer","service":"fms-core","version":"1.0.0","environment":"default"}
{"@timestamp":"2026-02-25T10:23:47.5321126+05:30","level":"INFO","logger_name":"org.hibernate.orm.connections.pooling","message":"HHH10001005: Database info:\n\tDatabase JDBC URL [Connecting through datasource 'HikariDataSource (HikariPool-8)']\n\tDatabase driver: undefined/unknown\n\tDatabase version: 8.1\n\tAutocommit mode: undefined/unknown\n\tIsolation level: undefined/unknown\n\tMinimum pool size: undefined/unknown\n\tMaximum pool size: undefined/unknown","service":"fms-core","version":"1.0.0","environment":"default"}
{"@timestamp":"2026-02-25T10:23:47.5701153+05:30","level":"INFO","logger_name":"org.springframework.data.repository.config.RepositoryConfigurationDelegate","message":"Bootstrapping Spring Data JPA repositories in DEFAULT mode.","service":"fms-core","version":"1.0.0","environment":"default"}
{"@timestamp":"2026-02-25T10:23:47.9111134+05:30","level":"INFO","logger_name":"org.springframework.data.repository.config.RepositoryConfigurationDelegate","message":"Finished Spring Data repository scanning in 339 ms. Found 19 JPA repository interfaces.","service":"fms-core","version":"1.0.0","environment":"default"}
{"@timestamp":"2026-02-25T10:23:48.2421161+05:30","level":"INFO","logger_name":"org.springframework.cloud.context.scope.GenericScope","message":"BeanFactory id=a34aabd1-1edc-3721-b029-38a30be4cc91","service":"fms-core","version":"1.0.0","environment":"default"}
{"@timestamp":"2026-02-25T10:23:48.6131169+05:30","level":"INFO","logger_name":"org.springframework.boot.web.embedded.tomcat.TomcatWebServer","message":"Tomcat initialized with port 8084 (http)","service":"fms-core","version":"1.0.0","environment":"default"}
{"@timestamp":"2026-02-25T10:23:48.6141186+05:30","level":"INFO","logger_name":"org.apache.catalina.core.StandardService","message":"Starting service [Tomcat]","service":"fms-core","version":"1.0.0","environment":"default"}
{"@timestamp":"2026-02-25T10:23:48.6141186+05:30","level":"INFO","logger_name":"org.apache.catalina.core.StandardEngine","message":"Starting Servlet engine: [Apache Tomcat/10.1.39]","service":"fms-core","version":"1.0.0","environment":"default"}
{"@timestamp":"2026-02-25T10:23:48.6991121+05:30","level":"INFO","logger_name":"org.hibernate.engine.transaction.jta.platform.internal.JtaPlatformInitiator","message":"HHH000489: No JTA platform available (set 'hibernate.transaction.jta.platform' to enable JTA platform integration)","service":"fms-core","version":"1.0.0","environment":"default"}
{"@timestamp":"2026-02-25T10:23:48.7731169+05:30","level":"INFO","logger_name":"org.springframework.orm.jpa.LocalContainerEntityManagerFactoryBean","message":"Initialized JPA EntityManagerFactory for persistence unit 'default'","service":"fms-core","version":"1.0.0","environment":"default"}
{"@timestamp":"2026-02-25T10:23:48.9281088+05:30","level":"INFO","logger_name":"org.apache.catalina.core.ContainerBase.[Tomcat-3].[localhost].[/fms-core-service]","message":"Initializing Spring embedded WebApplicationContext","service":"fms-core","version":"1.0.0","environment":"default"}
{"@timestamp":"2026-02-25T10:23:48.9291092+05:30","level":"INFO","logger_name":"org.springframework.boot.web.servlet.context.ServletWebServerApplicationContext","message":"Root WebApplicationContext: initialization completed in 3973 ms","service":"fms-core","version":"1.0.0","environment":"default"}
{"@timestamp":"2026-02-25T10:23:49.4491115+05:30","level":"INFO","logger_name":"com.zaxxer.hikari.HikariDataSource","message":"HikariPool-9 - Starting...","service":"fms-core","version":"1.0.0","environment":"default"}
{"@timestamp":"2026-02-25T10:23:49.4561259+05:30","level":"INFO","logger_name":"com.zaxxer.hikari.pool.HikariPool","message":"HikariPool-9 - Added connection com.mysql.cj.jdbc.ConnectionImpl@21615a77","service":"fms-core","version":"1.0.0","environment":"default"}
{"@timestamp":"2026-02-25T10:23:49.4561259+05:30","level":"INFO","logger_name":"com.zaxxer.hikari.HikariDataSource","message":"HikariPool-9 - Start completed.","service":"fms-core","version":"1.0.0","environment":"default"}
{"@timestamp":"2026-02-25T10:23:49.4581129+05:30","level":"INFO","logger_name":"org.hibernate.jpa.internal.util.LogHelper","message":"HHH000204: Processing PersistenceUnitInfo [name: default]","service":"fms-core","version":"1.0.0","environment":"default"}
{"@timestamp":"2026-02-25T10:23:49.4661126+05:30","level":"INFO","logger_name":"org.hibernate.cache.internal.RegionFactoryInitiator","message":"HHH000026: Second-level cache disabled","service":"fms-core","version":"1.0.0","environment":"default"}
{"@timestamp":"2026-02-25T10:23:49.48811+05:30","level":"INFO","logger_name":"org.springframework.orm.jpa.persistenceunit.SpringPersistenceUnitInfo","message":"No LoadTimeWeaver setup: ignoring JPA class transformer","service":"fms-core","version":"1.0.0","environment":"default"}
{"@timestamp":"2026-02-25T10:23:49.4911137+05:30","level":"INFO","logger_name":"org.hibernate.orm.connections.pooling","message":"HHH10001005: Database info:\n\tDatabase JDBC URL [Connecting through datasource 'HikariDataSource (HikariPool-9)']\n\tDatabase driver: undefined/unknown\n\tDatabase version: 8.1\n\tAutocommit mode: undefined/unknown\n\tIsolation level: undefined/unknown\n\tMinimum pool size: undefined/unknown\n\tMaximum pool size: undefined/unknown","service":"fms-core","version":"1.0.0","environment":"default"}
{"@timestamp":"2026-02-25T10:23:50.2891136+05:30","level":"INFO","logger_name":"org.hibernate.engine.transaction.jta.platform.internal.JtaPlatformInitiator","message":"HHH000489: No JTA platform available (set 'hibernate.transaction.jta.platform' to enable JTA platform integration)","service":"fms-core","version":"1.0.0","environment":"default"}
{"@timestamp":"2026-02-25T10:23:50.3071113+05:30","level":"INFO","logger_name":"org.springframework.orm.jpa.LocalContainerEntityManagerFactoryBean","message":"Initialized JPA EntityManagerFactory for persistence unit 'default'","service":"fms-core","version":"1.0.0","environment":"default"}
{"@timestamp":"2026-02-25T10:23:50.8511081+05:30","level":"WARN","logger_name":"org.springframework.boot.autoconfigure.orm.jpa.JpaBaseConfiguration$JpaWebConfiguration","message":"spring.jpa.open-in-view is enabled by default. Therefore, database queries may be performed during view rendering. Explicitly configure spring.jpa.open-in-view to disable this warning","service":"fms-core","version":"1.0.0","environment":"default"}
{"@timestamp":"2026-02-25T10:23:50.9061059+05:30","level":"INFO","logger_name":"org.springframework.validation.beanvalidation.OptionalValidatorFactoryBean","message":"Failed to set up a Bean Validation provider: jakarta.validation.NoProviderFoundException: Unable to create a Configuration, because no Jakarta Bean Validation provider could be found. Add a provider like Hibernate Validator (RI) to your classpath.","service":"fms-core","version":"1.0.0","environment":"default"}
{"@timestamp":"2026-02-25T10:23:51.986105+05:30","level":"WARN","logger_name":"org.springframework.boot.autoconfigure.orm.jpa.JpaBaseConfiguration$JpaWebConfiguration","message":"spring.jpa.open-in-view is enabled by default. Therefore, database queries may be performed during view rendering. Explicitly configure spring.jpa.open-in-view to disable this warning","service":"fms-core","version":"1.0.0","environment":"default"}
{"@timestamp":"2026-02-25T10:23:52.0101037+05:30","level":"INFO","logger_name":"org.springframework.validation.beanvalidation.OptionalValidatorFactoryBean","message":"Failed to set up a Bean Validation provider: jakarta.validation.NoProviderFoundException: Unable to create a Configuration, because no Jakarta Bean Validation provider could be found. Add a provider like Hibernate Validator (RI) to your classpath.","service":"fms-core","version":"1.0.0","environment":"default"}
{"@timestamp":"2026-02-25T10:23:52.6331061+05:30","level":"INFO","logger_name":"org.springframework.cloud.commons.util.InetUtils","message":"Cannot determine local hostname","service":"fms-core","version":"1.0.0","environment":"default"}
{"@timestamp":"2026-02-25T10:23:53.4561063+05:30","level":"INFO","logger_name":"org.springframework.cloud.commons.util.InetUtils","message":"Cannot determine local hostname","service":"fms-core","version":"1.0.0","environment":"default"}
{"@timestamp":"2026-02-25T10:23:53.6201253+05:30","level":"WARN","logger_name":"org.springframework.boot.devtools.autoconfigure.OptionalLiveReloadServer","message":"Unable to start LiveReload server","service":"fms-core","version":"1.0.0","environment":"default"}
{"@timestamp":"2026-02-25T10:23:54.1411035+05:30","level":"WARN","logger_name":"org.springframework.boot.web.servlet.context.AnnotationConfigServletWebServerApplicationContext","message":"Exception encountered during context initialization - cancelling refresh attempt: org.springframework.beans.factory.BeanCreationException: Error creating bean with name 'springApplicationAdminRegistrar' defined in class path resource [org/springframework/boot/autoconfigure/admin/SpringApplicationAdminJmxAutoConfiguration.class]: org.springframework.boot:type=Admin,name=SpringApplication","service":"fms-core","version":"1.0.0","environment":"default"}
{"@timestamp":"2026-02-25T10:23:54.1471025+05:30","level":"INFO","logger_name":"org.springframework.orm.jpa.LocalContainerEntityManagerFactoryBean","message":"Closing JPA EntityManagerFactory for persistence unit 'default'","service":"fms-core","version":"1.0.0","environment":"default"}
{"@timestamp":"2026-02-25T10:23:54.1481052+05:30","level":"INFO","logger_name":"com.zaxxer.hikari.HikariDataSource","message":"HikariPool-9 - Shutdown initiated...","service":"fms-core","version":"1.0.0","environment":"default"}
{"@timestamp":"2026-02-25T10:23:54.1531043+05:30","level":"INFO","logger_name":"com.zaxxer.hikari.HikariDataSource","message":"HikariPool-9 - Shutdown completed.","service":"fms-core","version":"1.0.0","environment":"default"}
{"@timestamp":"2026-02-25T10:23:54.1561039+05:30","level":"INFO","logger_name":"org.apache.catalina.core.StandardService","message":"Stopping service [Tomcat]","service":"fms-core","version":"1.0.0","environment":"default"}
{"@timestamp":"2026-02-25T10:23:54.1741033+05:30","level":"INFO","logger_name":"org.springframework.boot.autoconfigure.logging.ConditionEvaluationReportLogger","message":"\r\n\r\nError starting ApplicationContext. To display the condition evaluation report re-run your application with 'debug' enabled.","service":"fms-core","version":"1.0.0","environment":"default"}
{"@timestamp":"2026-02-25T10:23:54.1791047+05:30","level":"ERROR","logger_name":"org.springframework.boot.SpringApplication","message":"Application run failed","service":"fms-core","version":"1.0.0","environment":"default"}
{"@timestamp":"2026-02-25T10:23:54.6991094+05:30","level":"INFO","logger_name":"org.springframework.cloud.commons.util.InetUtils","message":"Cannot determine local hostname","service":"fms-core","version":"1.0.0","environment":"default"}
{"@timestamp":"2026-02-25T10:23:54.7631317+05:30","level":"INFO","logger_name":"org.springframework.cloud.netflix.eureka.config.DiscoveryClientOptionalArgsConfiguration","message":"Eureka HTTP Client uses RestTemplate.","service":"fms-core","version":"1.0.0","environment":"default"}
{"@timestamp":"2026-02-25T10:23:54.8341053+05:30","level":"WARN","logger_name":"org.springframework.cloud.loadbalancer.config.LoadBalancerCacheAutoConfiguration$LoadBalancerCaffeineWarnLogger","message":"Spring Cloud LoadBalancer is currently working with the default cache. While this cache implementation is useful for development and tests, it's recommended to use Caffeine cache in production.You can switch to using Caffeine cache, by adding it and org.springframework.cache.caffeine.CaffeineCacheManager to the classpath.","service":"fms-core","version":"1.0.0","environment":"default"}
{"@timestamp":"2026-02-25T10:23:54.8461026+05:30","level":"INFO","logger_name":"org.springframework.boot.actuate.endpoint.web.EndpointLinksResolver","message":"Exposing 6 endpoints beneath base path '/actuator'","service":"fms-core","version":"1.0.0","environment":"default"}
{"@timestamp":"2026-02-25T10:23:54.9201043+05:30","level":"INFO","logger_name":"org.springframework.messaging.simp.broker.SimpleBrokerMessageHandler","message":"Starting...","service":"fms-core","version":"1.0.0","environment":"default"}
{"@timestamp":"2026-02-25T10:23:54.9201043+05:30","level":"INFO","logger_name":"org.springframework.messaging.simp.broker.SimpleBrokerMessageHandler","message":"BrokerAvailabilityEvent[available=true, SimpleBrokerMessageHandler [org.springframework.messaging.simp.broker.DefaultSubscriptionRegistry@33a0a660]]","service":"fms-core","version":"1.0.0","environment":"default"}
{"@timestamp":"2026-02-25T10:23:54.9201043+05:30","level":"INFO","logger_name":"org.springframework.messaging.simp.broker.SimpleBrokerMessageHandler","message":"Started.","service":"fms-core","version":"1.0.0","environment":"default"}
{"@timestamp":"2026-02-25T10:23:54.9251355+05:30","level":"INFO","logger_name":"org.springframework.cloud.netflix.eureka.InstanceInfoFactory","message":"Setting initial instance status as: STARTING","service":"fms-core","version":"1.0.0","environment":"default"}
{"@timestamp":"2026-02-25T10:23:54.9291359+05:30","level":"INFO","logger_name":"com.netflix.discovery.DiscoveryClient","message":"Initializing Eureka in region us-east-1","service":"fms-core","version":"1.0.0","environment":"default"}
{"@timestamp":"2026-02-25T10:23:54.9291359+05:30","level":"INFO","logger_name":"com.netflix.discovery.shared.resolver.aws.ConfigClusterResolver","message":"Resolving eureka endpoints via configuration","service":"fms-core","version":"1.0.0","environment":"default"}
{"@timestamp":"2026-02-25T10:23:54.9291359+05:30","level":"INFO","logger_name":"com.netflix.discovery.DiscoveryClient","message":"Disable delta property : false","service":"fms-core","version":"1.0.0","environment":"default"}
{"@timestamp":"2026-02-25T10:23:54.9291359+05:30","level":"INFO","logger_name":"com.netflix.discovery.DiscoveryClient","message":"Single vip registry refresh property : null","service":"fms-core","version":"1.0.0","environment":"default"}
{"@timestamp":"2026-02-25T10:23:54.9291359+05:30","level":"INFO","logger_name":"com.netflix.discovery.DiscoveryClient","message":"Force full registry fetch : false","service":"fms-core","version":"1.0.0","environment":"default"}
{"@timestamp":"2026-02-25T10:23:54.9301019+05:30","level":"INFO","logger_name":"com.netflix.discovery.DiscoveryClient","message":"Application is null : false","service":"fms-core","version":"1.0.0","environment":"default"}
{"@timestamp":"2026-02-25T10:23:54.9301019+05:30","level":"INFO","logger_name":"com.netflix.discovery.DiscoveryClient","message":"Registered Applications size is zero : true","service":"fms-core","version":"1.0.0","environment":"default"}
{"@timestamp":"2026-02-25T10:23:54.9301019+05:30","level":"INFO","logger_name":"com.netflix.discovery.DiscoveryClient","message":"Application version is -1: true","service":"fms-core","version":"1.0.0","environment":"default"}
{"@timestamp":"2026-02-25T10:23:54.9301019+05:30","level":"INFO","logger_name":"com.netflix.discovery.DiscoveryClient","message":"Getting all instance registry info from the eureka server","service":"fms-core","version":"1.0.0","environment":"default"}
{"@timestamp":"2026-02-25T10:23:54.9671345+05:30","level":"INFO","logger_name":"com.netflix.discovery.DiscoveryClient","message":"The response status is 200","service":"fms-core","version":"1.0.0","environment":"default"}
{"@timestamp":"2026-02-25T10:23:54.9681268+05:30","level":"INFO","logger_name":"com.netflix.discovery.DiscoveryClient","message":"Starting heartbeat executor: renew interval is: 30","service":"fms-core","version":"1.0.0","environment":"default"}
{"@timestamp":"2026-02-25T10:23:54.9691045+05:30","level":"INFO","logger_name":"com.netflix.discovery.InstanceInfoReplicator","message":"InstanceInfoReplicator onDemand update allowed rate per min is 4","service":"fms-core","version":"1.0.0","environment":"default"}
{"@timestamp":"2026-02-25T10:23:54.9691045+05:30","level":"INFO","logger_name":"com.netflix.discovery.DiscoveryClient","message":"Discovery Client initialized at timestamp 1771995234969 with initial instances count: 4","service":"fms-core","version":"1.0.0","environment":"default"}
{"@timestamp":"2026-02-25T10:23:54.9781+05:30","level":"INFO","logger_name":"org.springframework.cloud.netflix.eureka.serviceregistry.EurekaServiceRegistry","message":"Registering application FMS_CORE with eureka with status UP","service":"fms-core","version":"1.0.0","environment":"default"}
{"@timestamp":"2026-02-25T10:23:54.9791042+05:30","level":"INFO","logger_name":"com.netflix.discovery.DiscoveryClient","message":"Saw local status change event StatusChangeEvent [timestamp=1771995234979, current=UP, previous=STARTING]","service":"fms-core","version":"1.0.0","environment":"default"}
{"@timestamp":"2026-02-25T10:23:54.9791042+05:30","level":"INFO","logger_name":"com.netflix.discovery.DiscoveryClient","message":"DiscoveryClient_FMS_CORE/localhost:fms_core:8084: registering service...","service":"fms-core","version":"1.0.0","environment":"default"}
{"@timestamp":"2026-02-25T10:23:54.9881119+05:30","level":"INFO","logger_name":"org.springframework.boot.web.embedded.tomcat.TomcatWebServer","message":"Tomcat started on port 8084 (http) with context path '/fms-core-service'","service":"fms-core","version":"1.0.0","environment":"default"}
{"@timestamp":"2026-02-25T10:23:54.9891104+05:30","level":"INFO","logger_name":"org.springframework.cloud.netflix.eureka.serviceregistry.EurekaAutoServiceRegistration","message":"Updating port to 8084","service":"fms-core","version":"1.0.0","environment":"default"}
{"@timestamp":"2026-02-25T10:23:54.9971039+05:30","level":"INFO","logger_name":"com.netflix.discovery.DiscoveryClient","message":"DiscoveryClient_FMS_CORE/localhost:fms_core:8084 - registration status: 204","service":"fms-core","version":"1.0.0","environment":"default"}
{"@timestamp":"2026-02-25T10:23:56.0335807+05:30","level":"INFO","logger_name":"org.springframework.cloud.commons.util.InetUtils","message":"Cannot determine local hostname","service":"fms-core","version":"1.0.0","environment":"default"}
{"@timestamp":"2026-02-25T10:23:56.051584+05:30","level":"INFO","logger_name":"net.com.fms_core.FmsCoreApplication","message":"Started FmsCoreApplication in 16.923 seconds (process running for 2823.226)","service":"fms-core","version":"1.0.0","environment":"default"}
{"@timestamp":"2026-02-25T10:23:57.3685806+05:30","level":"INFO","logger_name":"org.drools.compiler.kie.builder.impl.KieContainerImpl","message":"Start creation of KieBase: defaultKieBase","service":"fms-core","version":"1.0.0","environment":"default"}
{"@timestamp":"2026-02-25T10:23:57.3945816+05:30","level":"INFO","logger_name":"org.drools.compiler.kie.builder.impl.KieContainerImpl","message":"End creation of KieBase: defaultKieBase","service":"fms-core","version":"1.0.0","environment":"default"}
{"@timestamp":"2026-02-25T10:23:57.3965814+05:30","level":"ERROR","logger_name":"net.com.fms_core.config.SocketListener","message":"❌ Error in FMS Receiver: Address already in use: bind","service":"fms-core","version":"1.0.0","environment":"default"}
{"@timestamp":"2026-02-25T10:23:57.4035781+05:30","level":"INFO","logger_name":"org.springframework.boot.devtools.autoconfigure.ConditionEvaluationDeltaLoggingListener","message":"Condition evaluation unchanged","service":"fms-core","version":"1.0.0","environment":"default"}
{"@timestamp":"2026-02-25T10:24:54.9160725+05:30","level":"INFO","logger_name":"org.springframework.web.socket.config.WebSocketMessageBrokerStats","message":"WebSocketSession[0 current WS(0)-HttpStream(0)-HttpPoll(0), 0 total, 0 closed abnormally (0 connect failure, 0 send limit, 0 transport error)], stompSubProtocol[processed CONNECT(0)-CONNECTED(0)-DISCONNECT(0)], stompBrokerRelay[null], inboundChannel[pool size = 0, active threads = 0, queued tasks = 0, completed tasks = 0], outboundChannel[pool size = 0, active threads = 0, queued tasks = 0, completed tasks = 0], sockJsScheduler[pool size = 1, active threads = 1, queued tasks = 0, completed tasks = 0]","service":"fms-core","version":"1.0.0","environment":"default"}
{"@timestamp":"2026-02-25T10:28:58.3659825+05:30","level":"INFO","logger_name":"com.netflix.discovery.shared.resolver.aws.ConfigClusterResolver","message":"Resolving eureka endpoints via configuration","service":"fms-core","version":"1.0.0","environment":"default"}
{"@timestamp":"2026-02-25T10:33:58.3938291+05:30","level":"INFO","logger_name":"com.netflix.discovery.shared.resolver.aws.ConfigClusterResolver","message":"Resolving eureka endpoints via configuration","service":"fms-core","version":"1.0.0","environment":"default"}
{"@timestamp":"2026-02-25T10:38:58.4394002+05:30","level":"INFO","logger_name":"com.netflix.discovery.shared.resolver.aws.ConfigClusterResolver","message":"Resolving eureka endpoints via configuration","service":"fms-core","version":"1.0.0","environment":"default"}
{"@timestamp":"2026-02-25T10:43:58.4517447+05:30","level":"INFO","logger_name":"com.netflix.discovery.shared.resolver.aws.ConfigClusterResolver","message":"Resolving eureka endpoints via configuration","service":"fms-core","version":"1.0.0","environment":"default"}
{"@timestamp":"2026-02-25T10:48:58.4657767+05:30","level":"INFO","logger_name":"com.netflix.discovery.shared.resolver.aws.ConfigClusterResolver","message":"Resolving eureka endpoints via configuration","service":"fms-core","version":"1.0.0","environment":"default"}
{"@timestamp":"2026-02-25T10:53:58.4803971+05:30","level":"INFO","logger_name":"com.netflix.discovery.shared.resolver.aws.ConfigClusterResolver","message":"Resolving eureka endpoints via configuration","service":"fms-core","version":"1.0.0","environment":"default"}
{"@timestamp":"2026-02-25T10:54:54.9915233+05:30","level":"INFO","logger_name":"org.springframework.web.socket.config.WebSocketMessageBrokerStats","message":"WebSocketSession[0 current WS(0)-HttpStream(0)-HttpPoll(0), 0 total, 0 closed abnormally (0 connect failure, 0 send limit, 0 transport error)], stompSubProtocol[processed CONNECT(0)-CONNECTED(0)-DISCONNECT(0)], stompBrokerRelay[null], inboundChannel[pool size = 0, active threads = 0, queued tasks = 0, completed tasks = 0], outboundChannel[pool size = 0, active threads = 0, queued tasks = 0, completed tasks = 0], sockJsScheduler[pool size = 2, active threads = 1, queued tasks = 0, completed tasks = 1]","service":"fms-core","version":"1.0.0","environment":"default"}
{"@timestamp":"2026-02-25T10:58:58.4908712+05:30","level":"INFO","logger_name":"com.netflix.discovery.shared.resolver.aws.ConfigClusterResolver","message":"Resolving eureka endpoints via configuration","service":"fms-core","version":"1.0.0","environment":"default"}
{"@timestamp":"2026-02-25T11:02:04.7362187+05:30","level":"INFO","logger_name":"org.springframework.boot.devtools.autoconfigure.LocalDevToolsAutoConfiguration$RestartingClassPathChangeChangedEventListener","message":"Restarting due to 3 class path changes (0 additions, 0 deletions, 3 modifications)","service":"fms-core","version":"1.0.0","environment":"default"}
{"@timestamp":"2026-02-25T11:02:04.7422181+05:30","level":"INFO","logger_name":"org.springframework.cloud.netflix.eureka.serviceregistry.EurekaServiceRegistry","message":"Unregistering application FMS_CORE with eureka with status DOWN","service":"fms-core","version":"1.0.0","environment":"default"}
{"@timestamp":"2026-02-25T11:02:04.7422181+05:30","level":"INFO","logger_name":"com.netflix.discovery.DiscoveryClient","message":"Saw local status change event StatusChangeEvent [timestamp=1771997524742, current=DOWN, previous=UP]","service":"fms-core","version":"1.0.0","environment":"default"}
{"@timestamp":"2026-02-25T11:02:04.7432197+05:30","level":"INFO","logger_name":"com.netflix.discovery.DiscoveryClient","message":"DiscoveryClient_FMS_CORE/localhost:fms_core:8084: registering service...","service":"fms-core","version":"1.0.0","environment":"default"}
{"@timestamp":"2026-02-25T11:02:04.7532205+05:30","level":"INFO","logger_name":"org.springframework.boot.web.embedded.tomcat.GracefulShutdown","message":"Commencing graceful shutdown. Waiting for active requests to complete","service":"fms-core","version":"1.0.0","environment":"default"}
{"@timestamp":"2026-02-25T11:02:04.7642252+05:30","level":"INFO","logger_name":"org.springframework.boot.web.embedded.tomcat.GracefulShutdown","message":"Graceful shutdown complete","service":"fms-core","version":"1.0.0","environment":"default"}
{"@timestamp":"2026-02-25T11:02:04.7662205+05:30","level":"INFO","logger_name":"org.springframework.messaging.simp.broker.SimpleBrokerMessageHandler","message":"Stopping...","service":"fms-core","version":"1.0.0","environment":"default"}
{"@timestamp":"2026-02-25T11:02:04.7662205+05:30","level":"INFO","logger_name":"org.springframework.messaging.simp.broker.SimpleBrokerMessageHandler","message":"BrokerAvailabilityEvent[available=false, SimpleBrokerMessageHandler [org.springframework.messaging.simp.broker.DefaultSubscriptionRegistry@33a0a660]]","service":"fms-core","version":"1.0.0","environment":"default"}
{"@timestamp":"2026-02-25T11:02:04.7662205+05:30","level":"INFO","logger_name":"org.springframework.messaging.simp.broker.SimpleBrokerMessageHandler","message":"Stopped.","service":"fms-core","version":"1.0.0","environment":"default"}
{"@timestamp":"2026-02-25T11:02:04.7782209+05:30","level":"INFO","logger_name":"com.netflix.discovery.DiscoveryClient","message":"DiscoveryClient_FMS_CORE/localhost:fms_core:8084 - registration status: 204","service":"fms-core","version":"1.0.0","environment":"default"}
{"@timestamp":"2026-02-25T11:02:04.7802201+05:30","level":"INFO","logger_name":"org.springframework.orm.jpa.LocalContainerEntityManagerFactoryBean","message":"Closing JPA EntityManagerFactory for persistence unit 'default'","service":"fms-core","version":"1.0.0","environment":"default"}
{"@timestamp":"2026-02-25T11:02:04.7812181+05:30","level":"INFO","logger_name":"com.zaxxer.hikari.HikariDataSource","message":"HikariPool-8 - Shutdown initiated...","service":"fms-core","version":"1.0.0","environment":"default"}
{"@timestamp":"2026-02-25T11:02:04.7892182+05:30","level":"INFO","logger_name":"com.zaxxer.hikari.HikariDataSource","message":"HikariPool-8 - Shutdown completed.","service":"fms-core","version":"1.0.0","environment":"default"}
{"@timestamp":"2026-02-25T11:02:04.7902201+05:30","level":"INFO","logger_name":"com.netflix.discovery.DiscoveryClient","message":"Shutting down DiscoveryClient ...","service":"fms-core","version":"1.0.0","environment":"default"}
{"@timestamp":"2026-02-25T11:02:08.1282292+05:30","level":"INFO","logger_name":"net.com.fms_core.FmsCoreApplication","message":"Starting FmsCoreApplication using Java 21.0.2 with PID 28148 (C:\\Users\\kavinda_d\\Documents\\e soft\\final project\\project\\fms backend\\fms_core\\target\\classes started by kavinda_d in C:\\Users\\kavinda_d\\Documents\\e soft\\final project\\project\\fms backend)","service":"fms-core","version":"1.0.0","environment":"default"}
{"@timestamp":"2026-02-25T11:02:08.1292575+05:30","level":"DEBUG","logger_name":"net.com.fms_core.FmsCoreApplication","message":"Running with Spring Boot v3.4.4, Spring v6.2.5","service":"fms-core","version":"1.0.0","environment":"default"}
{"@timestamp":"2026-02-25T11:02:08.1292575+05:30","level":"INFO","logger_name":"net.com.fms_core.FmsCoreApplication","message":"The following 1 profile is active: \"dev\"","service":"fms-core","version":"1.0.0","environment":"default"}
{"@timestamp":"2026-02-25T11:02:10.5132322+05:30","level":"INFO","logger_name":"net.com.fms_core.FmsCoreApplication","message":"Starting FmsCoreApplication using Java 21.0.2 with PID 28148 (C:\\Users\\kavinda_d\\Documents\\e soft\\final project\\project\\fms backend\\fms_core\\target\\classes started by kavinda_d in C:\\Users\\kavinda_d\\Documents\\e soft\\final project\\project\\fms backend)","service":"fms-core","version":"1.0.0","environment":"default"}
{"@timestamp":"2026-02-25T11:02:10.5142326+05:30","level":"DEBUG","logger_name":"net.com.fms_core.FmsCoreApplication","message":"Running with Spring Boot v3.4.4, Spring v6.2.5","service":"fms-core","version":"1.0.0","environment":"default"}
{"@timestamp":"2026-02-25T11:02:10.5152371+05:30","level":"INFO","logger_name":"net.com.fms_core.FmsCoreApplication","message":"The following 1 profile is active: \"dev\"","service":"fms-core","version":"1.0.0","environment":"default"}
{"@timestamp":"2026-02-25T11:02:10.5192308+05:30","level":"INFO","logger_name":"org.springframework.cloud.config.client.ConfigServerConfigDataLoader","message":"Fetching config from server at : http://localhost:8888","service":"fms-core","version":"1.0.0","environment":"default"}
{"@timestamp":"2026-02-25T11:02:10.5192308+05:30","level":"INFO","logger_name":"org.springframework.cloud.config.client.ConfigServerConfigDataLoader","message":"Located environment: name=fms_core, profiles=[dev], label=null, version=null, state=null","service":"fms-core","version":"1.0.0","environment":"default"}
{"@timestamp":"2026-02-25T11:02:10.6182317+05:30","level":"INFO","logger_name":"org.springframework.cloud.context.scope.GenericScope","message":"BeanFactory id=a34aabd1-1edc-3721-b029-38a30be4cc91","service":"fms-core","version":"1.0.0","environment":"default"}
{"@timestamp":"2026-02-25T11:02:11.7862353+05:30","level":"INFO","logger_name":"org.springframework.boot.web.embedded.tomcat.TomcatWebServer","message":"Tomcat initialized with port 8084 (http)","service":"fms-core","version":"1.0.0","environment":"default"}
{"@timestamp":"2026-02-25T11:02:11.7902336+05:30","level":"INFO","logger_name":"org.apache.catalina.core.StandardService","message":"Starting service [Tomcat]","service":"fms-core","version":"1.0.0","environment":"default"}
{"@timestamp":"2026-02-25T11:02:11.7902336+05:30","level":"INFO","logger_name":"org.apache.catalina.core.StandardEngine","message":"Starting Servlet engine: [Apache Tomcat/10.1.39]","service":"fms-core","version":"1.0.0","environment":"default"}
{"@timestamp":"2026-02-25T11:02:11.9192685+05:30","level":"INFO","logger_name":"org.apache.catalina.core.ContainerBase.[Tomcat-3].[localhost].[/fms-core-service]","message":"Initializing Spring embedded WebApplicationContext","service":"fms-core","version":"1.0.0","environment":"default"}
{"@timestamp":"2026-02-25T11:02:11.9192685+05:30","level":"INFO","logger_name":"org.springframework.boot.web.servlet.context.ServletWebServerApplicationContext","message":"Root WebApplicationContext: initialization completed in 3782 ms","service":"fms-core","version":"1.0.0","environment":"default"}
{"@timestamp":"2026-02-25T11:02:12.6272376+05:30","level":"INFO","logger_name":"org.springframework.data.repository.config.RepositoryConfigurationDelegate","message":"Bootstrapping Spring Data JPA repositories in DEFAULT mode.","service":"fms-core","version":"1.0.0","environment":"default"}
{"@timestamp":"2026-02-25T11:02:12.9722358+05:30","level":"INFO","logger_name":"com.zaxxer.hikari.HikariDataSource","message":"HikariPool-10 - Starting...","service":"fms-core","version":"1.0.0","environment":"default"}
{"@timestamp":"2026-02-25T11:02:12.9852373+05:30","level":"INFO","logger_name":"com.zaxxer.hikari.pool.HikariPool","message":"HikariPool-10 - Added connection com.mysql.cj.jdbc.ConnectionImpl@404a33f5","service":"fms-core","version":"1.0.0","environment":"default"}
{"@timestamp":"2026-02-25T11:02:12.9862372+05:30","level":"INFO","logger_name":"com.zaxxer.hikari.HikariDataSource","message":"HikariPool-10 - Start completed.","service":"fms-core","version":"1.0.0","environment":"default"}
{"@timestamp":"2026-02-25T11:02:12.9892366+05:30","level":"INFO","logger_name":"org.hibernate.jpa.internal.util.LogHelper","message":"HHH000204: Processing PersistenceUnitInfo [name: default]","service":"fms-core","version":"1.0.0","environment":"default"}
{"@timestamp":"2026-02-25T11:02:12.9962374+05:30","level":"INFO","logger_name":"org.hibernate.cache.internal.RegionFactoryInitiator","message":"HHH000026: Second-level cache disabled","service":"fms-core","version":"1.0.0","environment":"default"}
{"@timestamp":"2026-02-25T11:02:13.0402373+05:30","level":"INFO","logger_name":"org.springframework.orm.jpa.persistenceunit.SpringPersistenceUnitInfo","message":"No LoadTimeWeaver setup: ignoring JPA class transformer","service":"fms-core","version":"1.0.0","environment":"default"}
{"@timestamp":"2026-02-25T11:02:13.0462355+05:30","level":"INFO","logger_name":"org.hibernate.orm.connections.pooling","message":"HHH10001005: Database info:\n\tDatabase JDBC URL [Connecting through datasource 'HikariDataSource (HikariPool-10)']\n\tDatabase driver: undefined/unknown\n\tDatabase version: 8.1\n\tAutocommit mode: undefined/unknown\n\tIsolation level: undefined/unknown\n\tMinimum pool size: undefined/unknown\n\tMaximum pool size: undefined/unknown","service":"fms-core","version":"1.0.0","environment":"default"}
{"@timestamp":"2026-02-25T11:02:14.8182391+05:30","level":"INFO","logger_name":"org.springframework.data.repository.config.RepositoryConfigurationDelegate","message":"Finished Spring Data repository scanning in 2185 ms. Found 19 JPA repository interfaces.","service":"fms-core","version":"1.0.0","environment":"default"}
{"@timestamp":"2026-02-25T11:02:15.4152394+05:30","level":"INFO","logger_name":"org.springframework.cloud.context.scope.GenericScope","message":"BeanFactory id=a34aabd1-1edc-3721-b029-38a30be4cc91","service":"fms-core","version":"1.0.0","environment":"default"}
{"@timestamp":"2026-02-25T11:02:16.196245+05:30","level":"INFO","logger_name":"org.springframework.boot.web.embedded.tomcat.TomcatWebServer","message":"Tomcat initialized with port 8084 (http)","service":"fms-core","version":"1.0.0","environment":"default"}
{"@timestamp":"2026-02-25T11:02:16.2102437+05:30","level":"INFO","logger_name":"org.apache.catalina.core.StandardService","message":"Starting service [Tomcat]","service":"fms-core","version":"1.0.0","environment":"default"}
{"@timestamp":"2026-02-25T11:02:16.211243+05:30","level":"INFO","logger_name":"org.apache.catalina.core.StandardEngine","message":"Starting Servlet engine: [Apache Tomcat/10.1.39]","service":"fms-core","version":"1.0.0","environment":"default"}
{"@timestamp":"2026-02-25T11:02:16.7242449+05:30","level":"INFO","logger_name":"org.apache.catalina.core.ContainerBase.[Tomcat-4].[localhost].[/fms-core-service]","message":"Initializing Spring embedded WebApplicationContext","service":"fms-core","version":"1.0.0","environment":"default"}
{"@timestamp":"2026-02-25T11:02:16.7262424+05:30","level":"INFO","logger_name":"org.springframework.boot.web.servlet.context.ServletWebServerApplicationContext","message":"Root WebApplicationContext: initialization completed in 6206 ms","service":"fms-core","version":"1.0.0","environment":"default"}
{"@timestamp":"2026-02-25T11:02:17.6002444+05:30","level":"INFO","logger_name":"com.zaxxer.hikari.HikariDataSource","message":"HikariPool-11 - Starting...","service":"fms-core","version":"1.0.0","environment":"default"}
{"@timestamp":"2026-02-25T11:02:17.6082451+05:30","level":"INFO","logger_name":"com.zaxxer.hikari.pool.HikariPool","message":"HikariPool-11 - Added connection com.mysql.cj.jdbc.ConnectionImpl@17a0fe3a","service":"fms-core","version":"1.0.0","environment":"default"}
{"@timestamp":"2026-02-25T11:02:17.6082451+05:30","level":"INFO","logger_name":"com.zaxxer.hikari.HikariDataSource","message":"HikariPool-11 - Start completed.","service":"fms-core","version":"1.0.0","environment":"default"}
{"@timestamp":"2026-02-25T11:02:17.6102716+05:30","level":"INFO","logger_name":"org.hibernate.jpa.internal.util.LogHelper","message":"HHH000204: Processing PersistenceUnitInfo [name: default]","service":"fms-core","version":"1.0.0","environment":"default"}
{"@timestamp":"2026-02-25T11:02:17.6172468+05:30","level":"INFO","logger_name":"org.hibernate.cache.internal.RegionFactoryInitiator","message":"HHH000026: Second-level cache disabled","service":"fms-core","version":"1.0.0","environment":"default"}
{"@timestamp":"2026-02-25T11:02:17.6372465+05:30","level":"INFO","logger_name":"org.springframework.orm.jpa.persistenceunit.SpringPersistenceUnitInfo","message":"No LoadTimeWeaver setup: ignoring JPA class transformer","service":"fms-core","version":"1.0.0","environment":"default"}
{"@timestamp":"2026-02-25T11:02:17.6402449+05:30","level":"INFO","logger_name":"org.hibernate.orm.connections.pooling","message":"HHH10001005: Database info:\n\tDatabase JDBC URL [Connecting through datasource 'HikariDataSource (HikariPool-11)']\n\tDatabase driver: undefined/unknown\n\tDatabase version: 8.1\n\tAutocommit mode: undefined/unknown\n\tIsolation level: undefined/unknown\n\tMinimum pool size: undefined/unknown\n\tMaximum pool size: undefined/unknown","service":"fms-core","version":"1.0.0","environment":"default"}
{"@timestamp":"2026-02-25T11:02:25.1092962+05:30","level":"INFO","logger_name":"org.hibernate.engine.transaction.jta.platform.internal.JtaPlatformInitiator","message":"HHH000489: No JTA platform available (set 'hibernate.transaction.jta.platform' to enable JTA platform integration)","service":"fms-core","version":"1.0.0","environment":"default"}
{"@timestamp":"2026-02-25T11:02:25.5142582+05:30","level":"INFO","logger_name":"org.springframework.orm.jpa.LocalContainerEntityManagerFactoryBean","message":"Initialized JPA EntityManagerFactory for persistence unit 'default'","service":"fms-core","version":"1.0.0","environment":"default"}
{"@timestamp":"2026-02-25T11:02:27.2752629+05:30","level":"INFO","logger_name":"org.hibernate.engine.transaction.jta.platform.internal.JtaPlatformInitiator","message":"HHH000489: No JTA platform available (set 'hibernate.transaction.jta.platform' to enable JTA platform integration)","service":"fms-core","version":"1.0.0","environment":"default"}
{"@timestamp":"2026-02-25T11:02:27.2912779+05:30","level":"INFO","logger_name":"org.springframework.orm.jpa.LocalContainerEntityManagerFactoryBean","message":"Initialized JPA EntityManagerFactory for persistence unit 'default'","service":"fms-core","version":"1.0.0","environment":"default"}
{"@timestamp":"2026-02-25T11:02:29.9532974+05:30","level":"WARN","logger_name":"org.springframework.boot.autoconfigure.orm.jpa.JpaBaseConfiguration$JpaWebConfiguration","message":"spring.jpa.open-in-view is enabled by default. Therefore, database queries may be performed during view rendering. Explicitly configure spring.jpa.open-in-view to disable this warning","service":"fms-core","version":"1.0.0","environment":"default"}
{"@timestamp":"2026-02-25T11:02:30.0252954+05:30","level":"INFO","logger_name":"org.springframework.validation.beanvalidation.OptionalValidatorFactoryBean","message":"Failed to set up a Bean Validation provider: jakarta.validation.NoProviderFoundException: Unable to create a Configuration, because no Jakarta Bean Validation provider could be found. Add a provider like Hibernate Validator (RI) to your classpath.","service":"fms-core","version":"1.0.0","environment":"default"}
{"@timestamp":"2026-02-25T11:02:30.2122981+05:30","level":"WARN","logger_name":"org.springframework.boot.autoconfigure.orm.jpa.JpaBaseConfiguration$JpaWebConfiguration","message":"spring.jpa.open-in-view is enabled by default. Therefore, database queries may be performed during view rendering. Explicitly configure spring.jpa.open-in-view to disable this warning","service":"fms-core","version":"1.0.0","environment":"default"}
{"@timestamp":"2026-02-25T11:02:30.301301+05:30","level":"INFO","logger_name":"org.springframework.validation.beanvalidation.OptionalValidatorFactoryBean","message":"Failed to set up a Bean Validation provider: jakarta.validation.NoProviderFoundException: Unable to create a Configuration, because no Jakarta Bean Validation provider could be found. Add a provider like Hibernate Validator (RI) to your classpath.","service":"fms-core","version":"1.0.0","environment":"default"}
{"@timestamp":"2026-02-25T11:02:32.1502994+05:30","level":"INFO","logger_name":"org.springframework.cloud.commons.util.InetUtils","message":"Cannot determine local hostname","service":"fms-core","version":"1.0.0","environment":"default"}
{"@timestamp":"2026-02-25T11:02:32.1562968+05:30","level":"INFO","logger_name":"org.springframework.cloud.commons.util.InetUtils","message":"Cannot determine local hostname","service":"fms-core","version":"1.0.0","environment":"default"}
{"@timestamp":"2026-02-25T11:02:32.6622998+05:30","level":"WARN","logger_name":"org.springframework.boot.web.servlet.context.AnnotationConfigServletWebServerApplicationContext","message":"Exception encountered during context initialization - cancelling refresh attempt: org.springframework.beans.factory.BeanCreationException: Error creating bean with name 'jmxMBeanExporter' defined in class path resource [org/springframework/boot/actuate/autoconfigure/endpoint/jmx/JmxEndpointAutoConfiguration.class]: Failed to register MBean for endpoint 'caches'","service":"fms-core","version":"1.0.0","environment":"default"}
{"@timestamp":"2026-02-25T11:02:32.6703045+05:30","level":"INFO","logger_name":"org.springframework.orm.jpa.LocalContainerEntityManagerFactoryBean","message":"Closing JPA EntityManagerFactory for persistence unit 'default'","service":"fms-core","version":"1.0.0","environment":"default"}
{"@timestamp":"2026-02-25T11:02:32.6723028+05:30","level":"INFO","logger_name":"com.zaxxer.hikari.HikariDataSource","message":"HikariPool-10 - Shutdown initiated...","service":"fms-core","version":"1.0.0","environment":"default"}
{"@timestamp":"2026-02-25T11:02:32.7363008+05:30","level":"INFO","logger_name":"com.zaxxer.hikari.HikariDataSource","message":"HikariPool-10 - Shutdown completed.","service":"fms-core","version":"1.0.0","environment":"default"}
{"@timestamp":"2026-02-25T11:02:32.7413025+05:30","level":"INFO","logger_name":"org.apache.catalina.core.StandardService","message":"Stopping service [Tomcat]","service":"fms-core","version":"1.0.0","environment":"default"}
{"@timestamp":"2026-02-25T11:02:32.761302+05:30","level":"INFO","logger_name":"org.springframework.boot.autoconfigure.logging.ConditionEvaluationReportLogger","message":"\r\n\r\nError starting ApplicationContext. To display the condition evaluation report re-run your application with 'debug' enabled.","service":"fms-core","version":"1.0.0","environment":"default"}
{"@timestamp":"2026-02-25T11:02:32.767305+05:30","level":"ERROR","logger_name":"org.springframework.boot.SpringApplication","message":"Application run failed","service":"fms-core","version":"1.0.0","environment":"default"}
{"@timestamp":"2026-02-25T11:02:33.5013013+05:30","level":"WARN","logger_name":"org.springframework.boot.devtools.autoconfigure.OptionalLiveReloadServer","message":"Unable to start LiveReload server","service":"fms-core","version":"1.0.0","environment":"default"}
{"@timestamp":"2026-02-25T11:02:34.6003065+05:30","level":"INFO","logger_name":"org.springframework.cloud.commons.util.InetUtils","message":"Cannot determine local hostname","service":"fms-core","version":"1.0.0","environment":"default"}
{"@timestamp":"2026-02-25T11:02:34.7303039+05:30","level":"INFO","logger_name":"org.springframework.cloud.netflix.eureka.config.DiscoveryClientOptionalArgsConfiguration","message":"Eureka HTTP Client uses RestTemplate.","service":"fms-core","version":"1.0.0","environment":"default"}
{"@timestamp":"2026-02-25T11:02:35.0803261+05:30","level":"WARN","logger_name":"org.springframework.cloud.loadbalancer.config.LoadBalancerCacheAutoConfiguration$LoadBalancerCaffeineWarnLogger","message":"Spring Cloud LoadBalancer is currently working with the default cache. While this cache implementation is useful for development and tests, it's recommended to use Caffeine cache in production.You can switch to using Caffeine cache, by adding it and org.springframework.cache.caffeine.CaffeineCacheManager to the classpath.","service":"fms-core","version":"1.0.0","environment":"default"}
{"@timestamp":"2026-02-25T11:02:35.1013046+05:30","level":"INFO","logger_name":"org.springframework.boot.actuate.endpoint.web.EndpointLinksResolver","message":"Exposing 6 endpoints beneath base path '/actuator'","service":"fms-core","version":"1.0.0","environment":"default"}
{"@timestamp":"2026-02-25T11:02:35.3533072+05:30","level":"INFO","logger_name":"org.springframework.messaging.simp.broker.SimpleBrokerMessageHandler","message":"Starting...","service":"fms-core","version":"1.0.0","environment":"default"}
{"@timestamp":"2026-02-25T11:02:35.3533072+05:30","level":"INFO","logger_name":"org.springframework.messaging.simp.broker.SimpleBrokerMessageHandler","message":"BrokerAvailabilityEvent[available=true, SimpleBrokerMessageHandler [org.springframework.messaging.simp.broker.DefaultSubscriptionRegistry@5b527440]]","service":"fms-core","version":"1.0.0","environment":"default"}
{"@timestamp":"2026-02-25T11:02:35.3543253+05:30","level":"INFO","logger_name":"org.springframework.messaging.simp.broker.SimpleBrokerMessageHandler","message":"Started.","service":"fms-core","version":"1.0.0","environment":"default"}
{"@timestamp":"2026-02-25T11:02:35.3653089+05:30","level":"INFO","logger_name":"org.springframework.cloud.netflix.eureka.InstanceInfoFactory","message":"Setting initial instance status as: STARTING","service":"fms-core","version":"1.0.0","environment":"default"}
{"@timestamp":"2026-02-25T11:02:35.3763081+05:30","level":"INFO","logger_name":"com.netflix.discovery.DiscoveryClient","message":"Initializing Eureka in region us-east-1","service":"fms-core","version":"1.0.0","environment":"default"}
{"@timestamp":"2026-02-25T11:02:35.3773079+05:30","level":"INFO","logger_name":"com.netflix.discovery.shared.resolver.aws.ConfigClusterResolver","message":"Resolving eureka endpoints via configuration","service":"fms-core","version":"1.0.0","environment":"default"}
{"@timestamp":"2026-02-25T11:02:35.3783051+05:30","level":"INFO","logger_name":"com.netflix.discovery.DiscoveryClient","message":"Disable delta property : false","service":"fms-core","version":"1.0.0","environment":"default"}
{"@timestamp":"2026-02-25T11:02:35.3783051+05:30","level":"INFO","logger_name":"com.netflix.discovery.DiscoveryClient","message":"Single vip registry refresh property : null","service":"fms-core","version":"1.0.0","environment":"default"}
{"@timestamp":"2026-02-25T11:02:35.3793063+05:30","level":"INFO","logger_name":"com.netflix.discovery.DiscoveryClient","message":"Force full registry fetch : false","service":"fms-core","version":"1.0.0","environment":"default"}
{"@timestamp":"2026-02-25T11:02:35.3793063+05:30","level":"INFO","logger_name":"com.netflix.discovery.DiscoveryClient","message":"Application is null : false","service":"fms-core","version":"1.0.0","environment":"default"}
{"@timestamp":"2026-02-25T11:02:35.3793063+05:30","level":"INFO","logger_name":"com.netflix.discovery.DiscoveryClient","message":"Registered Applications size is zero : true","service":"fms-core","version":"1.0.0","environment":"default"}
{"@timestamp":"2026-02-25T11:02:35.3793063+05:30","level":"INFO","logger_name":"com.netflix.discovery.DiscoveryClient","message":"Application version is -1: true","service":"fms-core","version":"1.0.0","environment":"default"}
{"@timestamp":"2026-02-25T11:02:35.3803069+05:30","level":"INFO","logger_name":"com.netflix.discovery.DiscoveryClient","message":"Getting all instance registry info from the eureka server","service":"fms-core","version":"1.0.0","environment":"default"}
{"@timestamp":"2026-02-25T11:02:35.554307+05:30","level":"INFO","logger_name":"com.netflix.discovery.DiscoveryClient","message":"The response status is 200","service":"fms-core","version":"1.0.0","environment":"default"}
{"@timestamp":"2026-02-25T11:02:35.5553066+05:30","level":"INFO","logger_name":"com.netflix.discovery.DiscoveryClient","message":"Starting heartbeat executor: renew interval is: 30","service":"fms-core","version":"1.0.0","environment":"default"}
{"@timestamp":"2026-02-25T11:02:35.5563102+05:30","level":"INFO","logger_name":"com.netflix.discovery.InstanceInfoReplicator","message":"InstanceInfoReplicator onDemand update allowed rate per min is 4","service":"fms-core","version":"1.0.0","environment":"default"}
{"@timestamp":"2026-02-25T11:02:35.5563102+05:30","level":"INFO","logger_name":"com.netflix.discovery.DiscoveryClient","message":"Discovery Client initialized at timestamp 1771997555556 with initial instances count: 3","service":"fms-core","version":"1.0.0","environment":"default"}
{"@timestamp":"2026-02-25T11:02:35.5723089+05:30","level":"INFO","logger_name":"org.springframework.cloud.netflix.eureka.serviceregistry.EurekaServiceRegistry","message":"Registering application FMS_CORE with eureka with status UP","service":"fms-core","version":"1.0.0","environment":"default"}
{"@timestamp":"2026-02-25T11:02:35.5733084+05:30","level":"INFO","logger_name":"com.netflix.discovery.DiscoveryClient","message":"Saw local status change event StatusChangeEvent [timestamp=1771997555573, current=UP, previous=STARTING]","service":"fms-core","version":"1.0.0","environment":"default"}
{"@timestamp":"2026-02-25T11:02:35.5743067+05:30","level":"INFO","logger_name":"com.netflix.discovery.DiscoveryClient","message":"DiscoveryClient_FMS_CORE/localhost:fms_core:8084: registering service...","service":"fms-core","version":"1.0.0","environment":"default"}
{"@timestamp":"2026-02-25T11:02:35.6803075+05:30","level":"INFO","logger_name":"com.netflix.discovery.DiscoveryClient","message":"DiscoveryClient_FMS_CORE/localhost:fms_core:8084 - registration status: 204","service":"fms-core","version":"1.0.0","environment":"default"}
{"@timestamp":"2026-02-25T11:02:35.6823089+05:30","level":"INFO","logger_name":"org.springframework.boot.web.embedded.tomcat.TomcatWebServer","message":"Tomcat started on port 8084 (http) with context path '/fms-core-service'","service":"fms-core","version":"1.0.0","environment":"default"}
{"@timestamp":"2026-02-25T11:02:35.6833075+05:30","level":"INFO","logger_name":"org.springframework.cloud.netflix.eureka.serviceregistry.EurekaAutoServiceRegistration","message":"Updating port to 8084","service":"fms-core","version":"1.0.0","environment":"default"}
{"@timestamp":"2026-02-25T11:02:36.7253108+05:30","level":"INFO","logger_name":"org.springframework.cloud.commons.util.InetUtils","message":"Cannot determine local hostname","service":"fms-core","version":"1.0.0","environment":"default"}
{"@timestamp":"2026-02-25T11:02:36.7463132+05:30","level":"INFO","logger_name":"net.com.fms_core.FmsCoreApplication","message":"Started FmsCoreApplication in 28.618 seconds (process running for 5143.869)","service":"fms-core","version":"1.0.0","environment":"default"}
{"@timestamp":"2026-02-25T11:02:36.7493133+05:30","level":"ERROR","logger_name":"net.com.fms_core.config.SocketListener","message":"❌ Error in FMS Receiver: Address already in use: bind","service":"fms-core","version":"1.0.0","environment":"default"}
{"@timestamp":"2026-02-25T11:02:37.9013115+05:30","level":"INFO","logger_name":"org.drools.compiler.kie.builder.impl.KieContainerImpl","message":"Start creation of KieBase: defaultKieBase","service":"fms-core","version":"1.0.0","environment":"default"}
{"@timestamp":"2026-02-25T11:02:37.9193106+05:30","level":"INFO","logger_name":"org.drools.compiler.kie.builder.impl.KieContainerImpl","message":"End creation of KieBase: defaultKieBase","service":"fms-core","version":"1.0.0","environment":"default"}
{"@timestamp":"2026-02-25T11:02:37.926323+05:30","level":"INFO","logger_name":"org.springframework.boot.devtools.autoconfigure.ConditionEvaluationDeltaLoggingListener","message":"Condition evaluation unchanged","service":"fms-core","version":"1.0.0","environment":"default"}
{"@timestamp":"2026-02-25T11:03:35.3023213+05:30","level":"INFO","logger_name":"org.springframework.web.socket.config.WebSocketMessageBrokerStats","message":"WebSocketSession[0 current WS(0)-HttpStream(0)-HttpPoll(0), 0 total, 0 closed abnormally (0 connect failure, 0 send limit, 0 transport error)], stompSubProtocol[processed CONNECT(0)-CONNECTED(0)-DISCONNECT(0)], stompBrokerRelay[null], inboundChannel[pool size = 0, active threads = 0, queued tasks = 0, completed tasks = 0], outboundChannel[pool size = 0, active threads = 0, queued tasks = 0, completed tasks = 0], sockJsScheduler[pool size = 1, active threads = 1, queued tasks = 0, completed tasks = 0]","service":"fms-core","version":"1.0.0","environment":"default"}
{"@timestamp":"2026-02-25T11:07:35.3882257+05:30","level":"INFO","logger_name":"com.netflix.discovery.shared.resolver.aws.ConfigClusterResolver","message":"Resolving eureka endpoints via configuration","service":"fms-core","version":"1.0.0","environment":"default"}
{"@timestamp":"2026-02-25T11:12:35.3932345+05:30","level":"INFO","logger_name":"com.netflix.discovery.shared.resolver.aws.ConfigClusterResolver","message":"Resolving eureka endpoints via configuration","service":"fms-core","version":"1.0.0","environment":"default"}
{"@timestamp":"2026-02-25T11:17:35.4158076+05:30","level":"INFO","logger_name":"com.netflix.discovery.shared.resolver.aws.ConfigClusterResolver","message":"Resolving eureka endpoints via configuration","service":"fms-core","version":"1.0.0","environment":"default"}
{"@timestamp":"2026-02-25T11:22:35.4323137+05:30","level":"INFO","logger_name":"com.netflix.discovery.shared.resolver.aws.ConfigClusterResolver","message":"Resolving eureka endpoints via configuration","service":"fms-core","version":"1.0.0","environment":"default"}
{"@timestamp":"2026-02-25T11:27:35.4413301+05:30","level":"INFO","logger_name":"com.netflix.discovery.shared.resolver.aws.ConfigClusterResolver","message":"Resolving eureka endpoints via configuration","service":"fms-core","version":"1.0.0","environment":"default"}
{"@timestamp":"2026-02-25T11:28:16.7186601+05:30","level":"INFO","logger_name":"com.netflix.discovery.DiscoveryClient","message":"DiscoveryClient_FMS_CORE/localhost:fms_core:8084 - registration status: 204","service":"fms-core","version":"1.0.0","environment":"default"}
{"@timestamp":"2026-02-25T11:28:16.7306716+05:30","level":"INFO","logger_name":"org.springframework.orm.jpa.LocalContainerEntityManagerFactoryBean","message":"Closing JPA EntityManagerFactory for persistence unit 'default'","service":"fms-core","version":"1.0.0","environment":"default"}
{"@timestamp":"2026-02-25T11:28:16.7326587+05:30","level":"INFO","logger_name":"com.zaxxer.hikari.HikariDataSource","message":"HikariPool-11 - Shutdown initiated...","service":"fms-core","version":"1.0.0","environment":"default"}
{"@timestamp":"2026-02-25T11:28:16.8476615+05:30","level":"INFO","logger_name":"com.zaxxer.hikari.HikariDataSource","message":"HikariPool-11 - Shutdown completed.","service":"fms-core","version":"1.0.0","environment":"default"}
{"@timestamp":"2026-02-25T11:28:16.8506594+05:30","level":"INFO","logger_name":"com.netflix.discovery.DiscoveryClient","message":"Shutting down DiscoveryClient ...","service":"fms-core","version":"1.0.0","environment":"default"}
{"@timestamp":"2026-02-25T11:28:17.5666634+05:30","level":"INFO","logger_name":"org.springframework.cloud.commons.util.InetUtils","message":"Cannot determine local hostname","service":"fms-core","version":"1.0.0","environment":"default"}
{"@timestamp":"2026-02-25T11:28:17.5856614+05:30","level":"INFO","logger_name":"org.springframework.boot.devtools.env.DevToolsPropertyDefaultsPostProcessor","message":"Devtools property defaults active! Set 'spring.devtools.add-properties' to 'false' to disable","service":"fms-core","version":"1.0.0","environment":"default"}
{"@timestamp":"2026-02-25T11:28:17.5856614+05:30","level":"INFO","logger_name":"org.springframework.boot.devtools.env.DevToolsPropertyDefaultsPostProcessor","message":"For additional web related logging consider setting the 'logging.level.web' property to 'DEBUG'","service":"fms-core","version":"1.0.0","environment":"default"}
{"@timestamp":"2026-02-25T11:28:18.7886666+05:30","level":"INFO","logger_name":"net.com.fms_core.FmsCoreApplication","message":"Starting FmsCoreApplication using Java 21.0.2 with PID 28148 (C:\\Users\\kavinda_d\\Documents\\e soft\\final project\\project\\fms backend\\fms_core\\target\\classes started by kavinda_d in C:\\Users\\kavinda_d\\Documents\\e soft\\final project\\project\\fms backend)","service":"fms-core","version":"1.0.0","environment":"default"}
{"@timestamp":"2026-02-25T11:28:18.7886666+05:30","level":"DEBUG","logger_name":"net.com.fms_core.FmsCoreApplication","message":"Running with Spring Boot v3.4.4, Spring v6.2.5","service":"fms-core","version":"1.0.0","environment":"default"}
{"@timestamp":"2026-02-25T11:28:18.7886666+05:30","level":"INFO","logger_name":"net.com.fms_core.FmsCoreApplication","message":"The following 1 profile is active: \"dev\"","service":"fms-core","version":"1.0.0","environment":"default"}
{"@timestamp":"2026-02-25T11:28:18.7966673+05:30","level":"INFO","logger_name":"org.springframework.cloud.config.client.ConfigServerConfigDataLoader","message":"Fetching config from server at : http://localhost:8888","service":"fms-core","version":"1.0.0","environment":"default"}
{"@timestamp":"2026-02-25T11:28:18.7966673+05:30","level":"INFO","logger_name":"org.springframework.cloud.config.client.ConfigServerConfigDataLoader","message":"Located environment: name=fms_core, profiles=[dev], label=null, version=null, state=null","service":"fms-core","version":"1.0.0","environment":"default"}
{"@timestamp":"2026-02-25T11:28:19.8906709+05:30","level":"INFO","logger_name":"com.netflix.discovery.DiscoveryClient","message":"Unregistering ...","service":"fms-core","version":"1.0.0","environment":"default"}
{"@timestamp":"2026-02-25T11:28:19.9126724+05:30","level":"INFO","logger_name":"com.netflix.discovery.DiscoveryClient","message":"DiscoveryClient_FMS_CORE/localhost:fms_core:8084 - deregister  status: 200","service":"fms-core","version":"1.0.0","environment":"default"}
{"@timestamp":"2026-02-25T11:28:19.9126724+05:30","level":"INFO","logger_name":"com.netflix.discovery.DiscoveryClient","message":"Completed shut down of DiscoveryClient","service":"fms-core","version":"1.0.0","environment":"default"}
{"@timestamp":"2026-02-25T11:28:23.0466825+05:30","level":"INFO","logger_name":"net.com.fms_core.FmsCoreApplication","message":"Starting FmsCoreApplication using Java 21.0.2 with PID 28148 (C:\\Users\\kavinda_d\\Documents\\e soft\\final project\\project\\fms backend\\fms_core\\target\\classes started by kavinda_d in C:\\Users\\kavinda_d\\Documents\\e soft\\final project\\project\\fms backend)","service":"fms-core","version":"1.0.0","environment":"default"}
{"@timestamp":"2026-02-25T11:28:23.0466825+05:30","level":"DEBUG","logger_name":"net.com.fms_core.FmsCoreApplication","message":"Running with Spring Boot v3.4.4, Spring v6.2.5","service":"fms-core","version":"1.0.0","environment":"default"}
{"@timestamp":"2026-02-25T11:28:23.0476796+05:30","level":"INFO","logger_name":"net.com.fms_core.FmsCoreApplication","message":"The following 1 profile is active: \"dev\"","service":"fms-core","version":"1.0.0","environment":"default"}
{"@timestamp":"2026-02-25T11:28:23.0496848+05:30","level":"INFO","logger_name":"org.springframework.cloud.config.client.ConfigServerConfigDataLoader","message":"Fetching config from server at : http://localhost:8888","service":"fms-core","version":"1.0.0","environment":"default"}
{"@timestamp":"2026-02-25T11:28:23.0506818+05:30","level":"INFO","logger_name":"org.springframework.cloud.config.client.ConfigServerConfigDataLoader","message":"Located environment: name=fms_core, profiles=[dev], label=null, version=null, state=null","service":"fms-core","version":"1.0.0","environment":"default"}
{"@timestamp":"2026-02-25T11:28:23.5846834+05:30","level":"INFO","logger_name":"org.springframework.cloud.context.scope.GenericScope","message":"BeanFactory id=a34aabd1-1edc-3721-b029-38a30be4cc91","service":"fms-core","version":"1.0.0","environment":"default"}
{"@timestamp":"2026-02-25T11:28:25.4346899+05:30","level":"INFO","logger_name":"org.springframework.data.repository.config.RepositoryConfigurationDelegate","message":"Bootstrapping Spring Data JPA repositories in DEFAULT mode.","service":"fms-core","version":"1.0.0","environment":"default"}
{"@timestamp":"2026-02-25T11:28:25.6976937+05:30","level":"INFO","logger_name":"org.springframework.boot.web.embedded.tomcat.TomcatWebServer","message":"Tomcat initialized with port 8084 (http)","service":"fms-core","version":"1.0.0","environment":"default"}
{"@timestamp":"2026-02-25T11:28:25.700689+05:30","level":"INFO","logger_name":"org.apache.catalina.core.StandardService","message":"Starting service [Tomcat]","service":"fms-core","version":"1.0.0","environment":"default"}
{"@timestamp":"2026-02-25T11:28:25.7016924+05:30","level":"INFO","logger_name":"org.apache.catalina.core.StandardEngine","message":"Starting Servlet engine: [Apache Tomcat/10.1.39]","service":"fms-core","version":"1.0.0","environment":"default"}
{"@timestamp":"2026-02-25T11:28:25.7496906+05:30","level":"INFO","logger_name":"org.springframework.data.repository.config.RepositoryConfigurationDelegate","message":"Finished Spring Data repository scanning in 310 ms. Found 19 JPA repository interfaces.","service":"fms-core","version":"1.0.0","environment":"default"}
{"@timestamp":"2026-02-25T11:28:25.9217122+05:30","level":"INFO","logger_name":"org.apache.catalina.core.ContainerBase.[Tomcat-4].[localhost].[/fms-core-service]","message":"Initializing Spring embedded WebApplicationContext","service":"fms-core","version":"1.0.0","environment":"default"}
{"@timestamp":"2026-02-25T11:28:25.9217122+05:30","level":"INFO","logger_name":"org.springframework.boot.web.servlet.context.ServletWebServerApplicationContext","message":"Root WebApplicationContext: initialization completed in 7124 ms","service":"fms-core","version":"1.0.0","environment":"default"}
{"@timestamp":"2026-02-25T11:28:26.205694+05:30","level":"INFO","logger_name":"org.springframework.cloud.context.scope.GenericScope","message":"BeanFactory id=a34aabd1-1edc-3721-b029-38a30be4cc91","service":"fms-core","version":"1.0.0","environment":"default"}
{"@timestamp":"2026-02-25T11:28:26.7776951+05:30","level":"INFO","logger_name":"com.zaxxer.hikari.HikariDataSource","message":"HikariPool-12 - Starting...","service":"fms-core","version":"1.0.0","environment":"default"}
{"@timestamp":"2026-02-25T11:28:26.8226936+05:30","level":"INFO","logger_name":"com.zaxxer.hikari.pool.HikariPool","message":"HikariPool-12 - Added connection com.mysql.cj.jdbc.ConnectionImpl@3e126f17","service":"fms-core","version":"1.0.0","environment":"default"}
{"@timestamp":"2026-02-25T11:28:26.8236968+05:30","level":"INFO","logger_name":"com.zaxxer.hikari.HikariDataSource","message":"HikariPool-12 - Start completed.","service":"fms-core","version":"1.0.0","environment":"default"}
{"@timestamp":"2026-02-25T11:28:26.8266942+05:30","level":"INFO","logger_name":"org.hibernate.jpa.internal.util.LogHelper","message":"HHH000204: Processing PersistenceUnitInfo [name: default]","service":"fms-core","version":"1.0.0","environment":"default"}
{"@timestamp":"2026-02-25T11:28:26.8346931+05:30","level":"INFO","logger_name":"org.hibernate.cache.internal.RegionFactoryInitiator","message":"HHH000026: Second-level cache disabled","service":"fms-core","version":"1.0.0","environment":"default"}
{"@timestamp":"2026-02-25T11:28:26.8746957+05:30","level":"INFO","logger_name":"org.springframework.orm.jpa.persistenceunit.SpringPersistenceUnitInfo","message":"No LoadTimeWeaver setup: ignoring JPA class transformer","service":"fms-core","version":"1.0.0","environment":"default"}
{"@timestamp":"2026-02-25T11:28:26.880705+05:30","level":"INFO","logger_name":"org.hibernate.orm.connections.pooling","message":"HHH10001005: Database info:\n\tDatabase JDBC URL [Connecting through datasource 'HikariDataSource (HikariPool-12)']\n\tDatabase driver: undefined/unknown\n\tDatabase version: 8.1\n\tAutocommit mode: undefined/unknown\n\tIsolation level: undefined/unknown\n\tMinimum pool size: undefined/unknown\n\tMaximum pool size: undefined/unknown","service":"fms-core","version":"1.0.0","environment":"default"}
{"@timestamp":"2026-02-25T11:28:27.0286981+05:30","level":"INFO","logger_name":"org.springframework.boot.web.embedded.tomcat.TomcatWebServer","message":"Tomcat initialized with port 8084 (http)","service":"fms-core","version":"1.0.0","environment":"default"}
{"@timestamp":"2026-02-25T11:28:27.0296943+05:30","level":"INFO","logger_name":"org.apache.catalina.core.StandardService","message":"Starting service [Tomcat]","service":"fms-core","version":"1.0.0","environment":"default"}
{"@timestamp":"2026-02-25T11:28:27.0306988+05:30","level":"INFO","logger_name":"org.apache.catalina.core.StandardEngine","message":"Starting Servlet engine: [Apache Tomcat/10.1.39]","service":"fms-core","version":"1.0.0","environment":"default"}
{"@timestamp":"2026-02-25T11:28:27.1666941+05:30","level":"INFO","logger_name":"org.apache.catalina.core.ContainerBase.[Tomcat-5].[localhost].[/fms-core-service]","message":"Initializing Spring embedded WebApplicationContext","service":"fms-core","version":"1.0.0","environment":"default"}
{"@timestamp":"2026-02-25T11:28:27.1676945+05:30","level":"INFO","logger_name":"org.springframework.boot.web.servlet.context.ServletWebServerApplicationContext","message":"Root WebApplicationContext: initialization completed in 4117 ms","service":"fms-core","version":"1.0.0","environment":"default"}
{"@timestamp":"2026-02-25T11:28:27.964697+05:30","level":"INFO","logger_name":"com.zaxxer.hikari.HikariDataSource","message":"HikariPool-13 - Starting...","service":"fms-core","version":"1.0.0","environment":"default"}
{"@timestamp":"2026-02-25T11:28:27.9716989+05:30","level":"INFO","logger_name":"com.zaxxer.hikari.pool.HikariPool","message":"HikariPool-13 - Added connection com.mysql.cj.jdbc.ConnectionImpl@5528dd8a","service":"fms-core","version":"1.0.0","environment":"default"}
{"@timestamp":"2026-02-25T11:28:27.9716989+05:30","level":"INFO","logger_name":"com.zaxxer.hikari.HikariDataSource","message":"HikariPool-13 - Start completed.","service":"fms-core","version":"1.0.0","environment":"default"}
{"@timestamp":"2026-02-25T11:28:27.9736994+05:30","level":"INFO","logger_name":"org.hibernate.jpa.internal.util.LogHelper","message":"HHH000204: Processing PersistenceUnitInfo [name: default]","service":"fms-core","version":"1.0.0","environment":"default"}
{"@timestamp":"2026-02-25T11:28:27.9816969+05:30","level":"INFO","logger_name":"org.hibernate.cache.internal.RegionFactoryInitiator","message":"HHH000026: Second-level cache disabled","service":"fms-core","version":"1.0.0","environment":"default"}
{"@timestamp":"2026-02-25T11:28:28.0037214+05:30","level":"INFO","logger_name":"org.springframework.orm.jpa.persistenceunit.SpringPersistenceUnitInfo","message":"No LoadTimeWeaver setup: ignoring JPA class transformer","service":"fms-core","version":"1.0.0","environment":"default"}
{"@timestamp":"2026-02-25T11:28:28.0406971+05:30","level":"INFO","logger_name":"org.hibernate.orm.connections.pooling","message":"HHH10001005: Database info:\n\tDatabase JDBC URL [Connecting through datasource 'HikariDataSource (HikariPool-13)']\n\tDatabase driver: undefined/unknown\n\tDatabase version: 8.1\n\tAutocommit mode: undefined/unknown\n\tIsolation level: undefined/unknown\n\tMinimum pool size: undefined/unknown\n\tMaximum pool size: undefined/unknown","service":"fms-core","version":"1.0.0","environment":"default"}
{"@timestamp":"2026-02-25T11:28:32.13032+05:30","level":"INFO","logger_name":"org.hibernate.engine.transaction.jta.platform.internal.JtaPlatformInitiator","message":"HHH000489: No JTA platform available (set 'hibernate.transaction.jta.platform' to enable JTA platform integration)","service":"fms-core","version":"1.0.0","environment":"default"}
{"@timestamp":"2026-02-25T11:28:32.2583254+05:30","level":"INFO","logger_name":"org.hibernate.engine.transaction.jta.platform.internal.JtaPlatformInitiator","message":"HHH000489: No JTA platform available (set 'hibernate.transaction.jta.platform' to enable JTA platform integration)","service":"fms-core","version":"1.0.0","environment":"default"}
{"@timestamp":"2026-02-25T11:28:33.1553249+05:30","level":"INFO","logger_name":"org.springframework.orm.jpa.LocalContainerEntityManagerFactoryBean","message":"Initialized JPA EntityManagerFactory for persistence unit 'default'","service":"fms-core","version":"1.0.0","environment":"default"}
{"@timestamp":"2026-02-25T11:28:34.5633289+05:30","level":"INFO","logger_name":"org.springframework.orm.jpa.LocalContainerEntityManagerFactoryBean","message":"Initialized JPA EntityManagerFactory for persistence unit 'default'","service":"fms-core","version":"1.0.0","environment":"default"}
{"@timestamp":"2026-02-25T11:28:39.6143477+05:30","level":"WARN","logger_name":"org.springframework.boot.autoconfigure.orm.jpa.JpaBaseConfiguration$JpaWebConfiguration","message":"spring.jpa.open-in-view is enabled by default. Therefore, database queries may be performed during view rendering. Explicitly configure spring.jpa.open-in-view to disable this warning","service":"fms-core","version":"1.0.0","environment":"default"}
{"@timestamp":"2026-02-25T11:28:39.6503441+05:30","level":"WARN","logger_name":"org.springframework.boot.autoconfigure.orm.jpa.JpaBaseConfiguration$JpaWebConfiguration","message":"spring.jpa.open-in-view is enabled by default. Therefore, database queries may be performed during view rendering. Explicitly configure spring.jpa.open-in-view to disable this warning","service":"fms-core","version":"1.0.0","environment":"default"}
{"@timestamp":"2026-02-25T11:28:39.7513493+05:30","level":"INFO","logger_name":"org.springframework.validation.beanvalidation.OptionalValidatorFactoryBean","message":"Failed to set up a Bean Validation provider: jakarta.validation.NoProviderFoundException: Unable to create a Configuration, because no Jakarta Bean Validation provider could be found. Add a provider like Hibernate Validator (RI) to your classpath.","service":"fms-core","version":"1.0.0","environment":"default"}
{"@timestamp":"2026-02-25T11:28:39.8013493+05:30","level":"INFO","logger_name":"org.springframework.validation.beanvalidation.OptionalValidatorFactoryBean","message":"Failed to set up a Bean Validation provider: jakarta.validation.NoProviderFoundException: Unable to create a Configuration, because no Jakarta Bean Validation provider could be found. Add a provider like Hibernate Validator (RI) to your classpath.","service":"fms-core","version":"1.0.0","environment":"default"}
{"@timestamp":"2026-02-25T11:28:42.2303532+05:30","level":"INFO","logger_name":"org.springframework.cloud.commons.util.InetUtils","message":"Cannot determine local hostname","service":"fms-core","version":"1.0.0","environment":"default"}
{"@timestamp":"2026-02-25T11:28:42.2473548+05:30","level":"INFO","logger_name":"org.springframework.cloud.commons.util.InetUtils","message":"Cannot determine local hostname","service":"fms-core","version":"1.0.0","environment":"default"}
{"@timestamp":"2026-02-25T11:28:43.3593603+05:30","level":"WARN","logger_name":"org.springframework.boot.web.servlet.context.AnnotationConfigServletWebServerApplicationContext","message":"Exception encountered during context initialization - cancelling refresh attempt: org.springframework.beans.factory.BeanCreationException: Error creating bean with name 'springApplicationAdminRegistrar' defined in class path resource [org/springframework/boot/autoconfigure/admin/SpringApplicationAdminJmxAutoConfiguration.class]: org.springframework.boot:type=Admin,name=SpringApplication","service":"fms-core","version":"1.0.0","environment":"default"}
{"@timestamp":"2026-02-25T11:28:43.3733558+05:30","level":"INFO","logger_name":"org.springframework.orm.jpa.LocalContainerEntityManagerFactoryBean","message":"Closing JPA EntityManagerFactory for persistence unit 'default'","service":"fms-core","version":"1.0.0","environment":"default"}
{"@timestamp":"2026-02-25T11:28:43.3743581+05:30","level":"INFO","logger_name":"com.zaxxer.hikari.HikariDataSource","message":"HikariPool-12 - Shutdown initiated...","service":"fms-core","version":"1.0.0","environment":"default"}
{"@timestamp":"2026-02-25T11:28:43.4583581+05:30","level":"INFO","logger_name":"com.zaxxer.hikari.HikariDataSource","message":"HikariPool-12 - Shutdown completed.","service":"fms-core","version":"1.0.0","environment":"default"}
{"@timestamp":"2026-02-25T11:28:43.4653584+05:30","level":"INFO","logger_name":"org.apache.catalina.core.StandardService","message":"Stopping service [Tomcat]","service":"fms-core","version":"1.0.0","environment":"default"}
{"@timestamp":"2026-02-25T11:28:43.484358+05:30","level":"INFO","logger_name":"org.springframework.boot.autoconfigure.logging.ConditionEvaluationReportLogger","message":"\r\n\r\nError starting ApplicationContext. To display the condition evaluation report re-run your application with 'debug' enabled.","service":"fms-core","version":"1.0.0","environment":"default"}
{"@timestamp":"2026-02-25T11:28:43.4913578+05:30","level":"ERROR","logger_name":"org.springframework.boot.SpringApplication","message":"Application run failed","service":"fms-core","version":"1.0.0","environment":"default"}
{"@timestamp":"2026-02-25T11:28:43.6573601+05:30","level":"WARN","logger_name":"org.springframework.boot.devtools.autoconfigure.OptionalLiveReloadServer","message":"Unable to start LiveReload server","service":"fms-core","version":"1.0.0","environment":"default"}
{"@timestamp":"2026-02-25T11:28:44.7463707+05:30","level":"INFO","logger_name":"org.springframework.cloud.commons.util.InetUtils","message":"Cannot determine local hostname","service":"fms-core","version":"1.0.0","environment":"default"}
{"@timestamp":"2026-02-25T11:28:44.8633651+05:30","level":"INFO","logger_name":"org.springframework.cloud.netflix.eureka.config.DiscoveryClientOptionalArgsConfiguration","message":"Eureka HTTP Client uses RestTemplate.","service":"fms-core","version":"1.0.0","environment":"default"}
{"@timestamp":"2026-02-25T11:28:45.077366+05:30","level":"WARN","logger_name":"org.springframework.cloud.loadbalancer.config.LoadBalancerCacheAutoConfiguration$LoadBalancerCaffeineWarnLogger","message":"Spring Cloud LoadBalancer is currently working with the default cache. While this cache implementation is useful for development and tests, it's recommended to use Caffeine cache in production.You can switch to using Caffeine cache, by adding it and org.springframework.cache.caffeine.CaffeineCacheManager to the classpath.","service":"fms-core","version":"1.0.0","environment":"default"}
{"@timestamp":"2026-02-25T11:28:45.0983666+05:30","level":"INFO","logger_name":"org.springframework.boot.actuate.endpoint.web.EndpointLinksResolver","message":"Exposing 6 endpoints beneath base path '/actuator'","service":"fms-core","version":"1.0.0","environment":"default"}
{"@timestamp":"2026-02-25T11:28:45.3173657+05:30","level":"INFO","logger_name":"org.springframework.messaging.simp.broker.SimpleBrokerMessageHandler","message":"Starting...","service":"fms-core","version":"1.0.0","environment":"default"}
{"@timestamp":"2026-02-25T11:28:45.3183639+05:30","level":"INFO","logger_name":"org.springframework.messaging.simp.broker.SimpleBrokerMessageHandler","message":"BrokerAvailabilityEvent[available=true, SimpleBrokerMessageHandler [org.springframework.messaging.simp.broker.DefaultSubscriptionRegistry@7ad52056]]","service":"fms-core","version":"1.0.0","environment":"default"}
{"@timestamp":"2026-02-25T11:28:45.3183639+05:30","level":"INFO","logger_name":"org.springframework.messaging.simp.broker.SimpleBrokerMessageHandler","message":"Started.","service":"fms-core","version":"1.0.0","environment":"default"}
{"@timestamp":"2026-02-25T11:28:45.3283668+05:30","level":"INFO","logger_name":"org.springframework.cloud.netflix.eureka.InstanceInfoFactory","message":"Setting initial instance status as: STARTING","service":"fms-core","version":"1.0.0","environment":"default"}
{"@timestamp":"2026-02-25T11:28:45.3363644+05:30","level":"INFO","logger_name":"com.netflix.discovery.DiscoveryClient","message":"Initializing Eureka in region us-east-1","service":"fms-core","version":"1.0.0","environment":"default"}
{"@timestamp":"2026-02-25T11:28:45.3363644+05:30","level":"INFO","logger_name":"com.netflix.discovery.shared.resolver.aws.ConfigClusterResolver","message":"Resolving eureka endpoints via configuration","service":"fms-core","version":"1.0.0","environment":"default"}
{"@timestamp":"2026-02-25T11:28:45.3363644+05:30","level":"INFO","logger_name":"com.netflix.discovery.DiscoveryClient","message":"Disable delta property : false","service":"fms-core","version":"1.0.0","environment":"default"}
{"@timestamp":"2026-02-25T11:28:45.3373656+05:30","level":"INFO","logger_name":"com.netflix.discovery.DiscoveryClient","message":"Single vip registry refresh property : null","service":"fms-core","version":"1.0.0","environment":"default"}
{"@timestamp":"2026-02-25T11:28:45.3373656+05:30","level":"INFO","logger_name":"com.netflix.discovery.DiscoveryClient","message":"Force full registry fetch : false","service":"fms-core","version":"1.0.0","environment":"default"}
{"@timestamp":"2026-02-25T11:28:45.3373656+05:30","level":"INFO","logger_name":"com.netflix.discovery.DiscoveryClient","message":"Application is null : false","service":"fms-core","version":"1.0.0","environment":"default"}
{"@timestamp":"2026-02-25T11:28:45.3373656+05:30","level":"INFO","logger_name":"com.netflix.discovery.DiscoveryClient","message":"Registered Applications size is zero : true","service":"fms-core","version":"1.0.0","environment":"default"}
{"@timestamp":"2026-02-25T11:28:45.3373656+05:30","level":"INFO","logger_name":"com.netflix.discovery.DiscoveryClient","message":"Application version is -1: true","service":"fms-core","version":"1.0.0","environment":"default"}
{"@timestamp":"2026-02-25T11:28:45.3373656+05:30","level":"INFO","logger_name":"com.netflix.discovery.DiscoveryClient","message":"Getting all instance registry info from the eureka server","service":"fms-core","version":"1.0.0","environment":"default"}
{"@timestamp":"2026-02-25T11:28:45.4483646+05:30","level":"INFO","logger_name":"com.netflix.discovery.DiscoveryClient","message":"The response status is 200","service":"fms-core","version":"1.0.0","environment":"default"}
{"@timestamp":"2026-02-25T11:28:45.4493643+05:30","level":"INFO","logger_name":"com.netflix.discovery.DiscoveryClient","message":"Starting heartbeat executor: renew interval is: 30","service":"fms-core","version":"1.0.0","environment":"default"}
{"@timestamp":"2026-02-25T11:28:45.4503652+05:30","level":"INFO","logger_name":"com.netflix.discovery.InstanceInfoReplicator","message":"InstanceInfoReplicator onDemand update allowed rate per min is 4","service":"fms-core","version":"1.0.0","environment":"default"}
{"@timestamp":"2026-02-25T11:28:45.4513681+05:30","level":"INFO","logger_name":"com.netflix.discovery.DiscoveryClient","message":"Discovery Client initialized at timestamp 1771999125450 with initial instances count: 3","service":"fms-core","version":"1.0.0","environment":"default"}
{"@timestamp":"2026-02-25T11:28:45.4663651+05:30","level":"INFO","logger_name":"org.springframework.cloud.netflix.eureka.serviceregistry.EurekaServiceRegistry","message":"Registering application FMS_CORE with eureka with status UP","service":"fms-core","version":"1.0.0","environment":"default"}
{"@timestamp":"2026-02-25T11:28:45.4663651+05:30","level":"INFO","logger_name":"com.netflix.discovery.DiscoveryClient","message":"Saw local status change event StatusChangeEvent [timestamp=1771999125466, current=UP, previous=STARTING]","service":"fms-core","version":"1.0.0","environment":"default"}
{"@timestamp":"2026-02-25T11:28:45.5393659+05:30","level":"INFO","logger_name":"com.netflix.discovery.DiscoveryClient","message":"DiscoveryClient_FMS_CORE/localhost:fms_core:8084: registering service...","service":"fms-core","version":"1.0.0","environment":"default"}
{"@timestamp":"2026-02-25T11:28:45.5683664+05:30","level":"INFO","logger_name":"com.netflix.discovery.DiscoveryClient","message":"DiscoveryClient_FMS_CORE/localhost:fms_core:8084 - registration status: 204","service":"fms-core","version":"1.0.0","environment":"default"}
{"@timestamp":"2026-02-25T11:28:45.5743688+05:30","level":"INFO","logger_name":"org.springframework.boot.web.embedded.tomcat.TomcatWebServer","message":"Tomcat started on port 8084 (http) with context path '/fms-core-service'","service":"fms-core","version":"1.0.0","environment":"default"}
{"@timestamp":"2026-02-25T11:28:45.577368+05:30","level":"INFO","logger_name":"org.springframework.cloud.netflix.eureka.serviceregistry.EurekaAutoServiceRegistration","message":"Updating port to 8084","service":"fms-core","version":"1.0.0","environment":"default"}
{"@timestamp":"2026-02-25T11:28:46.6283712+05:30","level":"INFO","logger_name":"org.springframework.cloud.commons.util.InetUtils","message":"Cannot determine local hostname","service":"fms-core","version":"1.0.0","environment":"default"}
{"@timestamp":"2026-02-25T11:28:46.6493758+05:30","level":"INFO","logger_name":"net.com.fms_core.FmsCoreApplication","message":"Started FmsCoreApplication in 26.404 seconds (process running for 6713.761)","service":"fms-core","version":"1.0.0","environment":"default"}
{"@timestamp":"2026-02-25T11:28:47.9263731+05:30","level":"INFO","logger_name":"org.drools.compiler.kie.builder.impl.KieContainerImpl","message":"Start creation of KieBase: defaultKieBase","service":"fms-core","version":"1.0.0","environment":"default"}
{"@timestamp":"2026-02-25T11:28:47.9593726+05:30","level":"INFO","logger_name":"org.drools.compiler.kie.builder.impl.KieContainerImpl","message":"End creation of KieBase: defaultKieBase","service":"fms-core","version":"1.0.0","environment":"default"}
{"@timestamp":"2026-02-25T11:28:47.9623771+05:30","level":"ERROR","logger_name":"net.com.fms_core.config.SocketListener","message":"❌ Error in FMS Receiver: Address already in use: bind","service":"fms-core","version":"1.0.0","environment":"default"}
{"@timestamp":"2026-02-25T11:28:47.9683741+05:30","level":"INFO","logger_name":"org.springframework.boot.devtools.autoconfigure.ConditionEvaluationDeltaLoggingListener","message":"Condition evaluation unchanged","service":"fms-core","version":"1.0.0","environment":"default"}
{"@timestamp":"2026-02-25T11:29:45.2566719+05:30","level":"INFO","logger_name":"org.springframework.web.socket.config.WebSocketMessageBrokerStats","message":"WebSocketSession[0 current WS(0)-HttpStream(0)-HttpPoll(0), 0 total, 0 closed abnormally (0 connect failure, 0 send limit, 0 transport error)], stompSubProtocol[processed CONNECT(0)-CONNECTED(0)-DISCONNECT(0)], stompBrokerRelay[null], inboundChannel[pool size = 0, active threads = 0, queued tasks = 0, completed tasks = 0], outboundChannel[pool size = 0, active threads = 0, queued tasks = 0, completed tasks = 0], sockJsScheduler[pool size = 1, active threads = 1, queued tasks = 0, completed tasks = 0]","service":"fms-core","version":"1.0.0","environment":"default"}
{"@timestamp":"2026-02-25T11:33:46.5448812+05:30","level":"INFO","logger_name":"com.netflix.discovery.shared.resolver.aws.ConfigClusterResolver","message":"Resolving eureka endpoints via configuration","service":"fms-core","version":"1.0.0","environment":"default"}
{"@timestamp":"2026-02-25T11:34:41.5301951+05:30","level":"INFO","logger_name":"org.springframework.boot.devtools.autoconfigure.LocalDevToolsAutoConfiguration$RestartingClassPathChangeChangedEventListener","message":"Restarting due to 1 class path change (0 additions, 0 deletions, 1 modification)","service":"fms-core","version":"1.0.0","environment":"default"}
{"@timestamp":"2026-02-25T11:34:41.5501929+05:30","level":"INFO","logger_name":"org.springframework.cloud.netflix.eureka.serviceregistry.EurekaServiceRegistry","message":"Unregistering application FMS_CORE with eureka with status DOWN","service":"fms-core","version":"1.0.0","environment":"default"}
{"@timestamp":"2026-02-25T11:34:41.5521916+05:30","level":"INFO","logger_name":"com.netflix.discovery.DiscoveryClient","message":"Saw local status change event StatusChangeEvent [timestamp=1771999481552, current=DOWN, previous=UP]","service":"fms-core","version":"1.0.0","environment":"default"}
{"@timestamp":"2026-02-25T11:34:41.5551911+05:30","level":"INFO","logger_name":"com.netflix.discovery.DiscoveryClient","message":"DiscoveryClient_FMS_CORE/localhost:fms_core:8084: registering service...","service":"fms-core","version":"1.0.0","environment":"default"}
{"@timestamp":"2026-02-25T11:34:41.6351971+05:30","level":"INFO","logger_name":"com.netflix.discovery.DiscoveryClient","message":"DiscoveryClient_FMS_CORE/localhost:fms_core:8084 - registration status: 204","service":"fms-core","version":"1.0.0","environment":"default"}
{"@timestamp":"2026-02-25T11:34:41.6521947+05:30","level":"INFO","logger_name":"org.springframework.boot.web.embedded.tomcat.GracefulShutdown","message":"Commencing graceful shutdown. Waiting for active requests to complete","service":"fms-core","version":"1.0.0","environment":"default"}
{"@timestamp":"2026-02-25T11:34:41.6961954+05:30","level":"INFO","logger_name":"org.springframework.boot.web.embedded.tomcat.GracefulShutdown","message":"Graceful shutdown complete","service":"fms-core","version":"1.0.0","environment":"default"}
{"@timestamp":"2026-02-25T11:34:41.7041955+05:30","level":"INFO","logger_name":"org.springframework.messaging.simp.broker.SimpleBrokerMessageHandler","message":"Stopping...","service":"fms-core","version":"1.0.0","environment":"default"}
{"@timestamp":"2026-02-25T11:34:41.7051953+05:30","level":"INFO","logger_name":"org.springframework.messaging.simp.broker.SimpleBrokerMessageHandler","message":"BrokerAvailabilityEvent[available=false, SimpleBrokerMessageHandler [org.springframework.messaging.simp.broker.DefaultSubscriptionRegistry@7ad52056]]","service":"fms-core","version":"1.0.0","environment":"default"}
{"@timestamp":"2026-02-25T11:34:41.7051953+05:30","level":"INFO","logger_name":"org.springframework.messaging.simp.broker.SimpleBrokerMessageHandler","message":"Stopped.","service":"fms-core","version":"1.0.0","environment":"default"}
{"@timestamp":"2026-02-25T11:34:41.7471985+05:30","level":"INFO","logger_name":"org.springframework.orm.jpa.LocalContainerEntityManagerFactoryBean","message":"Closing JPA EntityManagerFactory for persistence unit 'default'","service":"fms-core","version":"1.0.0","environment":"default"}
{"@timestamp":"2026-02-25T11:34:41.7991976+05:30","level":"INFO","logger_name":"com.zaxxer.hikari.HikariDataSource","message":"HikariPool-13 - Shutdown initiated...","service":"fms-core","version":"1.0.0","environment":"default"}
{"@timestamp":"2026-02-25T11:34:46.0203199+05:30","level":"INFO","logger_name":"net.com.fms_core.FmsCoreApplication","message":"Starting FmsCoreApplication using Java 21.0.2 with PID 28148 (C:\\Users\\kavinda_d\\Documents\\e soft\\final project\\project\\fms backend\\fms_core\\target\\classes started by kavinda_d in C:\\Users\\kavinda_d\\Documents\\e soft\\final project\\project\\fms backend)","service":"fms-core","version":"1.0.0","environment":"default"}
{"@timestamp":"2026-02-25T11:34:46.0213191+05:30","level":"DEBUG","logger_name":"net.com.fms_core.FmsCoreApplication","message":"Running with Spring Boot v3.4.4, Spring v6.2.5","service":"fms-core","version":"1.0.0","environment":"default"}
{"@timestamp":"2026-02-25T11:34:46.0213191+05:30","level":"INFO","logger_name":"net.com.fms_core.FmsCoreApplication","message":"The following 1 profile is active: \"dev\"","service":"fms-core","version":"1.0.0","environment":"default"}
{"@timestamp":"2026-02-25T11:34:46.0273194+05:30","level":"INFO","logger_name":"org.springframework.cloud.config.client.ConfigServerConfigDataLoader","message":"Fetching config from server at : http://localhost:8888","service":"fms-core","version":"1.0.0","environment":"default"}
{"@timestamp":"2026-02-25T11:34:46.0273194+05:30","level":"INFO","logger_name":"org.springframework.cloud.config.client.ConfigServerConfigDataLoader","message":"Located environment: name=fms_core, profiles=[dev], label=null, version=null, state=null","service":"fms-core","version":"1.0.0","environment":"default"}
{"@timestamp":"2026-02-25T11:34:47.2383529+05:30","level":"INFO","logger_name":"org.springframework.cloud.commons.util.InetUtils","message":"Cannot determine local hostname","service":"fms-core","version":"1.0.0","environment":"default"}
{"@timestamp":"2026-02-25T11:34:47.2443536+05:30","level":"INFO","logger_name":"org.springframework.boot.devtools.env.DevToolsPropertyDefaultsPostProcessor","message":"Devtools property defaults active! Set 'spring.devtools.add-properties' to 'false' to disable","service":"fms-core","version":"1.0.0","environment":"default"}
{"@timestamp":"2026-02-25T11:34:47.2443536+05:30","level":"INFO","logger_name":"org.springframework.boot.devtools.env.DevToolsPropertyDefaultsPostProcessor","message":"For additional web related logging consider setting the 'logging.level.web' property to 'DEBUG'","service":"fms-core","version":"1.0.0","environment":"default"}
{"@timestamp":"2026-02-25T11:34:47.2613541+05:30","level":"INFO","logger_name":"net.com.fms_core.FmsCoreApplication","message":"Starting FmsCoreApplication using Java 21.0.2 with PID 28148 (C:\\Users\\kavinda_d\\Documents\\e soft\\final project\\project\\fms backend\\fms_core\\target\\classes started by kavinda_d in C:\\Users\\kavinda_d\\Documents\\e soft\\final project\\project\\fms backend)","service":"fms-core","version":"1.0.0","environment":"default"}
{"@timestamp":"2026-02-25T11:34:47.2623535+05:30","level":"DEBUG","logger_name":"net.com.fms_core.FmsCoreApplication","message":"Running with Spring Boot v3.4.4, Spring v6.2.5","service":"fms-core","version":"1.0.0","environment":"default"}
{"@timestamp":"2026-02-25T11:34:47.2623535+05:30","level":"INFO","logger_name":"net.com.fms_core.FmsCoreApplication","message":"The following 1 profile is active: \"dev\"","service":"fms-core","version":"1.0.0","environment":"default"}
{"@timestamp":"2026-02-25T11:34:47.2693582+05:30","level":"INFO","logger_name":"org.springframework.cloud.config.client.ConfigServerConfigDataLoader","message":"Fetching config from server at : http://localhost:8888","service":"fms-core","version":"1.0.0","environment":"default"}
{"@timestamp":"2026-02-25T11:34:47.2693582+05:30","level":"INFO","logger_name":"org.springframework.cloud.config.client.ConfigServerConfigDataLoader","message":"Located environment: name=fms_core, profiles=[dev], label=null, version=null, state=null","service":"fms-core","version":"1.0.0","environment":"default"}
{"@timestamp":"2026-02-25T11:34:48.311384+05:30","level":"INFO","logger_name":"org.springframework.data.repository.config.RepositoryConfigurationDelegate","message":"Bootstrapping Spring Data JPA repositories in DEFAULT mode.","service":"fms-core","version":"1.0.0","environment":"default"}
{"@timestamp":"2026-02-25T11:34:48.5813908+05:30","level":"INFO","logger_name":"org.springframework.data.repository.config.RepositoryConfigurationDelegate","message":"Finished Spring Data repository scanning in 267 ms. Found 19 JPA repository interfaces.","service":"fms-core","version":"1.0.0","environment":"default"}
{"@timestamp":"2026-02-25T11:34:49.0104009+05:30","level":"INFO","logger_name":"org.springframework.cloud.context.scope.GenericScope","message":"BeanFactory id=a34aabd1-1edc-3721-b029-38a30be4cc91","service":"fms-core","version":"1.0.0","environment":"default"}
{"@timestamp":"2026-02-25T11:34:49.2814124+05:30","level":"INFO","logger_name":"org.springframework.data.repository.config.RepositoryConfigurationDelegate","message":"Bootstrapping Spring Data JPA repositories in DEFAULT mode.","service":"fms-core","version":"1.0.0","environment":"default"}
{"@timestamp":"2026-02-25T11:34:49.606419+05:30","level":"INFO","logger_name":"org.springframework.data.repository.config.RepositoryConfigurationDelegate","message":"Finished Spring Data repository scanning in 321 ms. Found 19 JPA repository interfaces.","service":"fms-core","version":"1.0.0","environment":"default"}
{"@timestamp":"2026-02-25T11:34:49.9854288+05:30","level":"INFO","logger_name":"org.springframework.boot.web.embedded.tomcat.TomcatWebServer","message":"Tomcat initialized with port 8084 (http)","service":"fms-core","version":"1.0.0","environment":"default"}
{"@timestamp":"2026-02-25T11:34:49.9894312+05:30","level":"INFO","logger_name":"org.apache.catalina.core.StandardService","message":"Starting service [Tomcat]","service":"fms-core","version":"1.0.0","environment":"default"}
{"@timestamp":"2026-02-25T11:34:49.9894312+05:30","level":"INFO","logger_name":"org.apache.catalina.core.StandardEngine","message":"Starting Servlet engine: [Apache Tomcat/10.1.39]","service":"fms-core","version":"1.0.0","environment":"default"}
{"@timestamp":"2026-02-25T11:34:50.1634341+05:30","level":"INFO","logger_name":"org.springframework.cloud.context.scope.GenericScope","message":"BeanFactory id=a34aabd1-1edc-3721-b029-38a30be4cc91","service":"fms-core","version":"1.0.0","environment":"default"}
{"@timestamp":"2026-02-25T11:34:50.1744334+05:30","level":"INFO","logger_name":"org.apache.catalina.core.ContainerBase.[Tomcat-5].[localhost].[/fms-core-service]","message":"Initializing Spring embedded WebApplicationContext","service":"fms-core","version":"1.0.0","environment":"default"}
{"@timestamp":"2026-02-25T11:34:50.1754347+05:30","level":"INFO","logger_name":"org.springframework.boot.web.servlet.context.ServletWebServerApplicationContext","message":"Root WebApplicationContext: initialization completed in 4148 ms","service":"fms-core","version":"1.0.0","environment":"default"}
{"@timestamp":"2026-02-25T11:34:51.3334691+05:30","level":"INFO","logger_name":"org.springframework.boot.web.embedded.tomcat.TomcatWebServer","message":"Tomcat initialized with port 8084 (http)","service":"fms-core","version":"1.0.0","environment":"default"}
{"@timestamp":"2026-02-25T11:34:51.3374699+05:30","level":"INFO","logger_name":"org.apache.catalina.core.StandardService","message":"Starting service [Tomcat]","service":"fms-core","version":"1.0.0","environment":"default"}
{"@timestamp":"2026-02-25T11:34:51.338471+05:30","level":"INFO","logger_name":"org.apache.catalina.core.StandardEngine","message":"Starting Servlet engine: [Apache Tomcat/10.1.39]","service":"fms-core","version":"1.0.0","environment":"default"}
{"@timestamp":"2026-02-25T11:34:51.4794744+05:30","level":"INFO","logger_name":"com.zaxxer.hikari.HikariDataSource","message":"HikariPool-14 - Starting...","service":"fms-core","version":"1.0.0","environment":"default"}
{"@timestamp":"2026-02-25T11:34:51.5944766+05:30","level":"INFO","logger_name":"com.zaxxer.hikari.pool.HikariPool","message":"HikariPool-14 - Added connection com.mysql.cj.jdbc.ConnectionImpl@61684b94","service":"fms-core","version":"1.0.0","environment":"default"}
{"@timestamp":"2026-02-25T11:34:51.5944766+05:30","level":"INFO","logger_name":"com.zaxxer.hikari.HikariDataSource","message":"HikariPool-14 - Start completed.","service":"fms-core","version":"1.0.0","environment":"default"}
{"@timestamp":"2026-02-25T11:34:51.5974764+05:30","level":"INFO","logger_name":"org.hibernate.jpa.internal.util.LogHelper","message":"HHH000204: Processing PersistenceUnitInfo [name: default]","service":"fms-core","version":"1.0.0","environment":"default"}
{"@timestamp":"2026-02-25T11:34:51.6054794+05:30","level":"INFO","logger_name":"org.hibernate.cache.internal.RegionFactoryInitiator","message":"HHH000026: Second-level cache disabled","service":"fms-core","version":"1.0.0","environment":"default"}
{"@timestamp":"2026-02-25T11:34:51.6414752+05:30","level":"INFO","logger_name":"org.springframework.orm.jpa.persistenceunit.SpringPersistenceUnitInfo","message":"No LoadTimeWeaver setup: ignoring JPA class transformer","service":"fms-core","version":"1.0.0","environment":"default"}
{"@timestamp":"2026-02-25T11:34:51.6484765+05:30","level":"INFO","logger_name":"org.hibernate.orm.connections.pooling","message":"HHH10001005: Database info:\n\tDatabase JDBC URL [Connecting through datasource 'HikariDataSource (HikariPool-14)']\n\tDatabase driver: undefined/unknown\n\tDatabase version: 8.1\n\tAutocommit mode: undefined/unknown\n\tIsolation level: undefined/unknown\n\tMinimum pool size: undefined/unknown\n\tMaximum pool size: undefined/unknown","service":"fms-core","version":"1.0.0","environment":"default"}
{"@timestamp":"2026-02-25T11:34:53.087515+05:30","level":"INFO","logger_name":"org.apache.catalina.core.ContainerBase.[Tomcat-6].[localhost].[/fms-core-service]","message":"Initializing Spring embedded WebApplicationContext","service":"fms-core","version":"1.0.0","environment":"default"}
{"@timestamp":"2026-02-25T11:34:53.0885153+05:30","level":"INFO","logger_name":"org.springframework.boot.web.servlet.context.ServletWebServerApplicationContext","message":"Root WebApplicationContext: initialization completed in 5818 ms","service":"fms-core","version":"1.0.0","environment":"default"}
{"@timestamp":"2026-02-25T11:35:04.0488239+05:30","level":"INFO","logger_name":"com.zaxxer.hikari.HikariDataSource","message":"HikariPool-15 - Starting...","service":"fms-core","version":"1.0.0","environment":"default"}
{"@timestamp":"2026-02-25T11:35:04.2058507+05:30","level":"INFO","logger_name":"com.zaxxer.hikari.pool.HikariPool","message":"HikariPool-15 - Added connection com.mysql.cj.jdbc.ConnectionImpl@28f19ce1","service":"fms-core","version":"1.0.0","environment":"default"}
{"@timestamp":"2026-02-25T11:35:04.2068303+05:30","level":"INFO","logger_name":"com.zaxxer.hikari.HikariDataSource","message":"HikariPool-15 - Start completed.","service":"fms-core","version":"1.0.0","environment":"default"}
{"@timestamp":"2026-02-25T11:35:04.2078318+05:30","level":"INFO","logger_name":"org.hibernate.jpa.internal.util.LogHelper","message":"HHH000204: Processing PersistenceUnitInfo [name: default]","service":"fms-core","version":"1.0.0","environment":"default"}
{"@timestamp":"2026-02-25T11:35:04.2148295+05:30","level":"INFO","logger_name":"org.hibernate.cache.internal.RegionFactoryInitiator","message":"HHH000026: Second-level cache disabled","service":"fms-core","version":"1.0.0","environment":"default"}
{"@timestamp":"2026-02-25T11:35:04.2358381+05:30","level":"INFO","logger_name":"org.springframework.orm.jpa.persistenceunit.SpringPersistenceUnitInfo","message":"No LoadTimeWeaver setup: ignoring JPA class transformer","service":"fms-core","version":"1.0.0","environment":"default"}
{"@timestamp":"2026-02-25T11:35:04.2398303+05:30","level":"INFO","logger_name":"org.hibernate.orm.connections.pooling","message":"HHH10001005: Database info:\n\tDatabase JDBC URL [Connecting through datasource 'HikariDataSource (HikariPool-15)']\n\tDatabase driver: undefined/unknown\n\tDatabase version: 8.1\n\tAutocommit mode: undefined/unknown\n\tIsolation level: undefined/unknown\n\tMinimum pool size: undefined/unknown\n\tMaximum pool size: undefined/unknown","service":"fms-core","version":"1.0.0","environment":"default"}
{"@timestamp":"2026-02-25T11:35:07.8662386+05:30","level":"INFO","logger_name":"org.hibernate.engine.transaction.jta.platform.internal.JtaPlatformInitiator","message":"HHH000489: No JTA platform available (set 'hibernate.transaction.jta.platform' to enable JTA platform integration)","service":"fms-core","version":"1.0.0","environment":"default"}
{"@timestamp":"2026-02-25T11:35:07.9264808+05:30","level":"INFO","logger_name":"org.hibernate.engine.transaction.jta.platform.internal.JtaPlatformInitiator","message":"HHH000489: No JTA platform available (set 'hibernate.transaction.jta.platform' to enable JTA platform integration)","service":"fms-core","version":"1.0.0","environment":"default"}
{"@timestamp":"2026-02-25T11:35:08.0238278+05:30","level":"INFO","logger_name":"org.springframework.orm.jpa.LocalContainerEntityManagerFactoryBean","message":"Initialized JPA EntityManagerFactory for persistence unit 'default'","service":"fms-core","version":"1.0.0","environment":"default"}
{"@timestamp":"2026-02-25T11:35:08.0255952+05:30","level":"INFO","logger_name":"org.springframework.orm.jpa.LocalContainerEntityManagerFactoryBean","message":"Initialized JPA EntityManagerFactory for persistence unit 'default'","service":"fms-core","version":"1.0.0","environment":"default"}
{"@timestamp":"2026-02-25T11:35:14.605946+05:30","level":"WARN","logger_name":"org.springframework.boot.autoconfigure.orm.jpa.JpaBaseConfiguration$JpaWebConfiguration","message":"spring.jpa.open-in-view is enabled by default. Therefore, database queries may be performed during view rendering. Explicitly configure spring.jpa.open-in-view to disable this warning","service":"fms-core","version":"1.0.0","environment":"default"}
{"@timestamp":"2026-02-25T11:35:14.6119465+05:30","level":"WARN","logger_name":"org.springframework.boot.autoconfigure.orm.jpa.JpaBaseConfiguration$JpaWebConfiguration","message":"spring.jpa.open-in-view is enabled by default. Therefore, database queries may be performed during view rendering. Explicitly configure spring.jpa.open-in-view to disable this warning","service":"fms-core","version":"1.0.0","environment":"default"}
{"@timestamp":"2026-02-25T11:35:14.6849486+05:30","level":"INFO","logger_name":"org.springframework.validation.beanvalidation.OptionalValidatorFactoryBean","message":"Failed to set up a Bean Validation provider: jakarta.validation.NoProviderFoundException: Unable to create a Configuration, because no Jakarta Bean Validation provider could be found. Add a provider like Hibernate Validator (RI) to your classpath.","service":"fms-core","version":"1.0.0","environment":"default"}
{"@timestamp":"2026-02-25T11:35:14.7059473+05:30","level":"INFO","logger_name":"org.springframework.validation.beanvalidation.OptionalValidatorFactoryBean","message":"Failed to set up a Bean Validation provider: jakarta.validation.NoProviderFoundException: Unable to create a Configuration, because no Jakarta Bean Validation provider could be found. Add a provider like Hibernate Validator (RI) to your classpath.","service":"fms-core","version":"1.0.0","environment":"default"}
{"@timestamp":"2026-02-25T11:35:17.7580365+05:30","level":"INFO","logger_name":"org.springframework.cloud.commons.util.InetUtils","message":"Cannot determine local hostname","service":"fms-core","version":"1.0.0","environment":"default"}
{"@timestamp":"2026-02-25T11:35:17.7680367+05:30","level":"INFO","logger_name":"org.springframework.cloud.commons.util.InetUtils","message":"Cannot determine local hostname","service":"fms-core","version":"1.0.0","environment":"default"}
{"@timestamp":"2026-02-25T11:35:19.8150974+05:30","level":"WARN","logger_name":"org.springframework.boot.web.servlet.context.AnnotationConfigServletWebServerApplicationContext","message":"Exception encountered during context initialization - cancelling refresh attempt: org.springframework.beans.factory.BeanCreationException: Error creating bean with name 'springApplicationAdminRegistrar' defined in class path resource [org/springframework/boot/autoconfigure/admin/SpringApplicationAdminJmxAutoConfiguration.class]: org.springframework.boot:type=Admin,name=SpringApplication","service":"fms-core","version":"1.0.0","environment":"default"}
{"@timestamp":"2026-02-25T11:35:19.8220961+05:30","level":"INFO","logger_name":"org.springframework.orm.jpa.LocalContainerEntityManagerFactoryBean","message":"Closing JPA EntityManagerFactory for persistence unit 'default'","service":"fms-core","version":"1.0.0","environment":"default"}
{"@timestamp":"2026-02-25T11:35:19.8230921+05:30","level":"INFO","logger_name":"com.zaxxer.hikari.HikariDataSource","message":"HikariPool-14 - Shutdown initiated...","service":"fms-core","version":"1.0.0","environment":"default"}
{"@timestamp":"2026-02-25T11:35:19.9691096+05:30","level":"INFO","logger_name":"com.zaxxer.hikari.HikariDataSource","message":"HikariPool-14 - Shutdown completed.","service":"fms-core","version":"1.0.0","environment":"default"}
{"@timestamp":"2026-02-25T11:35:19.9741013+05:30","level":"INFO","logger_name":"org.apache.catalina.core.StandardService","message":"Stopping service [Tomcat]","service":"fms-core","version":"1.0.0","environment":"default"}
{"@timestamp":"2026-02-25T11:35:19.9921014+05:30","level":"INFO","logger_name":"org.springframework.boot.autoconfigure.logging.ConditionEvaluationReportLogger","message":"\r\n\r\nError starting ApplicationContext. To display the condition evaluation report re-run your application with 'debug' enabled.","service":"fms-core","version":"1.0.0","environment":"default"}
{"@timestamp":"2026-02-25T11:35:20.0000967+05:30","level":"ERROR","logger_name":"org.springframework.boot.SpringApplication","message":"Application run failed","service":"fms-core","version":"1.0.0","environment":"default"}
{"@timestamp":"2026-02-25T11:35:20.0700998+05:30","level":"WARN","logger_name":"org.springframework.boot.devtools.autoconfigure.OptionalLiveReloadServer","message":"Unable to start LiveReload server","service":"fms-core","version":"1.0.0","environment":"default"}
{"@timestamp":"2026-02-25T11:35:22.6801755+05:30","level":"INFO","logger_name":"org.springframework.cloud.commons.util.InetUtils","message":"Cannot determine local hostname","service":"fms-core","version":"1.0.0","environment":"default"}
{"@timestamp":"2026-02-25T11:35:22.7841771+05:30","level":"INFO","logger_name":"org.springframework.cloud.netflix.eureka.config.DiscoveryClientOptionalArgsConfiguration","message":"Eureka HTTP Client uses RestTemplate.","service":"fms-core","version":"1.0.0","environment":"default"}
{"@timestamp":"2026-02-25T11:35:23.1791929+05:30","level":"WARN","logger_name":"org.springframework.cloud.loadbalancer.config.LoadBalancerCacheAutoConfiguration$LoadBalancerCaffeineWarnLogger","message":"Spring Cloud LoadBalancer is currently working with the default cache. While this cache implementation is useful for development and tests, it's recommended to use Caffeine cache in production.You can switch to using Caffeine cache, by adding it and org.springframework.cache.caffeine.CaffeineCacheManager to the classpath.","service":"fms-core","version":"1.0.0","environment":"default"}
{"@timestamp":"2026-02-25T11:35:23.201191+05:30","level":"INFO","logger_name":"org.springframework.boot.actuate.endpoint.web.EndpointLinksResolver","message":"Exposing 6 endpoints beneath base path '/actuator'","service":"fms-core","version":"1.0.0","environment":"default"}
{"@timestamp":"2026-02-25T11:35:23.671202+05:30","level":"INFO","logger_name":"org.springframework.messaging.simp.broker.SimpleBrokerMessageHandler","message":"Starting...","service":"fms-core","version":"1.0.0","environment":"default"}
{"@timestamp":"2026-02-25T11:35:23.6722005+05:30","level":"INFO","logger_name":"org.springframework.messaging.simp.broker.SimpleBrokerMessageHandler","message":"BrokerAvailabilityEvent[available=true, SimpleBrokerMessageHandler [org.springframework.messaging.simp.broker.DefaultSubscriptionRegistry@de26399]]","service":"fms-core","version":"1.0.0","environment":"default"}
{"@timestamp":"2026-02-25T11:35:23.6722005+05:30","level":"INFO","logger_name":"org.springframework.messaging.simp.broker.SimpleBrokerMessageHandler","message":"Started.","service":"fms-core","version":"1.0.0","environment":"default"}
{"@timestamp":"2026-02-25T11:35:23.7162023+05:30","level":"INFO","logger_name":"org.springframework.cloud.netflix.eureka.InstanceInfoFactory","message":"Setting initial instance status as: STARTING","service":"fms-core","version":"1.0.0","environment":"default"}
{"@timestamp":"2026-02-25T11:35:23.7292029+05:30","level":"INFO","logger_name":"com.netflix.discovery.DiscoveryClient","message":"Initializing Eureka in region us-east-1","service":"fms-core","version":"1.0.0","environment":"default"}
{"@timestamp":"2026-02-25T11:35:23.7302018+05:30","level":"INFO","logger_name":"com.netflix.discovery.shared.resolver.aws.ConfigClusterResolver","message":"Resolving eureka endpoints via configuration","service":"fms-core","version":"1.0.0","environment":"default"}
{"@timestamp":"2026-02-25T11:35:23.7302018+05:30","level":"INFO","logger_name":"com.netflix.discovery.DiscoveryClient","message":"Disable delta property : false","service":"fms-core","version":"1.0.0","environment":"default"}
{"@timestamp":"2026-02-25T11:35:23.7302018+05:30","level":"INFO","logger_name":"com.netflix.discovery.DiscoveryClient","message":"Single vip registry refresh property : null","service":"fms-core","version":"1.0.0","environment":"default"}
{"@timestamp":"2026-02-25T11:35:23.7302018+05:30","level":"INFO","logger_name":"com.netflix.discovery.DiscoveryClient","message":"Force full registry fetch : false","service":"fms-core","version":"1.0.0","environment":"default"}
{"@timestamp":"2026-02-25T11:35:23.7302018+05:30","level":"INFO","logger_name":"com.netflix.discovery.DiscoveryClient","message":"Application is null : false","service":"fms-core","version":"1.0.0","environment":"default"}
{"@timestamp":"2026-02-25T11:35:23.7302018+05:30","level":"INFO","logger_name":"com.netflix.discovery.DiscoveryClient","message":"Registered Applications size is zero : true","service":"fms-core","version":"1.0.0","environment":"default"}
{"@timestamp":"2026-02-25T11:35:23.7302018+05:30","level":"INFO","logger_name":"com.netflix.discovery.DiscoveryClient","message":"Application version is -1: true","service":"fms-core","version":"1.0.0","environment":"default"}
{"@timestamp":"2026-02-25T11:35:23.7312021+05:30","level":"INFO","logger_name":"com.netflix.discovery.DiscoveryClient","message":"Getting all instance registry info from the eureka server","service":"fms-core","version":"1.0.0","environment":"default"}
{"@timestamp":"2026-02-25T11:35:23.8462046+05:30","level":"INFO","logger_name":"com.netflix.discovery.DiscoveryClient","message":"The response status is 200","service":"fms-core","version":"1.0.0","environment":"default"}
{"@timestamp":"2026-02-25T11:35:23.8472045+05:30","level":"INFO","logger_name":"com.netflix.discovery.DiscoveryClient","message":"Starting heartbeat executor: renew interval is: 30","service":"fms-core","version":"1.0.0","environment":"default"}
{"@timestamp":"2026-02-25T11:35:23.8472045+05:30","level":"INFO","logger_name":"com.netflix.discovery.InstanceInfoReplicator","message":"InstanceInfoReplicator onDemand update allowed rate per min is 4","service":"fms-core","version":"1.0.0","environment":"default"}
{"@timestamp":"2026-02-25T11:35:23.8482038+05:30","level":"INFO","logger_name":"com.netflix.discovery.DiscoveryClient","message":"Discovery Client initialized at timestamp 1771999523848 with initial instances count: 3","service":"fms-core","version":"1.0.0","environment":"default"}
{"@timestamp":"2026-02-25T11:35:23.862205+05:30","level":"INFO","logger_name":"org.springframework.cloud.netflix.eureka.serviceregistry.EurekaServiceRegistry","message":"Registering application FMS_CORE with eureka with status UP","service":"fms-core","version":"1.0.0","environment":"default"}
{"@timestamp":"2026-02-25T11:35:23.862205+05:30","level":"INFO","logger_name":"com.netflix.discovery.DiscoveryClient","message":"Saw local status change event StatusChangeEvent [timestamp=1771999523862, current=UP, previous=STARTING]","service":"fms-core","version":"1.0.0","environment":"default"}
{"@timestamp":"2026-02-25T11:35:23.8882273+05:30","level":"INFO","logger_name":"org.springframework.boot.web.embedded.tomcat.TomcatWebServer","message":"Tomcat started on port 8084 (http) with context path '/fms-core-service'","service":"fms-core","version":"1.0.0","environment":"default"}
{"@timestamp":"2026-02-25T11:35:23.8892083+05:30","level":"INFO","logger_name":"org.springframework.cloud.netflix.eureka.serviceregistry.EurekaAutoServiceRegistration","message":"Updating port to 8084","service":"fms-core","version":"1.0.0","environment":"default"}
{"@timestamp":"2026-02-25T11:35:23.9332071+05:30","level":"INFO","logger_name":"com.netflix.discovery.DiscoveryClient","message":"DiscoveryClient_FMS_CORE/localhost:fms_core:8084: registering service...","service":"fms-core","version":"1.0.0","environment":"default"}
{"@timestamp":"2026-02-25T11:35:24.0182199+05:30","level":"INFO","logger_name":"com.netflix.discovery.DiscoveryClient","message":"DiscoveryClient_FMS_CORE/localhost:fms_core:8084 - registration status: 204","service":"fms-core","version":"1.0.0","environment":"default"}
{"@timestamp":"2026-02-25T11:35:25.0032384+05:30","level":"INFO","logger_name":"org.springframework.cloud.commons.util.InetUtils","message":"Cannot determine local hostname","service":"fms-core","version":"1.0.0","environment":"default"}
{"@timestamp":"2026-02-25T11:35:25.0262385+05:30","level":"INFO","logger_name":"net.com.fms_core.FmsCoreApplication","message":"Started FmsCoreApplication in 39.106 seconds (process running for 7112.134)","service":"fms-core","version":"1.0.0","environment":"default"}
{"@timestamp":"2026-02-25T11:35:25.0302381+05:30","level":"ERROR","logger_name":"net.com.fms_core.config.SocketListener","message":"❌ Error in FMS Receiver: Address already in use: bind","service":"fms-core","version":"1.0.0","environment":"default"}
{"@timestamp":"2026-02-25T11:35:27.3043012+05:30","level":"INFO","logger_name":"org.drools.compiler.kie.builder.impl.KieContainerImpl","message":"Start creation of KieBase: defaultKieBase","service":"fms-core","version":"1.0.0","environment":"default"}
{"@timestamp":"2026-02-25T11:35:27.3273032+05:30","level":"INFO","logger_name":"org.drools.compiler.kie.builder.impl.KieContainerImpl","message":"End creation of KieBase: defaultKieBase","service":"fms-core","version":"1.0.0","environment":"default"}
{"@timestamp":"2026-02-25T11:35:27.3343037+05:30","level":"INFO","logger_name":"org.springframework.boot.devtools.autoconfigure.ConditionEvaluationDeltaLoggingListener","message":"Condition evaluation unchanged","service":"fms-core","version":"1.0.0","environment":"default"}
{"@timestamp":"2026-02-25T11:36:23.5329283+05:30","level":"INFO","logger_name":"org.springframework.web.socket.config.WebSocketMessageBrokerStats","message":"WebSocketSession[0 current WS(0)-HttpStream(0)-HttpPoll(0), 0 total, 0 closed abnormally (0 connect failure, 0 send limit, 0 transport error)], stompSubProtocol[processed CONNECT(0)-CONNECTED(0)-DISCONNECT(0)], stompBrokerRelay[null], inboundChannel[pool size = 0, active threads = 0, queued tasks = 0, completed tasks = 0], outboundChannel[pool size = 0, active threads = 0, queued tasks = 0, completed tasks = 0], sockJsScheduler[pool size = 1, active threads = 1, queued tasks = 0, completed tasks = 0]","service":"fms-core","version":"1.0.0","environment":"default"}
{"@timestamp":"2026-02-25T11:38:34.2482413+05:30","level":"INFO","logger_name":"org.springframework.boot.devtools.autoconfigure.LocalDevToolsAutoConfiguration$RestartingClassPathChangeChangedEventListener","message":"Restarting due to 1 class path change (0 additions, 0 deletions, 1 modification)","service":"fms-core","version":"1.0.0","environment":"default"}
{"@timestamp":"2026-02-25T11:38:34.2942355+05:30","level":"INFO","logger_name":"org.springframework.cloud.netflix.eureka.serviceregistry.EurekaServiceRegistry","message":"Unregistering application FMS_CORE with eureka with status DOWN","service":"fms-core","version":"1.0.0","environment":"default"}
{"@timestamp":"2026-02-25T11:38:34.295233+05:30","level":"INFO","logger_name":"com.netflix.discovery.DiscoveryClient","message":"Saw local status change event StatusChangeEvent [timestamp=1771999714295, current=DOWN, previous=UP]","service":"fms-core","version":"1.0.0","environment":"default"}
{"@timestamp":"2026-02-25T11:38:34.295233+05:30","level":"INFO","logger_name":"com.netflix.discovery.DiscoveryClient","message":"DiscoveryClient_FMS_CORE/localhost:fms_core:8084: registering service...","service":"fms-core","version":"1.0.0","environment":"default"}
{"@timestamp":"2026-02-25T11:38:34.2982324+05:30","level":"INFO","logger_name":"org.springframework.boot.web.embedded.tomcat.GracefulShutdown","message":"Commencing graceful shutdown. Waiting for active requests to complete","service":"fms-core","version":"1.0.0","environment":"default"}
{"@timestamp":"2026-02-25T11:38:34.3142335+05:30","level":"INFO","logger_name":"com.netflix.discovery.DiscoveryClient","message":"DiscoveryClient_FMS_CORE/localhost:fms_core:8084 - registration status: 204","service":"fms-core","version":"1.0.0","environment":"default"}
{"@timestamp":"2026-02-25T11:38:34.3382341+05:30","level":"INFO","logger_name":"org.springframework.boot.web.embedded.tomcat.GracefulShutdown","message":"Graceful shutdown complete","service":"fms-core","version":"1.0.0","environment":"default"}
{"@timestamp":"2026-02-25T11:38:34.3402352+05:30","level":"INFO","logger_name":"org.springframework.messaging.simp.broker.SimpleBrokerMessageHandler","message":"Stopping...","service":"fms-core","version":"1.0.0","environment":"default"}
{"@timestamp":"2026-02-25T11:38:34.3412366+05:30","level":"INFO","logger_name":"org.springframework.messaging.simp.broker.SimpleBrokerMessageHandler","message":"BrokerAvailabilityEvent[available=false, SimpleBrokerMessageHandler [org.springframework.messaging.simp.broker.DefaultSubscriptionRegistry@de26399]]","service":"fms-core","version":"1.0.0","environment":"default"}
{"@timestamp":"2026-02-25T11:38:34.3412366+05:30","level":"INFO","logger_name":"org.springframework.messaging.simp.broker.SimpleBrokerMessageHandler","message":"Stopped.","service":"fms-core","version":"1.0.0","environment":"default"}
{"@timestamp":"2026-02-25T11:38:34.3552349+05:30","level":"INFO","logger_name":"org.springframework.orm.jpa.LocalContainerEntityManagerFactoryBean","message":"Closing JPA EntityManagerFactory for persistence unit 'default'","service":"fms-core","version":"1.0.0","environment":"default"}
{"@timestamp":"2026-02-25T11:38:34.357233+05:30","level":"INFO","logger_name":"com.zaxxer.hikari.HikariDataSource","message":"HikariPool-15 - Shutdown initiated...","service":"fms-core","version":"1.0.0","environment":"default"}
{"@timestamp":"2026-02-25T11:38:34.390234+05:30","level":"INFO","logger_name":"com.zaxxer.hikari.HikariDataSource","message":"HikariPool-15 - Shutdown completed.","service":"fms-core","version":"1.0.0","environment":"default"}
{"@timestamp":"2026-02-25T11:38:34.3912345+05:30","level":"INFO","logger_name":"com.netflix.discovery.DiscoveryClient","message":"Shutting down DiscoveryClient ...","service":"fms-core","version":"1.0.0","environment":"default"}
{"@timestamp":"2026-02-25T11:38:37.1300775+05:30","level":"INFO","logger_name":"net.com.fms_core.FmsCoreApplication","message":"Starting FmsCoreApplication using Java 21.0.2 with PID 28148 (C:\\Users\\kavinda_d\\Documents\\e soft\\final project\\project\\fms backend\\fms_core\\target\\classes started by kavinda_d in C:\\Users\\kavinda_d\\Documents\\e soft\\final project\\project\\fms backend)","service":"fms-core","version":"1.0.0","environment":"default"}
{"@timestamp":"2026-02-25T11:38:37.13108+05:30","level":"DEBUG","logger_name":"net.com.fms_core.FmsCoreApplication","message":"Running with Spring Boot v3.4.4, Spring v6.2.5","service":"fms-core","version":"1.0.0","environment":"default"}
{"@timestamp":"2026-02-25T11:38:37.13108+05:30","level":"INFO","logger_name":"net.com.fms_core.FmsCoreApplication","message":"The following 1 profile is active: \"dev\"","service":"fms-core","version":"1.0.0","environment":"default"}
{"@timestamp":"2026-02-25T11:38:37.3360801+05:30","level":"INFO","logger_name":"org.springframework.cloud.config.client.ConfigServerConfigDataLoader","message":"Fetching config from server at : http://localhost:8888","service":"fms-core","version":"1.0.0","environment":"default"}
{"@timestamp":"2026-02-25T11:38:37.3360801+05:30","level":"INFO","logger_name":"org.springframework.cloud.config.client.ConfigServerConfigDataLoader","message":"Located environment: name=fms_core, profiles=[dev], label=null, version=null, state=null","service":"fms-core","version":"1.0.0","environment":"default"}
{"@timestamp":"2026-02-25T11:38:37.4480877+05:30","level":"INFO","logger_name":"com.netflix.discovery.DiscoveryClient","message":"Unregistering ...","service":"fms-core","version":"1.0.0","environment":"default"}
{"@timestamp":"2026-02-25T11:38:37.4640937+05:30","level":"INFO","logger_name":"com.netflix.discovery.DiscoveryClient","message":"DiscoveryClient_FMS_CORE/localhost:fms_core:8084 - deregister  status: 200","service":"fms-core","version":"1.0.0","environment":"default"}
{"@timestamp":"2026-02-25T11:38:37.4640937+05:30","level":"INFO","logger_name":"com.netflix.discovery.DiscoveryClient","message":"Completed shut down of DiscoveryClient","service":"fms-core","version":"1.0.0","environment":"default"}
{"@timestamp":"2026-02-25T11:38:37.4650826+05:30","level":"INFO","logger_name":"org.apache.catalina.core.StandardService","message":"Stopping service [Tomcat]","service":"fms-core","version":"1.0.0","environment":"default"}
{"@timestamp":"2026-02-25T11:38:40.6881177+05:30","level":"INFO","logger_name":"net.com.fms_core.FmsCoreApplication","message":"Starting FmsCoreApplication using Java 21.0.2 with PID 28148 (C:\\Users\\kavinda_d\\Documents\\e soft\\final project\\project\\fms backend\\fms_core\\target\\classes started by kavinda_d in C:\\Users\\kavinda_d\\Documents\\e soft\\final project\\project\\fms backend)","service":"fms-core","version":"1.0.0","environment":"default"}
{"@timestamp":"2026-02-25T11:38:40.6891167+05:30","level":"DEBUG","logger_name":"net.com.fms_core.FmsCoreApplication","message":"Running with Spring Boot v3.4.4, Spring v6.2.5","service":"fms-core","version":"1.0.0","environment":"default"}
{"@timestamp":"2026-02-25T11:38:40.6891167+05:30","level":"INFO","logger_name":"net.com.fms_core.FmsCoreApplication","message":"The following 1 profile is active: \"dev\"","service":"fms-core","version":"1.0.0","environment":"default"}
{"@timestamp":"2026-02-25T11:38:40.6921206+05:30","level":"INFO","logger_name":"org.springframework.cloud.config.client.ConfigServerConfigDataLoader","message":"Fetching config from server at : http://localhost:8888","service":"fms-core","version":"1.0.0","environment":"default"}
{"@timestamp":"2026-02-25T11:38:40.6921206+05:30","level":"INFO","logger_name":"org.springframework.cloud.config.client.ConfigServerConfigDataLoader","message":"Located environment: name=fms_core, profiles=[dev], label=null, version=null, state=null","service":"fms-core","version":"1.0.0","environment":"default"}
{"@timestamp":"2026-02-25T11:38:40.7201213+05:30","level":"INFO","logger_name":"org.springframework.data.repository.config.RepositoryConfigurationDelegate","message":"Bootstrapping Spring Data JPA repositories in DEFAULT mode.","service":"fms-core","version":"1.0.0","environment":"default"}
{"@timestamp":"2026-02-25T11:38:40.9821239+05:30","level":"INFO","logger_name":"org.springframework.data.repository.config.RepositoryConfigurationDelegate","message":"Finished Spring Data repository scanning in 258 ms. Found 19 JPA repository interfaces.","service":"fms-core","version":"1.0.0","environment":"default"}
{"@timestamp":"2026-02-25T11:38:41.4461278+05:30","level":"INFO","logger_name":"org.springframework.cloud.context.scope.GenericScope","message":"BeanFactory id=a34aabd1-1edc-3721-b029-38a30be4cc91","service":"fms-core","version":"1.0.0","environment":"default"}
{"@timestamp":"2026-02-25T11:38:42.4501365+05:30","level":"INFO","logger_name":"org.springframework.boot.web.embedded.tomcat.TomcatWebServer","message":"Tomcat initialized with port 8084 (http)","service":"fms-core","version":"1.0.0","environment":"default"}
{"@timestamp":"2026-02-25T11:38:42.452139+05:30","level":"INFO","logger_name":"org.apache.catalina.core.StandardService","message":"Starting service [Tomcat]","service":"fms-core","version":"1.0.0","environment":"default"}
{"@timestamp":"2026-02-25T11:38:42.452139+05:30","level":"INFO","logger_name":"org.apache.catalina.core.StandardEngine","message":"Starting Servlet engine: [Apache Tomcat/10.1.39]","service":"fms-core","version":"1.0.0","environment":"default"}
{"@timestamp":"2026-02-25T11:38:42.6181572+05:30","level":"INFO","logger_name":"org.apache.catalina.core.ContainerBase.[Tomcat-6].[localhost].[/fms-core-service]","message":"Initializing Spring embedded WebApplicationContext","service":"fms-core","version":"1.0.0","environment":"default"}
{"@timestamp":"2026-02-25T11:38:42.6181572+05:30","level":"INFO","logger_name":"org.springframework.boot.web.servlet.context.ServletWebServerApplicationContext","message":"Root WebApplicationContext: initialization completed in 5282 ms","service":"fms-core","version":"1.0.0","environment":"default"}
{"@timestamp":"2026-02-25T11:38:42.7711457+05:30","level":"INFO","logger_name":"org.springframework.data.repository.config.RepositoryConfigurationDelegate","message":"Bootstrapping Spring Data JPA repositories in DEFAULT mode.","service":"fms-core","version":"1.0.0","environment":"default"}
{"@timestamp":"2026-02-25T11:38:43.1551482+05:30","level":"INFO","logger_name":"org.springframework.data.repository.config.RepositoryConfigurationDelegate","message":"Finished Spring Data repository scanning in 380 ms. Found 19 JPA repository interfaces.","service":"fms-core","version":"1.0.0","environment":"default"}
{"@timestamp":"2026-02-25T11:38:44.9011664+05:30","level":"INFO","logger_name":"com.zaxxer.hikari.HikariDataSource","message":"HikariPool-16 - Starting...","service":"fms-core","version":"1.0.0","environment":"default"}
{"@timestamp":"2026-02-25T11:38:44.9111662+05:30","level":"INFO","logger_name":"com.zaxxer.hikari.pool.HikariPool","message":"HikariPool-16 - Added connection com.mysql.cj.jdbc.ConnectionImpl@1aa53368","service":"fms-core","version":"1.0.0","environment":"default"}
{"@timestamp":"2026-02-25T11:38:44.9111662+05:30","level":"INFO","logger_name":"com.zaxxer.hikari.HikariDataSource","message":"HikariPool-16 - Start completed.","service":"fms-core","version":"1.0.0","environment":"default"}
{"@timestamp":"2026-02-25T11:38:44.9141678+05:30","level":"INFO","logger_name":"org.hibernate.jpa.internal.util.LogHelper","message":"HHH000204: Processing PersistenceUnitInfo [name: default]","service":"fms-core","version":"1.0.0","environment":"default"}
{"@timestamp":"2026-02-25T11:38:44.9211716+05:30","level":"INFO","logger_name":"org.hibernate.cache.internal.RegionFactoryInitiator","message":"HHH000026: Second-level cache disabled","service":"fms-core","version":"1.0.0","environment":"default"}
{"@timestamp":"2026-02-25T11:38:44.9581678+05:30","level":"INFO","logger_name":"org.springframework.orm.jpa.persistenceunit.SpringPersistenceUnitInfo","message":"No LoadTimeWeaver setup: ignoring JPA class transformer","service":"fms-core","version":"1.0.0","environment":"default"}
{"@timestamp":"2026-02-25T11:38:44.9651681+05:30","level":"INFO","logger_name":"org.hibernate.orm.connections.pooling","message":"HHH10001005: Database info:\n\tDatabase JDBC URL [Connecting through datasource 'HikariDataSource (HikariPool-16)']\n\tDatabase driver: undefined/unknown\n\tDatabase version: 8.1\n\tAutocommit mode: undefined/unknown\n\tIsolation level: undefined/unknown\n\tMinimum pool size: undefined/unknown\n\tMaximum pool size: undefined/unknown","service":"fms-core","version":"1.0.0","environment":"default"}
{"@timestamp":"2026-02-25T11:38:45.069195+05:30","level":"INFO","logger_name":"org.springframework.cloud.context.scope.GenericScope","message":"BeanFactory id=a34aabd1-1edc-3721-b029-38a30be4cc91","service":"fms-core","version":"1.0.0","environment":"default"}
{"@timestamp":"2026-02-25T11:38:45.9311763+05:30","level":"INFO","logger_name":"org.springframework.boot.web.embedded.tomcat.TomcatWebServer","message":"Tomcat initialized with port 8084 (http)","service":"fms-core","version":"1.0.0","environment":"default"}
{"@timestamp":"2026-02-25T11:38:45.9341779+05:30","level":"INFO","logger_name":"org.apache.catalina.core.StandardService","message":"Starting service [Tomcat]","service":"fms-core","version":"1.0.0","environment":"default"}
{"@timestamp":"2026-02-25T11:38:45.9341779+05:30","level":"INFO","logger_name":"org.apache.catalina.core.StandardEngine","message":"Starting Servlet engine: [Apache Tomcat/10.1.39]","service":"fms-core","version":"1.0.0","environment":"default"}
{"@timestamp":"2026-02-25T11:38:47.7891971+05:30","level":"INFO","logger_name":"org.apache.catalina.core.ContainerBase.[Tomcat-7].[localhost].[/fms-core-service]","message":"Initializing Spring embedded WebApplicationContext","service":"fms-core","version":"1.0.0","environment":"default"}
{"@timestamp":"2026-02-25T11:38:47.7901979+05:30","level":"INFO","logger_name":"org.springframework.boot.web.servlet.context.ServletWebServerApplicationContext","message":"Root WebApplicationContext: initialization completed in 7097 ms","service":"fms-core","version":"1.0.0","environment":"default"}
{"@timestamp":"2026-02-25T11:38:49.4372184+05:30","level":"INFO","logger_name":"com.zaxxer.hikari.HikariDataSource","message":"HikariPool-17 - Starting...","service":"fms-core","version":"1.0.0","environment":"default"}
{"@timestamp":"2026-02-25T11:38:49.4462324+05:30","level":"INFO","logger_name":"com.zaxxer.hikari.pool.HikariPool","message":"HikariPool-17 - Added connection com.mysql.cj.jdbc.ConnectionImpl@69fbe6bb","service":"fms-core","version":"1.0.0","environment":"default"}
{"@timestamp":"2026-02-25T11:38:49.4462324+05:30","level":"INFO","logger_name":"com.zaxxer.hikari.HikariDataSource","message":"HikariPool-17 - Start completed.","service":"fms-core","version":"1.0.0","environment":"default"}
{"@timestamp":"2026-02-25T11:38:49.4482314+05:30","level":"INFO","logger_name":"org.hibernate.jpa.internal.util.LogHelper","message":"HHH000204: Processing PersistenceUnitInfo [name: default]","service":"fms-core","version":"1.0.0","environment":"default"}
{"@timestamp":"2026-02-25T11:38:49.4552189+05:30","level":"INFO","logger_name":"org.hibernate.cache.internal.RegionFactoryInitiator","message":"HHH000026: Second-level cache disabled","service":"fms-core","version":"1.0.0","environment":"default"}
{"@timestamp":"2026-02-25T11:38:49.4762166+05:30","level":"INFO","logger_name":"org.springframework.orm.jpa.persistenceunit.SpringPersistenceUnitInfo","message":"No LoadTimeWeaver setup: ignoring JPA class transformer","service":"fms-core","version":"1.0.0","environment":"default"}
{"@timestamp":"2026-02-25T11:38:49.4822155+05:30","level":"INFO","logger_name":"org.hibernate.orm.connections.pooling","message":"HHH10001005: Database info:\n\tDatabase JDBC URL [Connecting through datasource 'HikariDataSource (HikariPool-17)']\n\tDatabase driver: undefined/unknown\n\tDatabase version: 8.1\n\tAutocommit mode: undefined/unknown\n\tIsolation level: undefined/unknown\n\tMinimum pool size: undefined/unknown\n\tMaximum pool size: undefined/unknown","service":"fms-core","version":"1.0.0","environment":"default"}
{"@timestamp":"2026-02-25T11:38:49.8502208+05:30","level":"INFO","logger_name":"org.hibernate.engine.transaction.jta.platform.internal.JtaPlatformInitiator","message":"HHH000489: No JTA platform available (set 'hibernate.transaction.jta.platform' to enable JTA platform integration)","service":"fms-core","version":"1.0.0","environment":"default"}
{"@timestamp":"2026-02-25T11:38:50.0442224+05:30","level":"INFO","logger_name":"org.springframework.orm.jpa.LocalContainerEntityManagerFactoryBean","message":"Initialized JPA EntityManagerFactory for persistence unit 'default'","service":"fms-core","version":"1.0.0","environment":"default"}
{"@timestamp":"2026-02-25T11:38:50.6622319+05:30","level":"INFO","logger_name":"org.hibernate.engine.transaction.jta.platform.internal.JtaPlatformInitiator","message":"HHH000489: No JTA platform available (set 'hibernate.transaction.jta.platform' to enable JTA platform integration)","service":"fms-core","version":"1.0.0","environment":"default"}
{"@timestamp":"2026-02-25T11:38:50.6732296+05:30","level":"INFO","logger_name":"org.springframework.orm.jpa.LocalContainerEntityManagerFactoryBean","message":"Initialized JPA EntityManagerFactory for persistence unit 'default'","service":"fms-core","version":"1.0.0","environment":"default"}
{"@timestamp":"2026-02-25T11:38:51.9402461+05:30","level":"WARN","logger_name":"org.springframework.boot.autoconfigure.orm.jpa.JpaBaseConfiguration$JpaWebConfiguration","message":"spring.jpa.open-in-view is enabled by default. Therefore, database queries may be performed during view rendering. Explicitly configure spring.jpa.open-in-view to disable this warning","service":"fms-core","version":"1.0.0","environment":"default"}
{"@timestamp":"2026-02-25T11:38:51.9982534+05:30","level":"INFO","logger_name":"org.springframework.validation.beanvalidation.OptionalValidatorFactoryBean","message":"Failed to set up a Bean Validation provider: jakarta.validation.NoProviderFoundException: Unable to create a Configuration, because no Jakarta Bean Validation provider could be found. Add a provider like Hibernate Validator (RI) to your classpath.","service":"fms-core","version":"1.0.0","environment":"default"}
{"@timestamp":"2026-02-25T11:38:52.2212478+05:30","level":"WARN","logger_name":"org.springframework.boot.autoconfigure.orm.jpa.JpaBaseConfiguration$JpaWebConfiguration","message":"spring.jpa.open-in-view is enabled by default. Therefore, database queries may be performed during view rendering. Explicitly configure spring.jpa.open-in-view to disable this warning","service":"fms-core","version":"1.0.0","environment":"default"}
{"@timestamp":"2026-02-25T11:38:52.3182552+05:30","level":"INFO","logger_name":"org.springframework.validation.beanvalidation.OptionalValidatorFactoryBean","message":"Failed to set up a Bean Validation provider: jakarta.validation.NoProviderFoundException: Unable to create a Configuration, because no Jakarta Bean Validation provider could be found. Add a provider like Hibernate Validator (RI) to your classpath.","service":"fms-core","version":"1.0.0","environment":"default"}
{"@timestamp":"2026-02-25T11:38:54.1618876+05:30","level":"INFO","logger_name":"org.springframework.cloud.commons.util.InetUtils","message":"Cannot determine local hostname","service":"fms-core","version":"1.0.0","environment":"default"}
{"@timestamp":"2026-02-25T11:38:54.3358894+05:30","level":"INFO","logger_name":"org.springframework.cloud.commons.util.InetUtils","message":"Cannot determine local hostname","service":"fms-core","version":"1.0.0","environment":"default"}
{"@timestamp":"2026-02-25T11:38:55.4479012+05:30","level":"WARN","logger_name":"org.springframework.boot.web.servlet.context.AnnotationConfigServletWebServerApplicationContext","message":"Exception encountered during context initialization - cancelling refresh attempt: org.springframework.beans.factory.BeanCreationException: Error creating bean with name 'springApplicationAdminRegistrar' defined in class path resource [org/springframework/boot/autoconfigure/admin/SpringApplicationAdminJmxAutoConfiguration.class]: org.springframework.boot:type=Admin,name=SpringApplication","service":"fms-core","version":"1.0.0","environment":"default"}
{"@timestamp":"2026-02-25T11:38:55.4829015+05:30","level":"INFO","logger_name":"org.springframework.orm.jpa.LocalContainerEntityManagerFactoryBean","message":"Closing JPA EntityManagerFactory for persistence unit 'default'","service":"fms-core","version":"1.0.0","environment":"default"}
{"@timestamp":"2026-02-25T11:38:55.4949034+05:30","level":"INFO","logger_name":"com.zaxxer.hikari.HikariDataSource","message":"HikariPool-17 - Shutdown initiated...","service":"fms-core","version":"1.0.0","environment":"default"}
{"@timestamp":"2026-02-25T11:38:55.5869041+05:30","level":"INFO","logger_name":"com.zaxxer.hikari.HikariDataSource","message":"HikariPool-17 - Shutdown completed.","service":"fms-core","version":"1.0.0","environment":"default"}
{"@timestamp":"2026-02-25T11:38:55.5929036+05:30","level":"INFO","logger_name":"org.apache.catalina.core.StandardService","message":"Stopping service [Tomcat]","service":"fms-core","version":"1.0.0","environment":"default"}
{"@timestamp":"2026-02-25T11:38:55.6119046+05:30","level":"INFO","logger_name":"org.springframework.boot.autoconfigure.logging.ConditionEvaluationReportLogger","message":"\r\n\r\nError starting ApplicationContext. To display the condition evaluation report re-run your application with 'debug' enabled.","service":"fms-core","version":"1.0.0","environment":"default"}
{"@timestamp":"2026-02-25T11:38:55.6199059+05:30","level":"ERROR","logger_name":"org.springframework.boot.SpringApplication","message":"Application run failed","service":"fms-core","version":"1.0.0","environment":"default"}
{"@timestamp":"2026-02-25T11:38:55.6999061+05:30","level":"WARN","logger_name":"org.springframework.boot.devtools.autoconfigure.OptionalLiveReloadServer","message":"Unable to start LiveReload server","service":"fms-core","version":"1.0.0","environment":"default"}
{"@timestamp":"2026-02-25T11:38:56.8029217+05:30","level":"INFO","logger_name":"org.springframework.cloud.commons.util.InetUtils","message":"Cannot determine local hostname","service":"fms-core","version":"1.0.0","environment":"default"}
{"@timestamp":"2026-02-25T11:38:56.9369213+05:30","level":"INFO","logger_name":"org.springframework.cloud.netflix.eureka.config.DiscoveryClientOptionalArgsConfiguration","message":"Eureka HTTP Client uses RestTemplate.","service":"fms-core","version":"1.0.0","environment":"default"}
{"@timestamp":"2026-02-25T11:38:57.5029451+05:30","level":"WARN","logger_name":"org.springframework.cloud.loadbalancer.config.LoadBalancerCacheAutoConfiguration$LoadBalancerCaffeineWarnLogger","message":"Spring Cloud LoadBalancer is currently working with the default cache. While this cache implementation is useful for development and tests, it's recommended to use Caffeine cache in production.You can switch to using Caffeine cache, by adding it and org.springframework.cache.caffeine.CaffeineCacheManager to the classpath.","service":"fms-core","version":"1.0.0","environment":"default"}
{"@timestamp":"2026-02-25T11:38:57.5209253+05:30","level":"INFO","logger_name":"org.springframework.boot.actuate.endpoint.web.EndpointLinksResolver","message":"Exposing 6 endpoints beneath base path '/actuator'","service":"fms-core","version":"1.0.0","environment":"default"}
{"@timestamp":"2026-02-25T11:38:57.8299296+05:30","level":"INFO","logger_name":"org.springframework.messaging.simp.broker.SimpleBrokerMessageHandler","message":"Starting...","service":"fms-core","version":"1.0.0","environment":"default"}
{"@timestamp":"2026-02-25T11:38:57.8309299+05:30","level":"INFO","logger_name":"org.springframework.messaging.simp.broker.SimpleBrokerMessageHandler","message":"BrokerAvailabilityEvent[available=true, SimpleBrokerMessageHandler [org.springframework.messaging.simp.broker.DefaultSubscriptionRegistry@5b90e08e]]","service":"fms-core","version":"1.0.0","environment":"default"}
{"@timestamp":"2026-02-25T11:38:57.8309299+05:30","level":"INFO","logger_name":"org.springframework.messaging.simp.broker.SimpleBrokerMessageHandler","message":"Started.","service":"fms-core","version":"1.0.0","environment":"default"}
{"@timestamp":"2026-02-25T11:38:57.8399295+05:30","level":"INFO","logger_name":"org.springframework.cloud.netflix.eureka.InstanceInfoFactory","message":"Setting initial instance status as: STARTING","service":"fms-core","version":"1.0.0","environment":"default"}
{"@timestamp":"2026-02-25T11:38:57.8689288+05:30","level":"INFO","logger_name":"com.netflix.discovery.DiscoveryClient","message":"Initializing Eureka in region us-east-1","service":"fms-core","version":"1.0.0","environment":"default"}
{"@timestamp":"2026-02-25T11:38:57.8699312+05:30","level":"INFO","logger_name":"com.netflix.discovery.shared.resolver.aws.ConfigClusterResolver","message":"Resolving eureka endpoints via configuration","service":"fms-core","version":"1.0.0","environment":"default"}
{"@timestamp":"2026-02-25T11:38:57.8699312+05:30","level":"INFO","logger_name":"com.netflix.discovery.DiscoveryClient","message":"Disable delta property : false","service":"fms-core","version":"1.0.0","environment":"default"}
{"@timestamp":"2026-02-25T11:38:57.8699312+05:30","level":"INFO","logger_name":"com.netflix.discovery.DiscoveryClient","message":"Single vip registry refresh property : null","service":"fms-core","version":"1.0.0","environment":"default"}
{"@timestamp":"2026-02-25T11:38:57.8699312+05:30","level":"INFO","logger_name":"com.netflix.discovery.DiscoveryClient","message":"Force full registry fetch : false","service":"fms-core","version":"1.0.0","environment":"default"}
{"@timestamp":"2026-02-25T11:38:57.8699312+05:30","level":"INFO","logger_name":"com.netflix.discovery.DiscoveryClient","message":"Application is null : false","service":"fms-core","version":"1.0.0","environment":"default"}
{"@timestamp":"2026-02-25T11:38:57.8699312+05:30","level":"INFO","logger_name":"com.netflix.discovery.DiscoveryClient","message":"Registered Applications size is zero : true","service":"fms-core","version":"1.0.0","environment":"default"}
{"@timestamp":"2026-02-25T11:38:57.8699312+05:30","level":"INFO","logger_name":"com.netflix.discovery.DiscoveryClient","message":"Application version is -1: true","service":"fms-core","version":"1.0.0","environment":"default"}
{"@timestamp":"2026-02-25T11:38:57.8709287+05:30","level":"INFO","logger_name":"com.netflix.discovery.DiscoveryClient","message":"Getting all instance registry info from the eureka server","service":"fms-core","version":"1.0.0","environment":"default"}
{"@timestamp":"2026-02-25T11:38:58.1119319+05:30","level":"INFO","logger_name":"com.netflix.discovery.DiscoveryClient","message":"The response status is 200","service":"fms-core","version":"1.0.0","environment":"default"}
{"@timestamp":"2026-02-25T11:38:58.1129349+05:30","level":"INFO","logger_name":"com.netflix.discovery.DiscoveryClient","message":"Starting heartbeat executor: renew interval is: 30","service":"fms-core","version":"1.0.0","environment":"default"}
{"@timestamp":"2026-02-25T11:38:58.1129349+05:30","level":"INFO","logger_name":"com.netflix.discovery.InstanceInfoReplicator","message":"InstanceInfoReplicator onDemand update allowed rate per min is 4","service":"fms-core","version":"1.0.0","environment":"default"}
{"@timestamp":"2026-02-25T11:38:58.1139343+05:30","level":"INFO","logger_name":"com.netflix.discovery.DiscoveryClient","message":"Discovery Client initialized at timestamp 1771999738113 with initial instances count: 4","service":"fms-core","version":"1.0.0","environment":"default"}
{"@timestamp":"2026-02-25T11:38:58.128939+05:30","level":"INFO","logger_name":"org.springframework.cloud.netflix.eureka.serviceregistry.EurekaServiceRegistry","message":"Registering application FMS_CORE with eureka with status UP","service":"fms-core","version":"1.0.0","environment":"default"}
{"@timestamp":"2026-02-25T11:38:58.1299357+05:30","level":"INFO","logger_name":"com.netflix.discovery.DiscoveryClient","message":"Saw local status change event StatusChangeEvent [timestamp=1771999738129, current=UP, previous=STARTING]","service":"fms-core","version":"1.0.0","environment":"default"}
{"@timestamp":"2026-02-25T11:38:58.1509337+05:30","level":"INFO","logger_name":"org.springframework.boot.web.embedded.tomcat.TomcatWebServer","message":"Tomcat started on port 8084 (http) with context path '/fms-core-service'","service":"fms-core","version":"1.0.0","environment":"default"}
{"@timestamp":"2026-02-25T11:38:58.1509337+05:30","level":"INFO","logger_name":"org.springframework.cloud.netflix.eureka.serviceregistry.EurekaAutoServiceRegistration","message":"Updating port to 8084","service":"fms-core","version":"1.0.0","environment":"default"}
{"@timestamp":"2026-02-25T11:38:58.1749323+05:30","level":"INFO","logger_name":"com.netflix.discovery.DiscoveryClient","message":"DiscoveryClient_FMS_CORE/localhost:fms_core:8084: registering service...","service":"fms-core","version":"1.0.0","environment":"default"}
{"@timestamp":"2026-02-25T11:38:58.2099342+05:30","level":"INFO","logger_name":"com.netflix.discovery.DiscoveryClient","message":"DiscoveryClient_FMS_CORE/localhost:fms_core:8084 - registration status: 204","service":"fms-core","version":"1.0.0","environment":"default"}
{"@timestamp":"2026-02-25T11:38:59.2559486+05:30","level":"INFO","logger_name":"org.springframework.cloud.commons.util.InetUtils","message":"Cannot determine local hostname","service":"fms-core","version":"1.0.0","environment":"default"}
{"@timestamp":"2026-02-25T11:38:59.2769463+05:30","level":"INFO","logger_name":"net.com.fms_core.FmsCoreApplication","message":"Started FmsCoreApplication in 24.872 seconds (process running for 7326.379)","service":"fms-core","version":"1.0.0","environment":"default"}
{"@timestamp":"2026-02-25T11:39:00.7799611+05:30","level":"INFO","logger_name":"org.drools.compiler.kie.builder.impl.KieContainerImpl","message":"Start creation of KieBase: defaultKieBase","service":"fms-core","version":"1.0.0","environment":"default"}
{"@timestamp":"2026-02-25T11:39:00.7989623+05:30","level":"INFO","logger_name":"org.drools.compiler.kie.builder.impl.KieContainerImpl","message":"End creation of KieBase: defaultKieBase","service":"fms-core","version":"1.0.0","environment":"default"}
{"@timestamp":"2026-02-25T11:39:00.8029776+05:30","level":"ERROR","logger_name":"net.com.fms_core.config.SocketListener","message":"❌ Error in FMS Receiver: Address already in use: bind","service":"fms-core","version":"1.0.0","environment":"default"}
{"@timestamp":"2026-02-25T11:39:00.8599618+05:30","level":"INFO","logger_name":"org.springframework.boot.devtools.autoconfigure.ConditionEvaluationDeltaLoggingListener","message":"Condition evaluation unchanged","service":"fms-core","version":"1.0.0","environment":"default"}
{"@timestamp":"2026-02-25T11:39:57.7491883+05:30","level":"INFO","logger_name":"org.springframework.web.socket.config.WebSocketMessageBrokerStats","message":"WebSocketSession[0 current WS(0)-HttpStream(0)-HttpPoll(0), 0 total, 0 closed abnormally (0 connect failure, 0 send limit, 0 transport error)], stompSubProtocol[processed CONNECT(0)-CONNECTED(0)-DISCONNECT(0)], stompBrokerRelay[null], inboundChannel[pool size = 0, active threads = 0, queued tasks = 0, completed tasks = 0], outboundChannel[pool size = 0, active threads = 0, queued tasks = 0, completed tasks = 0], sockJsScheduler[pool size = 1, active threads = 1, queued tasks = 0, completed tasks = 0]","service":"fms-core","version":"1.0.0","environment":"default"}
{"@timestamp":"2026-02-25T11:43:57.9742462+05:30","level":"INFO","logger_name":"com.netflix.discovery.shared.resolver.aws.ConfigClusterResolver","message":"Resolving eureka endpoints via configuration","service":"fms-core","version":"1.0.0","environment":"default"}
{"@timestamp":"2026-02-25T11:48:58.0443683+05:30","level":"INFO","logger_name":"com.netflix.discovery.shared.resolver.aws.ConfigClusterResolver","message":"Resolving eureka endpoints via configuration","service":"fms-core","version":"1.0.0","environment":"default"}
{"@timestamp":"2026-02-25T11:53:58.0778989+05:30","level":"INFO","logger_name":"com.netflix.discovery.shared.resolver.aws.ConfigClusterResolver","message":"Resolving eureka endpoints via configuration","service":"fms-core","version":"1.0.0","environment":"default"}
{"@timestamp":"2026-02-25T11:56:06.1406382+05:30","level":"INFO","logger_name":"org.springframework.boot.devtools.autoconfigure.LocalDevToolsAutoConfiguration$RestartingClassPathChangeChangedEventListener","message":"Restarting due to 3 class path changes (0 additions, 0 deletions, 3 modifications)","service":"fms-core","version":"1.0.0","environment":"default"}
{"@timestamp":"2026-02-25T11:56:06.3426377+05:30","level":"INFO","logger_name":"org.springframework.orm.jpa.LocalContainerEntityManagerFactoryBean","message":"Closing JPA EntityManagerFactory for persistence unit 'default'","service":"fms-core","version":"1.0.0","environment":"default"}
{"@timestamp":"2026-02-25T11:56:06.3486392+05:30","level":"INFO","logger_name":"com.zaxxer.hikari.HikariDataSource","message":"HikariPool-16 - Shutdown initiated...","service":"fms-core","version":"1.0.0","environment":"default"}
{"@timestamp":"2026-02-25T11:56:06.4606383+05:30","level":"INFO","logger_name":"com.zaxxer.hikari.HikariDataSource","message":"HikariPool-16 - Shutdown completed.","service":"fms-core","version":"1.0.0","environment":"default"}
{"@timestamp":"2026-02-25T11:56:06.4626374+05:30","level":"INFO","logger_name":"com.netflix.discovery.DiscoveryClient","message":"Shutting down DiscoveryClient ...","service":"fms-core","version":"1.0.0","environment":"default"}
{"@timestamp":"2026-02-25T11:56:07.7236446+05:30","level":"INFO","logger_name":"org.springframework.cloud.commons.util.InetUtils","message":"Cannot determine local hostname","service":"fms-core","version":"1.0.0","environment":"default"}
{"@timestamp":"2026-02-25T11:56:07.740649+05:30","level":"INFO","logger_name":"org.springframework.boot.devtools.env.DevToolsPropertyDefaultsPostProcessor","message":"Devtools property defaults active! Set 'spring.devtools.add-properties' to 'false' to disable","service":"fms-core","version":"1.0.0","environment":"default"}
{"@timestamp":"2026-02-25T11:56:07.7416462+05:30","level":"INFO","logger_name":"org.springframework.boot.devtools.env.DevToolsPropertyDefaultsPostProcessor","message":"For additional web related logging consider setting the 'logging.level.web' property to 'DEBUG'","service":"fms-core","version":"1.0.0","environment":"default"}
{"@timestamp":"2026-02-25T11:56:09.1196579+05:30","level":"INFO","logger_name":"net.com.fms_core.FmsCoreApplication","message":"Starting FmsCoreApplication using Java 21.0.2 with PID 28148 (C:\\Users\\kavinda_d\\Documents\\e soft\\final project\\project\\fms backend\\fms_core\\target\\classes started by kavinda_d in C:\\Users\\kavinda_d\\Documents\\e soft\\final project\\project\\fms backend)","service":"fms-core","version":"1.0.0","environment":"default"}
{"@timestamp":"2026-02-25T11:56:09.1206546+05:30","level":"DEBUG","logger_name":"net.com.fms_core.FmsCoreApplication","message":"Running with Spring Boot v3.4.4, Spring v6.2.5","service":"fms-core","version":"1.0.0","environment":"default"}
{"@timestamp":"2026-02-25T11:56:09.1206546+05:30","level":"INFO","logger_name":"net.com.fms_core.FmsCoreApplication","message":"The following 1 profile is active: \"dev\"","service":"fms-core","version":"1.0.0","environment":"default"}
{"@timestamp":"2026-02-25T11:56:09.1326669+05:30","level":"INFO","logger_name":"org.springframework.cloud.config.client.ConfigServerConfigDataLoader","message":"Fetching config from server at : http://localhost:8888","service":"fms-core","version":"1.0.0","environment":"default"}
{"@timestamp":"2026-02-25T11:56:09.1326669+05:30","level":"INFO","logger_name":"org.springframework.cloud.config.client.ConfigServerConfigDataLoader","message":"Located environment: name=fms_core, profiles=[dev], label=null, version=null, state=null","service":"fms-core","version":"1.0.0","environment":"default"}
{"@timestamp":"2026-02-25T11:56:09.5676584+05:30","level":"INFO","logger_name":"com.netflix.discovery.DiscoveryClient","message":"Unregistering ...","service":"fms-core","version":"1.0.0","environment":"default"}
{"@timestamp":"2026-02-25T11:56:09.575659+05:30","level":"INFO","logger_name":"com.netflix.discovery.DiscoveryClient","message":"DiscoveryClient_FMS_CORE/localhost:fms_core:8084 - deregister  status: 200","service":"fms-core","version":"1.0.0","environment":"default"}
{"@timestamp":"2026-02-25T11:56:09.575659+05:30","level":"INFO","logger_name":"com.netflix.discovery.DiscoveryClient","message":"Completed shut down of DiscoveryClient","service":"fms-core","version":"1.0.0","environment":"default"}
{"@timestamp":"2026-02-25T11:56:12.6986785+05:30","level":"INFO","logger_name":"net.com.fms_core.FmsCoreApplication","message":"Starting FmsCoreApplication using Java 21.0.2 with PID 28148 (C:\\Users\\kavinda_d\\Documents\\e soft\\final project\\project\\fms backend\\fms_core\\target\\classes started by kavinda_d in C:\\Users\\kavinda_d\\Documents\\e soft\\final project\\project\\fms backend)","service":"fms-core","version":"1.0.0","environment":"default"}
{"@timestamp":"2026-02-25T11:56:12.6996766+05:30","level":"DEBUG","logger_name":"net.com.fms_core.FmsCoreApplication","message":"Running with Spring Boot v3.4.4, Spring v6.2.5","service":"fms-core","version":"1.0.0","environment":"default"}
{"@timestamp":"2026-02-25T11:56:12.6996766+05:30","level":"INFO","logger_name":"net.com.fms_core.FmsCoreApplication","message":"The following 1 profile is active: \"dev\"","service":"fms-core","version":"1.0.0","environment":"default"}
{"@timestamp":"2026-02-25T11:56:12.7076777+05:30","level":"INFO","logger_name":"org.springframework.cloud.config.client.ConfigServerConfigDataLoader","message":"Fetching config from server at : http://localhost:8888","service":"fms-core","version":"1.0.0","environment":"default"}
{"@timestamp":"2026-02-25T11:56:12.708679+05:30","level":"INFO","logger_name":"org.springframework.cloud.config.client.ConfigServerConfigDataLoader","message":"Located environment: name=fms_core, profiles=[dev], label=null, version=null, state=null","service":"fms-core","version":"1.0.0","environment":"default"}
{"@timestamp":"2026-02-25T11:56:12.8546782+05:30","level":"INFO","logger_name":"org.springframework.data.repository.config.RepositoryConfigurationDelegate","message":"Bootstrapping Spring Data JPA repositories in DEFAULT mode.","service":"fms-core","version":"1.0.0","environment":"default"}
{"@timestamp":"2026-02-25T11:56:13.245682+05:30","level":"INFO","logger_name":"org.springframework.data.repository.config.RepositoryConfigurationDelegate","message":"Finished Spring Data repository scanning in 388 ms. Found 19 JPA repository interfaces.","service":"fms-core","version":"1.0.0","environment":"default"}
{"@timestamp":"2026-02-25T11:56:14.2536848+05:30","level":"INFO","logger_name":"org.springframework.cloud.context.scope.GenericScope","message":"BeanFactory id=a34aabd1-1edc-3721-b029-38a30be4cc91","service":"fms-core","version":"1.0.0","environment":"default"}
{"@timestamp":"2026-02-25T11:56:15.2576941+05:30","level":"INFO","logger_name":"org.springframework.data.repository.config.RepositoryConfigurationDelegate","message":"Bootstrapping Spring Data JPA repositories in DEFAULT mode.","service":"fms-core","version":"1.0.0","environment":"default"}
{"@timestamp":"2026-02-25T11:56:15.3656932+05:30","level":"INFO","logger_name":"org.springframework.boot.web.embedded.tomcat.TomcatWebServer","message":"Tomcat initialized with port 8084 (http)","service":"fms-core","version":"1.0.0","environment":"default"}
{"@timestamp":"2026-02-25T11:56:15.3736945+05:30","level":"INFO","logger_name":"org.apache.catalina.core.StandardService","message":"Starting service [Tomcat]","service":"fms-core","version":"1.0.0","environment":"default"}
{"@timestamp":"2026-02-25T11:56:15.3766979+05:30","level":"INFO","logger_name":"org.apache.catalina.core.StandardEngine","message":"Starting Servlet engine: [Apache Tomcat/10.1.39]","service":"fms-core","version":"1.0.0","environment":"default"}
{"@timestamp":"2026-02-25T11:56:15.893699+05:30","level":"INFO","logger_name":"org.springframework.data.repository.config.RepositoryConfigurationDelegate","message":"Finished Spring Data repository scanning in 632 ms. Found 19 JPA repository interfaces.","service":"fms-core","version":"1.0.0","environment":"default"}
{"@timestamp":"2026-02-25T11:56:15.9647006+05:30","level":"INFO","logger_name":"org.apache.catalina.core.ContainerBase.[Tomcat-7].[localhost].[/fms-core-service]","message":"Initializing Spring embedded WebApplicationContext","service":"fms-core","version":"1.0.0","environment":"default"}
{"@timestamp":"2026-02-25T11:56:15.9647006+05:30","level":"INFO","logger_name":"org.springframework.boot.web.servlet.context.ServletWebServerApplicationContext","message":"Root WebApplicationContext: initialization completed in 6830 ms","service":"fms-core","version":"1.0.0","environment":"default"}
{"@timestamp":"2026-02-25T11:56:16.3906995+05:30","level":"INFO","logger_name":"org.springframework.cloud.context.scope.GenericScope","message":"BeanFactory id=a34aabd1-1edc-3721-b029-38a30be4cc91","service":"fms-core","version":"1.0.0","environment":"default"}
{"@timestamp":"2026-02-25T11:56:17.0327034+05:30","level":"INFO","logger_name":"org.springframework.boot.web.embedded.tomcat.TomcatWebServer","message":"Tomcat initialized with port 8084 (http)","service":"fms-core","version":"1.0.0","environment":"default"}
{"@timestamp":"2026-02-25T11:56:17.0337051+05:30","level":"INFO","logger_name":"org.apache.catalina.core.StandardService","message":"Starting service [Tomcat]","service":"fms-core","version":"1.0.0","environment":"default"}
{"@timestamp":"2026-02-25T11:56:17.034706+05:30","level":"INFO","logger_name":"org.apache.catalina.core.StandardEngine","message":"Starting Servlet engine: [Apache Tomcat/10.1.39]","service":"fms-core","version":"1.0.0","environment":"default"}
{"@timestamp":"2026-02-25T11:56:17.1357111+05:30","level":"INFO","logger_name":"org.apache.catalina.core.ContainerBase.[Tomcat-8].[localhost].[/fms-core-service]","message":"Initializing Spring embedded WebApplicationContext","service":"fms-core","version":"1.0.0","environment":"default"}
{"@timestamp":"2026-02-25T11:56:17.1357111+05:30","level":"INFO","logger_name":"org.springframework.boot.web.servlet.context.ServletWebServerApplicationContext","message":"Root WebApplicationContext: initialization completed in 4427 ms","service":"fms-core","version":"1.0.0","environment":"default"}
{"@timestamp":"2026-02-25T11:56:17.2287059+05:30","level":"INFO","logger_name":"com.zaxxer.hikari.HikariDataSource","message":"HikariPool-18 - Starting...","service":"fms-core","version":"1.0.0","environment":"default"}
{"@timestamp":"2026-02-25T11:56:17.2577059+05:30","level":"INFO","logger_name":"com.zaxxer.hikari.pool.HikariPool","message":"HikariPool-18 - Added connection com.mysql.cj.jdbc.ConnectionImpl@1983b4e4","service":"fms-core","version":"1.0.0","environment":"default"}
{"@timestamp":"2026-02-25T11:56:17.2577059+05:30","level":"INFO","logger_name":"com.zaxxer.hikari.HikariDataSource","message":"HikariPool-18 - Start completed.","service":"fms-core","version":"1.0.0","environment":"default"}
{"@timestamp":"2026-02-25T11:56:17.2607067+05:30","level":"INFO","logger_name":"org.hibernate.jpa.internal.util.LogHelper","message":"HHH000204: Processing PersistenceUnitInfo [name: default]","service":"fms-core","version":"1.0.0","environment":"default"}
{"@timestamp":"2026-02-25T11:56:17.2707096+05:30","level":"INFO","logger_name":"org.hibernate.cache.internal.RegionFactoryInitiator","message":"HHH000026: Second-level cache disabled","service":"fms-core","version":"1.0.0","environment":"default"}
{"@timestamp":"2026-02-25T11:56:17.3127082+05:30","level":"INFO","logger_name":"org.springframework.orm.jpa.persistenceunit.SpringPersistenceUnitInfo","message":"No LoadTimeWeaver setup: ignoring JPA class transformer","service":"fms-core","version":"1.0.0","environment":"default"}
{"@timestamp":"2026-02-25T11:56:17.3207089+05:30","level":"INFO","logger_name":"org.hibernate.orm.connections.pooling","message":"HHH10001005: Database info:\n\tDatabase JDBC URL [Connecting through datasource 'HikariDataSource (HikariPool-18)']\n\tDatabase driver: undefined/unknown\n\tDatabase version: 8.1\n\tAutocommit mode: undefined/unknown\n\tIsolation level: undefined/unknown\n\tMinimum pool size: undefined/unknown\n\tMaximum pool size: undefined/unknown","service":"fms-core","version":"1.0.0","environment":"default"}
{"@timestamp":"2026-02-25T11:56:18.196712+05:30","level":"INFO","logger_name":"com.zaxxer.hikari.HikariDataSource","message":"HikariPool-19 - Starting...","service":"fms-core","version":"1.0.0","environment":"default"}
{"@timestamp":"2026-02-25T11:56:18.2067117+05:30","level":"INFO","logger_name":"com.zaxxer.hikari.pool.HikariPool","message":"HikariPool-19 - Added connection com.mysql.cj.jdbc.ConnectionImpl@36898c5c","service":"fms-core","version":"1.0.0","environment":"default"}
{"@timestamp":"2026-02-25T11:56:18.2077116+05:30","level":"INFO","logger_name":"com.zaxxer.hikari.HikariDataSource","message":"HikariPool-19 - Start completed.","service":"fms-core","version":"1.0.0","environment":"default"}
{"@timestamp":"2026-02-25T11:56:18.2087127+05:30","level":"INFO","logger_name":"org.hibernate.jpa.internal.util.LogHelper","message":"HHH000204: Processing PersistenceUnitInfo [name: default]","service":"fms-core","version":"1.0.0","environment":"default"}
{"@timestamp":"2026-02-25T11:56:18.2177181+05:30","level":"INFO","logger_name":"org.hibernate.cache.internal.RegionFactoryInitiator","message":"HHH000026: Second-level cache disabled","service":"fms-core","version":"1.0.0","environment":"default"}
{"@timestamp":"2026-02-25T11:56:18.2437137+05:30","level":"INFO","logger_name":"org.springframework.orm.jpa.persistenceunit.SpringPersistenceUnitInfo","message":"No LoadTimeWeaver setup: ignoring JPA class transformer","service":"fms-core","version":"1.0.0","environment":"default"}
{"@timestamp":"2026-02-25T11:56:18.2477124+05:30","level":"INFO","logger_name":"org.hibernate.orm.connections.pooling","message":"HHH10001005: Database info:\n\tDatabase JDBC URL [Connecting through datasource 'HikariDataSource (HikariPool-19)']\n\tDatabase driver: undefined/unknown\n\tDatabase version: 8.1\n\tAutocommit mode: undefined/unknown\n\tIsolation level: undefined/unknown\n\tMinimum pool size: undefined/unknown\n\tMaximum pool size: undefined/unknown","service":"fms-core","version":"1.0.0","environment":"default"}
{"@timestamp":"2026-02-25T11:56:20.3667269+05:30","level":"INFO","logger_name":"org.hibernate.engine.transaction.jta.platform.internal.JtaPlatformInitiator","message":"HHH000489: No JTA platform available (set 'hibernate.transaction.jta.platform' to enable JTA platform integration)","service":"fms-core","version":"1.0.0","environment":"default"}
{"@timestamp":"2026-02-25T11:56:20.3747248+05:30","level":"INFO","logger_name":"org.hibernate.engine.transaction.jta.platform.internal.JtaPlatformInitiator","message":"HHH000489: No JTA platform available (set 'hibernate.transaction.jta.platform' to enable JTA platform integration)","service":"fms-core","version":"1.0.0","environment":"default"}
{"@timestamp":"2026-02-25T11:56:20.5187254+05:30","level":"INFO","logger_name":"org.springframework.orm.jpa.LocalContainerEntityManagerFactoryBean","message":"Initialized JPA EntityManagerFactory for persistence unit 'default'","service":"fms-core","version":"1.0.0","environment":"default"}
{"@timestamp":"2026-02-25T11:56:20.5307281+05:30","level":"INFO","logger_name":"org.springframework.orm.jpa.LocalContainerEntityManagerFactoryBean","message":"Initialized JPA EntityManagerFactory for persistence unit 'default'","service":"fms-core","version":"1.0.0","environment":"default"}
{"@timestamp":"2026-02-25T11:56:23.8077511+05:30","level":"WARN","logger_name":"org.springframework.boot.autoconfigure.orm.jpa.JpaBaseConfiguration$JpaWebConfiguration","message":"spring.jpa.open-in-view is enabled by default. Therefore, database queries may be performed during view rendering. Explicitly configure spring.jpa.open-in-view to disable this warning","service":"fms-core","version":"1.0.0","environment":"default"}
{"@timestamp":"2026-02-25T11:56:23.8177479+05:30","level":"WARN","logger_name":"org.springframework.boot.autoconfigure.orm.jpa.JpaBaseConfiguration$JpaWebConfiguration","message":"spring.jpa.open-in-view is enabled by default. Therefore, database queries may be performed during view rendering. Explicitly configure spring.jpa.open-in-view to disable this warning","service":"fms-core","version":"1.0.0","environment":"default"}
{"@timestamp":"2026-02-25T11:56:23.89575+05:30","level":"INFO","logger_name":"org.springframework.validation.beanvalidation.OptionalValidatorFactoryBean","message":"Failed to set up a Bean Validation provider: jakarta.validation.NoProviderFoundException: Unable to create a Configuration, because no Jakarta Bean Validation provider could be found. Add a provider like Hibernate Validator (RI) to your classpath.","service":"fms-core","version":"1.0.0","environment":"default"}
{"@timestamp":"2026-02-25T11:56:23.9057503+05:30","level":"INFO","logger_name":"org.springframework.validation.beanvalidation.OptionalValidatorFactoryBean","message":"Failed to set up a Bean Validation provider: jakarta.validation.NoProviderFoundException: Unable to create a Configuration, because no Jakarta Bean Validation provider could be found. Add a provider like Hibernate Validator (RI) to your classpath.","service":"fms-core","version":"1.0.0","environment":"default"}
{"@timestamp":"2026-02-25T11:56:25.7917563+05:30","level":"INFO","logger_name":"org.springframework.cloud.commons.util.InetUtils","message":"Cannot determine local hostname","service":"fms-core","version":"1.0.0","environment":"default"}
{"@timestamp":"2026-02-25T11:56:25.800759+05:30","level":"INFO","logger_name":"org.springframework.cloud.commons.util.InetUtils","message":"Cannot determine local hostname","service":"fms-core","version":"1.0.0","environment":"default"}
{"@timestamp":"2026-02-25T11:56:26.5377754+05:30","level":"WARN","logger_name":"org.springframework.boot.web.servlet.context.AnnotationConfigServletWebServerApplicationContext","message":"Exception encountered during context initialization - cancelling refresh attempt: org.springframework.beans.factory.BeanCreationException: Error creating bean with name 'jmxMBeanExporter' defined in class path resource [org/springframework/boot/actuate/autoconfigure/endpoint/jmx/JmxEndpointAutoConfiguration.class]: Failed to register MBean for endpoint 'info'","service":"fms-core","version":"1.0.0","environment":"default"}
{"@timestamp":"2026-02-25T11:56:26.5597651+05:30","level":"INFO","logger_name":"org.springframework.orm.jpa.LocalContainerEntityManagerFactoryBean","message":"Closing JPA EntityManagerFactory for persistence unit 'default'","service":"fms-core","version":"1.0.0","environment":"default"}
{"@timestamp":"2026-02-25T11:56:26.5627672+05:30","level":"INFO","logger_name":"com.zaxxer.hikari.HikariDataSource","message":"HikariPool-19 - Shutdown initiated...","service":"fms-core","version":"1.0.0","environment":"default"}
{"@timestamp":"2026-02-25T11:56:26.7017661+05:30","level":"INFO","logger_name":"com.zaxxer.hikari.HikariDataSource","message":"HikariPool-19 - Shutdown completed.","service":"fms-core","version":"1.0.0","environment":"default"}
{"@timestamp":"2026-02-25T11:56:26.7047692+05:30","level":"INFO","logger_name":"org.apache.catalina.core.StandardService","message":"Stopping service [Tomcat]","service":"fms-core","version":"1.0.0","environment":"default"}
{"@timestamp":"2026-02-25T11:56:26.7237644+05:30","level":"INFO","logger_name":"org.springframework.boot.autoconfigure.logging.ConditionEvaluationReportLogger","message":"\r\n\r\nError starting ApplicationContext. To display the condition evaluation report re-run your application with 'debug' enabled.","service":"fms-core","version":"1.0.0","environment":"default"}
{"@timestamp":"2026-02-25T11:56:26.730768+05:30","level":"ERROR","logger_name":"org.springframework.boot.SpringApplication","message":"Application run failed","service":"fms-core","version":"1.0.0","environment":"default"}
{"@timestamp":"2026-02-25T11:56:27.3057693+05:30","level":"WARN","logger_name":"org.springframework.boot.devtools.autoconfigure.OptionalLiveReloadServer","message":"Unable to start LiveReload server","service":"fms-core","version":"1.0.0","environment":"default"}
{"@timestamp":"2026-02-25T11:56:28.411776+05:30","level":"INFO","logger_name":"org.springframework.cloud.commons.util.InetUtils","message":"Cannot determine local hostname","service":"fms-core","version":"1.0.0","environment":"default"}
{"@timestamp":"2026-02-25T11:56:28.4887796+05:30","level":"INFO","logger_name":"org.springframework.cloud.netflix.eureka.config.DiscoveryClientOptionalArgsConfiguration","message":"Eureka HTTP Client uses RestTemplate.","service":"fms-core","version":"1.0.0","environment":"default"}
{"@timestamp":"2026-02-25T11:56:28.7537814+05:30","level":"WARN","logger_name":"org.springframework.cloud.loadbalancer.config.LoadBalancerCacheAutoConfiguration$LoadBalancerCaffeineWarnLogger","message":"Spring Cloud LoadBalancer is currently working with the default cache. While this cache implementation is useful for development and tests, it's recommended to use Caffeine cache in production.You can switch to using Caffeine cache, by adding it and org.springframework.cache.caffeine.CaffeineCacheManager to the classpath.","service":"fms-core","version":"1.0.0","environment":"default"}
{"@timestamp":"2026-02-25T11:56:28.7987777+05:30","level":"INFO","logger_name":"org.springframework.boot.actuate.endpoint.web.EndpointLinksResolver","message":"Exposing 6 endpoints beneath base path '/actuator'","service":"fms-core","version":"1.0.0","environment":"default"}
{"@timestamp":"2026-02-25T11:56:29.2267849+05:30","level":"INFO","logger_name":"org.springframework.messaging.simp.broker.SimpleBrokerMessageHandler","message":"Starting...","service":"fms-core","version":"1.0.0","environment":"default"}
{"@timestamp":"2026-02-25T11:56:29.2277814+05:30","level":"INFO","logger_name":"org.springframework.messaging.simp.broker.SimpleBrokerMessageHandler","message":"BrokerAvailabilityEvent[available=true, SimpleBrokerMessageHandler [org.springframework.messaging.simp.broker.DefaultSubscriptionRegistry@540496f2]]","service":"fms-core","version":"1.0.0","environment":"default"}
{"@timestamp":"2026-02-25T11:56:29.2277814+05:30","level":"INFO","logger_name":"org.springframework.messaging.simp.broker.SimpleBrokerMessageHandler","message":"Started.","service":"fms-core","version":"1.0.0","environment":"default"}
{"@timestamp":"2026-02-25T11:56:29.2377833+05:30","level":"INFO","logger_name":"org.springframework.cloud.netflix.eureka.InstanceInfoFactory","message":"Setting initial instance status as: STARTING","service":"fms-core","version":"1.0.0","environment":"default"}
{"@timestamp":"2026-02-25T11:56:29.2477817+05:30","level":"INFO","logger_name":"com.netflix.discovery.DiscoveryClient","message":"Initializing Eureka in region us-east-1","service":"fms-core","version":"1.0.0","environment":"default"}
{"@timestamp":"2026-02-25T11:56:29.2477817+05:30","level":"INFO","logger_name":"com.netflix.discovery.shared.resolver.aws.ConfigClusterResolver","message":"Resolving eureka endpoints via configuration","service":"fms-core","version":"1.0.0","environment":"default"}
{"@timestamp":"2026-02-25T11:56:29.2487813+05:30","level":"INFO","logger_name":"com.netflix.discovery.DiscoveryClient","message":"Disable delta property : false","service":"fms-core","version":"1.0.0","environment":"default"}
{"@timestamp":"2026-02-25T11:56:29.2487813+05:30","level":"INFO","logger_name":"com.netflix.discovery.DiscoveryClient","message":"Single vip registry refresh property : null","service":"fms-core","version":"1.0.0","environment":"default"}
{"@timestamp":"2026-02-25T11:56:29.2487813+05:30","level":"INFO","logger_name":"com.netflix.discovery.DiscoveryClient","message":"Force full registry fetch : false","service":"fms-core","version":"1.0.0","environment":"default"}
{"@timestamp":"2026-02-25T11:56:29.2487813+05:30","level":"INFO","logger_name":"com.netflix.discovery.DiscoveryClient","message":"Application is null : false","service":"fms-core","version":"1.0.0","environment":"default"}
{"@timestamp":"2026-02-25T11:56:29.2487813+05:30","level":"INFO","logger_name":"com.netflix.discovery.DiscoveryClient","message":"Registered Applications size is zero : true","service":"fms-core","version":"1.0.0","environment":"default"}
{"@timestamp":"2026-02-25T11:56:29.2487813+05:30","level":"INFO","logger_name":"com.netflix.discovery.DiscoveryClient","message":"Application version is -1: true","service":"fms-core","version":"1.0.0","environment":"default"}
{"@timestamp":"2026-02-25T11:56:29.2487813+05:30","level":"INFO","logger_name":"com.netflix.discovery.DiscoveryClient","message":"Getting all instance registry info from the eureka server","service":"fms-core","version":"1.0.0","environment":"default"}
{"@timestamp":"2026-02-25T11:56:29.6347827+05:30","level":"INFO","logger_name":"com.netflix.discovery.DiscoveryClient","message":"The response status is 200","service":"fms-core","version":"1.0.0","environment":"default"}
{"@timestamp":"2026-02-25T11:56:29.63779+05:30","level":"INFO","logger_name":"com.netflix.discovery.DiscoveryClient","message":"Starting heartbeat executor: renew interval is: 30","service":"fms-core","version":"1.0.0","environment":"default"}
{"@timestamp":"2026-02-25T11:56:29.6387837+05:30","level":"INFO","logger_name":"com.netflix.discovery.InstanceInfoReplicator","message":"InstanceInfoReplicator onDemand update allowed rate per min is 4","service":"fms-core","version":"1.0.0","environment":"default"}
{"@timestamp":"2026-02-25T11:56:29.6397872+05:30","level":"INFO","logger_name":"com.netflix.discovery.DiscoveryClient","message":"Discovery Client initialized at timestamp 1772000789638 with initial instances count: 4","service":"fms-core","version":"1.0.0","environment":"default"}
{"@timestamp":"2026-02-25T11:56:29.6557838+05:30","level":"INFO","logger_name":"org.springframework.cloud.netflix.eureka.serviceregistry.EurekaServiceRegistry","message":"Registering application FMS_CORE with eureka with status UP","service":"fms-core","version":"1.0.0","environment":"default"}
{"@timestamp":"2026-02-25T11:56:29.6567827+05:30","level":"INFO","logger_name":"com.netflix.discovery.DiscoveryClient","message":"Saw local status change event StatusChangeEvent [timestamp=1772000789656, current=UP, previous=STARTING]","service":"fms-core","version":"1.0.0","environment":"default"}
{"@timestamp":"2026-02-25T11:56:29.6757845+05:30","level":"INFO","logger_name":"org.springframework.boot.web.embedded.tomcat.TomcatWebServer","message":"Tomcat started on port 8084 (http) with context path '/fms-core-service'","service":"fms-core","version":"1.0.0","environment":"default"}
{"@timestamp":"2026-02-25T11:56:29.6778131+05:30","level":"INFO","logger_name":"org.springframework.cloud.netflix.eureka.serviceregistry.EurekaAutoServiceRegistration","message":"Updating port to 8084","service":"fms-core","version":"1.0.0","environment":"default"}
{"@timestamp":"2026-02-25T11:56:29.7867845+05:30","level":"INFO","logger_name":"com.netflix.discovery.DiscoveryClient","message":"DiscoveryClient_FMS_CORE/localhost:fms_core:8084: registering service...","service":"fms-core","version":"1.0.0","environment":"default"}
{"@timestamp":"2026-02-25T11:56:29.8197836+05:30","level":"INFO","logger_name":"com.netflix.discovery.DiscoveryClient","message":"DiscoveryClient_FMS_CORE/localhost:fms_core:8084 - registration status: 204","service":"fms-core","version":"1.0.0","environment":"default"}
{"@timestamp":"2026-02-25T11:56:30.6917888+05:30","level":"INFO","logger_name":"org.springframework.cloud.commons.util.InetUtils","message":"Cannot determine local hostname","service":"fms-core","version":"1.0.0","environment":"default"}
{"@timestamp":"2026-02-25T11:56:30.7157907+05:30","level":"INFO","logger_name":"net.com.fms_core.FmsCoreApplication","message":"Started FmsCoreApplication in 24.568 seconds (process running for 8377.809)","service":"fms-core","version":"1.0.0","environment":"default"}
{"@timestamp":"2026-02-25T11:56:31.848798+05:30","level":"INFO","logger_name":"org.drools.compiler.kie.builder.impl.KieContainerImpl","message":"Start creation of KieBase: defaultKieBase","service":"fms-core","version":"1.0.0","environment":"default"}
{"@timestamp":"2026-02-25T11:56:31.8748052+05:30","level":"INFO","logger_name":"org.drools.compiler.kie.builder.impl.KieContainerImpl","message":"End creation of KieBase: defaultKieBase","service":"fms-core","version":"1.0.0","environment":"default"}
{"@timestamp":"2026-02-25T11:56:31.8777962+05:30","level":"ERROR","logger_name":"net.com.fms_core.config.SocketListener","message":"❌ Error in FMS Receiver: Address already in use: bind","service":"fms-core","version":"1.0.0","environment":"default"}
{"@timestamp":"2026-02-25T11:56:31.882798+05:30","level":"INFO","logger_name":"org.springframework.boot.devtools.autoconfigure.ConditionEvaluationDeltaLoggingListener","message":"Condition evaluation unchanged","service":"fms-core","version":"1.0.0","environment":"default"}
{"@timestamp":"2026-02-25T11:57:29.0213605+05:30","level":"INFO","logger_name":"org.springframework.web.socket.config.WebSocketMessageBrokerStats","message":"WebSocketSession[0 current WS(0)-HttpStream(0)-HttpPoll(0), 0 total, 0 closed abnormally (0 connect failure, 0 send limit, 0 transport error)], stompSubProtocol[processed CONNECT(0)-CONNECTED(0)-DISCONNECT(0)], stompBrokerRelay[null], inboundChannel[pool size = 0, active threads = 0, queued tasks = 0, completed tasks = 0], outboundChannel[pool size = 0, active threads = 0, queued tasks = 0, completed tasks = 0], sockJsScheduler[pool size = 1, active threads = 1, queued tasks = 0, completed tasks = 0]","service":"fms-core","version":"1.0.0","environment":"default"}
{"@timestamp":"2026-02-25T12:01:29.2953511+05:30","level":"INFO","logger_name":"com.netflix.discovery.shared.resolver.aws.ConfigClusterResolver","message":"Resolving eureka endpoints via configuration","service":"fms-core","version":"1.0.0","environment":"default"}
{"@timestamp":"2026-02-25T12:02:54.4496069+05:30","level":"INFO","logger_name":"org.springframework.web.servlet.DispatcherServlet","message":"Initializing Servlet 'dispatcherServlet'","service":"fms-core","version":"1.0.0","environment":"default"}
{"@timestamp":"2026-02-25T12:02:54.4556054+05:30","level":"INFO","logger_name":"org.springframework.web.servlet.DispatcherServlet","message":"Completed initialization in 6 ms","service":"fms-core","version":"1.0.0","environment":"default"}
{"@timestamp":"2026-02-25T12:03:14.5956519+05:30","level":"INFO","logger_name":"net.com.fms_core.service.impl.script.ProductionRuleGenerationService","message":"Generating rules from trained model...","service":"fms-core","version":"1.0.0","environment":"default"}
{"@timestamp":"2026-02-25T12:04:44.3928546+05:30","level":"INFO","logger_name":"net.com.fms_core.controller.TransactionController","message":"Training fraud detection model...","service":"fms-core","version":"1.0.0","environment":"default"}
{"@timestamp":"2026-02-25T12:04:44.3928546+05:30","level":"INFO","logger_name":"net.com.fms_core.service.impl.script.ProductionRuleGenerationService","message":"Training fraud detection model...","service":"fms-core","version":"1.0.0","environment":"default"}
{"@timestamp":"2026-02-25T12:06:29.3399771+05:30","level":"INFO","logger_name":"com.netflix.discovery.shared.resolver.aws.ConfigClusterResolver","message":"Resolving eureka endpoints via configuration","service":"fms-core","version":"1.0.0","environment":"default"}
{"@timestamp":"2026-02-25T12:11:29.410078+05:30","level":"INFO","logger_name":"com.netflix.discovery.shared.resolver.aws.ConfigClusterResolver","message":"Resolving eureka endpoints via configuration","service":"fms-core","version":"1.0.0","environment":"default"}
{"@timestamp":"2026-02-25T12:16:29.5060103+05:30","level":"INFO","logger_name":"com.netflix.discovery.shared.resolver.aws.ConfigClusterResolver","message":"Resolving eureka endpoints via configuration","service":"fms-core","version":"1.0.0","environment":"default"}
{"@timestamp":"2026-02-25T12:20:46.9848726+05:30","level":"INFO","logger_name":"org.springframework.boot.devtools.autoconfigure.LocalDevToolsAutoConfiguration$RestartingClassPathChangeChangedEventListener","message":"Restarting due to 3 class path changes (0 additions, 0 deletions, 3 modifications)","service":"fms-core","version":"1.0.0","environment":"default"}
{"@timestamp":"2026-02-25T12:20:47.0238759+05:30","level":"INFO","logger_name":"org.springframework.cloud.netflix.eureka.serviceregistry.EurekaServiceRegistry","message":"Unregistering application FMS_CORE with eureka with status DOWN","service":"fms-core","version":"1.0.0","environment":"default"}
{"@timestamp":"2026-02-25T12:20:47.024877+05:30","level":"INFO","logger_name":"com.netflix.discovery.DiscoveryClient","message":"Saw local status change event StatusChangeEvent [timestamp=1772002247024, current=DOWN, previous=UP]","service":"fms-core","version":"1.0.0","environment":"default"}
{"@timestamp":"2026-02-25T12:20:47.0258752+05:30","level":"INFO","logger_name":"com.netflix.discovery.DiscoveryClient","message":"DiscoveryClient_FMS_CORE/localhost:fms_core:8084: registering service...","service":"fms-core","version":"1.0.0","environment":"default"}
{"@timestamp":"2026-02-25T12:20:47.0358736+05:30","level":"INFO","logger_name":"org.springframework.boot.web.embedded.tomcat.GracefulShutdown","message":"Commencing graceful shutdown. Waiting for active requests to complete","service":"fms-core","version":"1.0.0","environment":"default"}
{"@timestamp":"2026-02-25T12:20:47.0798735+05:30","level":"INFO","logger_name":"com.netflix.discovery.DiscoveryClient","message":"DiscoveryClient_FMS_CORE/localhost:fms_core:8084 - registration status: 204","service":"fms-core","version":"1.0.0","environment":"default"}
{"@timestamp":"2026-02-25T12:20:50.308872+05:30","level":"INFO","logger_name":"net.com.fms_core.FmsCoreApplication","message":"Starting FmsCoreApplication using Java 21.0.2 with PID 28148 (C:\\Users\\kavinda_d\\Documents\\e soft\\final project\\project\\fms backend\\fms_core\\target\\classes started by kavinda_d in C:\\Users\\kavinda_d\\Documents\\e soft\\final project\\project\\fms backend)","service":"fms-core","version":"1.0.0","environment":"default"}
{"@timestamp":"2026-02-25T12:20:50.308872+05:30","level":"DEBUG","logger_name":"net.com.fms_core.FmsCoreApplication","message":"Running with Spring Boot v3.4.4, Spring v6.2.5","service":"fms-core","version":"1.0.0","environment":"default"}
{"@timestamp":"2026-02-25T12:20:50.309874+05:30","level":"INFO","logger_name":"net.com.fms_core.FmsCoreApplication","message":"The following 1 profile is active: \"dev\"","service":"fms-core","version":"1.0.0","environment":"default"}
{"@timestamp":"2026-02-25T12:20:50.314872+05:30","level":"INFO","logger_name":"org.springframework.cloud.config.client.ConfigServerConfigDataLoader","message":"Fetching config from server at : http://localhost:8888","service":"fms-core","version":"1.0.0","environment":"default"}
{"@timestamp":"2026-02-25T12:20:50.314872+05:30","level":"INFO","logger_name":"org.springframework.cloud.config.client.ConfigServerConfigDataLoader","message":"Located environment: name=fms_core, profiles=[dev], label=null, version=null, state=null","service":"fms-core","version":"1.0.0","environment":"default"}
{"@timestamp":"2026-02-25T12:20:52.0998714+05:30","level":"INFO","logger_name":"org.springframework.data.repository.config.RepositoryConfigurationDelegate","message":"Bootstrapping Spring Data JPA repositories in DEFAULT mode.","service":"fms-core","version":"1.0.0","environment":"default"}
{"@timestamp":"2026-02-25T12:20:52.3998679+05:30","level":"INFO","logger_name":"org.springframework.data.repository.config.RepositoryConfigurationDelegate","message":"Finished Spring Data repository scanning in 296 ms. Found 19 JPA repository interfaces.","service":"fms-core","version":"1.0.0","environment":"default"}
{"@timestamp":"2026-02-25T12:20:52.7558697+05:30","level":"INFO","logger_name":"org.springframework.cloud.context.scope.GenericScope","message":"BeanFactory id=a34aabd1-1edc-3721-b029-38a30be4cc91","service":"fms-core","version":"1.0.0","environment":"default"}
{"@timestamp":"2026-02-25T12:20:53.5148683+05:30","level":"INFO","logger_name":"org.springframework.boot.web.embedded.tomcat.TomcatWebServer","message":"Tomcat initialized with port 8084 (http)","service":"fms-core","version":"1.0.0","environment":"default"}
{"@timestamp":"2026-02-25T12:20:53.5178696+05:30","level":"INFO","logger_name":"org.apache.catalina.core.StandardService","message":"Starting service [Tomcat]","service":"fms-core","version":"1.0.0","environment":"default"}
{"@timestamp":"2026-02-25T12:20:53.5178696+05:30","level":"INFO","logger_name":"org.apache.catalina.core.StandardEngine","message":"Starting Servlet engine: [Apache Tomcat/10.1.39]","service":"fms-core","version":"1.0.0","environment":"default"}
{"@timestamp":"2026-02-25T12:20:53.6068676+05:30","level":"INFO","logger_name":"org.apache.catalina.core.ContainerBase.[Tomcat-9].[localhost].[/fms-core-service]","message":"Initializing Spring embedded WebApplicationContext","service":"fms-core","version":"1.0.0","environment":"default"}
{"@timestamp":"2026-02-25T12:20:53.6068676+05:30","level":"INFO","logger_name":"org.springframework.boot.web.servlet.context.ServletWebServerApplicationContext","message":"Root WebApplicationContext: initialization completed in 3291 ms","service":"fms-core","version":"1.0.0","environment":"default"}
{"@timestamp":"2026-02-25T12:20:54.2608692+05:30","level":"INFO","logger_name":"com.zaxxer.hikari.HikariDataSource","message":"HikariPool-20 - Starting...","service":"fms-core","version":"1.0.0","environment":"default"}
{"@timestamp":"2026-02-25T12:20:54.290872+05:30","level":"INFO","logger_name":"com.zaxxer.hikari.pool.HikariPool","message":"HikariPool-20 - Added connection com.mysql.cj.jdbc.ConnectionImpl@4d213436","service":"fms-core","version":"1.0.0","environment":"default"}
{"@timestamp":"2026-02-25T12:20:54.290872+05:30","level":"INFO","logger_name":"com.zaxxer.hikari.HikariDataSource","message":"HikariPool-20 - Start completed.","service":"fms-core","version":"1.0.0","environment":"default"}
{"@timestamp":"2026-02-25T12:20:54.293873+05:30","level":"INFO","logger_name":"org.hibernate.jpa.internal.util.LogHelper","message":"HHH000204: Processing PersistenceUnitInfo [name: default]","service":"fms-core","version":"1.0.0","environment":"default"}
{"@timestamp":"2026-02-25T12:20:54.3008693+05:30","level":"INFO","logger_name":"org.hibernate.cache.internal.RegionFactoryInitiator","message":"HHH000026: Second-level cache disabled","service":"fms-core","version":"1.0.0","environment":"default"}
{"@timestamp":"2026-02-25T12:20:54.3338703+05:30","level":"INFO","logger_name":"org.springframework.orm.jpa.persistenceunit.SpringPersistenceUnitInfo","message":"No LoadTimeWeaver setup: ignoring JPA class transformer","service":"fms-core","version":"1.0.0","environment":"default"}
{"@timestamp":"2026-02-25T12:20:54.3398692+05:30","level":"INFO","logger_name":"org.hibernate.orm.connections.pooling","message":"HHH10001005: Database info:\n\tDatabase JDBC URL [Connecting through datasource 'HikariDataSource (HikariPool-20)']\n\tDatabase driver: undefined/unknown\n\tDatabase version: 8.1\n\tAutocommit mode: undefined/unknown\n\tIsolation level: undefined/unknown\n\tMinimum pool size: undefined/unknown\n\tMaximum pool size: undefined/unknown","service":"fms-core","version":"1.0.0","environment":"default"}
{"@timestamp":"2026-02-25T12:20:56.0088715+05:30","level":"INFO","logger_name":"org.hibernate.engine.transaction.jta.platform.internal.JtaPlatformInitiator","message":"HHH000489: No JTA platform available (set 'hibernate.transaction.jta.platform' to enable JTA platform integration)","service":"fms-core","version":"1.0.0","environment":"default"}
{"@timestamp":"2026-02-25T12:20:56.1658705+05:30","level":"INFO","logger_name":"org.springframework.orm.jpa.LocalContainerEntityManagerFactoryBean","message":"Initialized JPA EntityManagerFactory for persistence unit 'default'","service":"fms-core","version":"1.0.0","environment":"default"}
{"@timestamp":"2026-02-25T12:20:58.4298663+05:30","level":"WARN","logger_name":"org.springframework.boot.autoconfigure.orm.jpa.JpaBaseConfiguration$JpaWebConfiguration","message":"spring.jpa.open-in-view is enabled by default. Therefore, database queries may be performed during view rendering. Explicitly configure spring.jpa.open-in-view to disable this warning","service":"fms-core","version":"1.0.0","environment":"default"}
{"@timestamp":"2026-02-25T12:20:58.4658638+05:30","level":"INFO","logger_name":"org.springframework.validation.beanvalidation.OptionalValidatorFactoryBean","message":"Failed to set up a Bean Validation provider: jakarta.validation.NoProviderFoundException: Unable to create a Configuration, because no Jakarta Bean Validation provider could be found. Add a provider like Hibernate Validator (RI) to your classpath.","service":"fms-core","version":"1.0.0","environment":"default"}
{"@timestamp":"2026-02-25T12:21:00.1188702+05:30","level":"INFO","logger_name":"org.springframework.cloud.commons.util.InetUtils","message":"Cannot determine local hostname","service":"fms-core","version":"1.0.0","environment":"default"}
{"@timestamp":"2026-02-25T12:21:00.7258634+05:30","level":"WARN","logger_name":"org.springframework.boot.web.servlet.context.AnnotationConfigServletWebServerApplicationContext","message":"Exception encountered during context initialization - cancelling refresh attempt: org.springframework.beans.factory.BeanCreationException: Error creating bean with name 'springApplicationAdminRegistrar' defined in class path resource [org/springframework/boot/autoconfigure/admin/SpringApplicationAdminJmxAutoConfiguration.class]: org.springframework.boot:type=Admin,name=SpringApplication","service":"fms-core","version":"1.0.0","environment":"default"}
{"@timestamp":"2026-02-25T12:21:00.737867+05:30","level":"INFO","logger_name":"org.springframework.orm.jpa.LocalContainerEntityManagerFactoryBean","message":"Closing JPA EntityManagerFactory for persistence unit 'default'","service":"fms-core","version":"1.0.0","environment":"default"}
{"@timestamp":"2026-02-25T12:21:00.7418651+05:30","level":"INFO","logger_name":"com.zaxxer.hikari.HikariDataSource","message":"HikariPool-20 - Shutdown initiated...","service":"fms-core","version":"1.0.0","environment":"default"}
{"@timestamp":"2026-02-25T12:21:00.7548658+05:30","level":"INFO","logger_name":"com.zaxxer.hikari.HikariDataSource","message":"HikariPool-20 - Shutdown completed.","service":"fms-core","version":"1.0.0","environment":"default"}
{"@timestamp":"2026-02-25T12:21:00.7608651+05:30","level":"INFO","logger_name":"org.apache.catalina.core.StandardService","message":"Stopping service [Tomcat]","service":"fms-core","version":"1.0.0","environment":"default"}
{"@timestamp":"2026-02-25T12:21:00.7818649+05:30","level":"INFO","logger_name":"org.springframework.boot.autoconfigure.logging.ConditionEvaluationReportLogger","message":"\r\n\r\nError starting ApplicationContext. To display the condition evaluation report re-run your application with 'debug' enabled.","service":"fms-core","version":"1.0.0","environment":"default"}
{"@timestamp":"2026-02-25T12:21:00.7908661+05:30","level":"ERROR","logger_name":"org.springframework.boot.SpringApplication","message":"Application run failed","service":"fms-core","version":"1.0.0","environment":"default"}
{"@timestamp":"2026-02-25T12:21:17.088726+05:30","level":"INFO","logger_name":"org.springframework.context.support.DefaultLifecycleProcessor","message":"Shutdown phase 2147482623 ends with 1 bean still running after timeout of 30000ms: [webServerGracefulShutdown]","service":"fms-core","version":"1.0.0","environment":"default"}
{"@timestamp":"2026-02-25T12:21:17.0977283+05:30","level":"INFO","logger_name":"org.springframework.messaging.simp.broker.SimpleBrokerMessageHandler","message":"Stopping...","service":"fms-core","version":"1.0.0","environment":"default"}
{"@timestamp":"2026-02-25T12:21:17.0977283+05:30","level":"INFO","logger_name":"org.springframework.messaging.simp.broker.SimpleBrokerMessageHandler","message":"BrokerAvailabilityEvent[available=false, SimpleBrokerMessageHandler [org.springframework.messaging.simp.broker.DefaultSubscriptionRegistry@540496f2]]","service":"fms-core","version":"1.0.0","environment":"default"}
{"@timestamp":"2026-02-25T12:21:17.0977283+05:30","level":"INFO","logger_name":"org.springframework.messaging.simp.broker.SimpleBrokerMessageHandler","message":"Stopped.","service":"fms-core","version":"1.0.0","environment":"default"}
{"@timestamp":"2026-02-25T12:21:17.0977283+05:30","level":"INFO","logger_name":"org.springframework.boot.web.embedded.tomcat.GracefulShutdown","message":"Graceful shutdown aborted with one or more requests still active","service":"fms-core","version":"1.0.0","environment":"default"}
{"@timestamp":"2026-02-25T12:21:17.1107262+05:30","level":"INFO","logger_name":"org.springframework.orm.jpa.LocalContainerEntityManagerFactoryBean","message":"Closing JPA EntityManagerFactory for persistence unit 'default'","service":"fms-core","version":"1.0.0","environment":"default"}
{"@timestamp":"2026-02-25T12:21:17.1127285+05:30","level":"INFO","logger_name":"com.zaxxer.hikari.HikariDataSource","message":"HikariPool-18 - Shutdown initiated...","service":"fms-core","version":"1.0.0","environment":"default"}
{"@timestamp":"2026-02-25T12:21:17.1387279+05:30","level":"INFO","logger_name":"com.zaxxer.hikari.HikariDataSource","message":"HikariPool-18 - Shutdown completed.","service":"fms-core","version":"1.0.0","environment":"default"}
{"@timestamp":"2026-02-25T12:21:17.1407269+05:30","level":"INFO","logger_name":"com.netflix.discovery.DiscoveryClient","message":"Shutting down DiscoveryClient ...","service":"fms-core","version":"1.0.0","environment":"default"}
{"@timestamp":"2026-02-25T12:21:20.1697277+05:30","level":"INFO","logger_name":"com.netflix.discovery.DiscoveryClient","message":"Unregistering ...","service":"fms-core","version":"1.0.0","environment":"default"}
{"@timestamp":"2026-02-25T12:21:20.1907266+05:30","level":"INFO","logger_name":"com.netflix.discovery.DiscoveryClient","message":"DiscoveryClient_FMS_CORE/localhost:fms_core:8084 - deregister  status: 200","service":"fms-core","version":"1.0.0","environment":"default"}
{"@timestamp":"2026-02-25T12:21:20.1907266+05:30","level":"INFO","logger_name":"com.netflix.discovery.DiscoveryClient","message":"Completed shut down of DiscoveryClient","service":"fms-core","version":"1.0.0","environment":"default"}
{"@timestamp":"2026-02-25T12:21:24.9190238+05:30","level":"INFO","logger_name":"net.com.fms_core.FmsCoreApplication","message":"Starting FmsCoreApplication using Java 21.0.2 with PID 28148 (C:\\Users\\kavinda_d\\Documents\\e soft\\final project\\project\\fms backend\\fms_core\\target\\classes started by kavinda_d in C:\\Users\\kavinda_d\\Documents\\e soft\\final project\\project\\fms backend)","service":"fms-core","version":"1.0.0","environment":"default"}
{"@timestamp":"2026-02-25T12:21:24.9190238+05:30","level":"DEBUG","logger_name":"net.com.fms_core.FmsCoreApplication","message":"Running with Spring Boot v3.4.4, Spring v6.2.5","service":"fms-core","version":"1.0.0","environment":"default"}
{"@timestamp":"2026-02-25T12:21:24.9200252+05:30","level":"INFO","logger_name":"net.com.fms_core.FmsCoreApplication","message":"The following 1 profile is active: \"dev\"","service":"fms-core","version":"1.0.0","environment":"default"}
{"@timestamp":"2026-02-25T12:21:24.9230263+05:30","level":"INFO","logger_name":"org.springframework.cloud.config.client.ConfigServerConfigDataLoader","message":"Fetching config from server at : http://localhost:8888","service":"fms-core","version":"1.0.0","environment":"default"}
{"@timestamp":"2026-02-25T12:21:24.9230263+05:30","level":"INFO","logger_name":"org.springframework.cloud.config.client.ConfigServerConfigDataLoader","message":"Located environment: name=fms_core, profiles=[dev], label=null, version=null, state=null","service":"fms-core","version":"1.0.0","environment":"default"}
{"@timestamp":"2026-02-25T12:21:25.6680228+05:30","level":"INFO","logger_name":"org.springframework.data.repository.config.RepositoryConfigurationDelegate","message":"Bootstrapping Spring Data JPA repositories in DEFAULT mode.","service":"fms-core","version":"1.0.0","environment":"default"}
{"@timestamp":"2026-02-25T12:21:25.8070247+05:30","level":"INFO","logger_name":"org.springframework.data.repository.config.RepositoryConfigurationDelegate","message":"Finished Spring Data repository scanning in 135 ms. Found 19 JPA repository interfaces.","service":"fms-core","version":"1.0.0","environment":"default"}
{"@timestamp":"2026-02-25T12:21:26.1750328+05:30","level":"INFO","logger_name":"org.springframework.cloud.context.scope.GenericScope","message":"BeanFactory id=a34aabd1-1edc-3721-b029-38a30be4cc91","service":"fms-core","version":"1.0.0","environment":"default"}
{"@timestamp":"2026-02-25T12:21:26.4570283+05:30","level":"INFO","logger_name":"org.springframework.boot.web.embedded.tomcat.TomcatWebServer","message":"Tomcat initialized with port 8084 (http)","service":"fms-core","version":"1.0.0","environment":"default"}
{"@timestamp":"2026-02-25T12:21:26.4590353+05:30","level":"INFO","logger_name":"org.apache.catalina.core.StandardService","message":"Starting service [Tomcat]","service":"fms-core","version":"1.0.0","environment":"default"}
{"@timestamp":"2026-02-25T12:21:26.4590353+05:30","level":"INFO","logger_name":"org.apache.catalina.core.StandardEngine","message":"Starting Servlet engine: [Apache Tomcat/10.1.39]","service":"fms-core","version":"1.0.0","environment":"default"}
{"@timestamp":"2026-02-25T12:21:26.5070197+05:30","level":"INFO","logger_name":"org.apache.catalina.core.ContainerBase.[Tomcat-9].[localhost].[/fms-core-service]","message":"Initializing Spring embedded WebApplicationContext","service":"fms-core","version":"1.0.0","environment":"default"}
{"@timestamp":"2026-02-25T12:21:26.50803+05:30","level":"INFO","logger_name":"org.springframework.boot.web.servlet.context.ServletWebServerApplicationContext","message":"Root WebApplicationContext: initialization completed in 1585 ms","service":"fms-core","version":"1.0.0","environment":"default"}
{"@timestamp":"2026-02-25T12:21:26.9040422+05:30","level":"INFO","logger_name":"com.zaxxer.hikari.HikariDataSource","message":"HikariPool-21 - Starting...","service":"fms-core","version":"1.0.0","environment":"default"}
{"@timestamp":"2026-02-25T12:21:26.9130227+05:30","level":"INFO","logger_name":"com.zaxxer.hikari.pool.HikariPool","message":"HikariPool-21 - Added connection com.mysql.cj.jdbc.ConnectionImpl@56c4f5f9","service":"fms-core","version":"1.0.0","environment":"default"}
{"@timestamp":"2026-02-25T12:21:26.9130227+05:30","level":"INFO","logger_name":"com.zaxxer.hikari.HikariDataSource","message":"HikariPool-21 - Start completed.","service":"fms-core","version":"1.0.0","environment":"default"}
{"@timestamp":"2026-02-25T12:21:26.9150243+05:30","level":"INFO","logger_name":"org.hibernate.jpa.internal.util.LogHelper","message":"HHH000204: Processing PersistenceUnitInfo [name: default]","service":"fms-core","version":"1.0.0","environment":"default"}
{"@timestamp":"2026-02-25T12:21:26.9210224+05:30","level":"INFO","logger_name":"org.hibernate.cache.internal.RegionFactoryInitiator","message":"HHH000026: Second-level cache disabled","service":"fms-core","version":"1.0.0","environment":"default"}
{"@timestamp":"2026-02-25T12:21:26.9380218+05:30","level":"INFO","logger_name":"org.springframework.orm.jpa.persistenceunit.SpringPersistenceUnitInfo","message":"No LoadTimeWeaver setup: ignoring JPA class transformer","service":"fms-core","version":"1.0.0","environment":"default"}
{"@timestamp":"2026-02-25T12:21:26.9410243+05:30","level":"INFO","logger_name":"org.hibernate.orm.connections.pooling","message":"HHH10001005: Database info:\n\tDatabase JDBC URL [Connecting through datasource 'HikariDataSource (HikariPool-21)']\n\tDatabase driver: undefined/unknown\n\tDatabase version: 8.1\n\tAutocommit mode: undefined/unknown\n\tIsolation level: undefined/unknown\n\tMinimum pool size: undefined/unknown\n\tMaximum pool size: undefined/unknown","service":"fms-core","version":"1.0.0","environment":"default"}
{"@timestamp":"2026-02-25T12:21:27.9750195+05:30","level":"INFO","logger_name":"org.hibernate.engine.transaction.jta.platform.internal.JtaPlatformInitiator","message":"HHH000489: No JTA platform available (set 'hibernate.transaction.jta.platform' to enable JTA platform integration)","service":"fms-core","version":"1.0.0","environment":"default"}
{"@timestamp":"2026-02-25T12:21:27.9880169+05:30","level":"INFO","logger_name":"org.springframework.orm.jpa.LocalContainerEntityManagerFactoryBean","message":"Initialized JPA EntityManagerFactory for persistence unit 'default'","service":"fms-core","version":"1.0.0","environment":"default"}
{"@timestamp":"2026-02-25T12:21:29.2470208+05:30","level":"WARN","logger_name":"org.springframework.boot.autoconfigure.orm.jpa.JpaBaseConfiguration$JpaWebConfiguration","message":"spring.jpa.open-in-view is enabled by default. Therefore, database queries may be performed during view rendering. Explicitly configure spring.jpa.open-in-view to disable this warning","service":"fms-core","version":"1.0.0","environment":"default"}
{"@timestamp":"2026-02-25T12:21:29.3120285+05:30","level":"INFO","logger_name":"org.springframework.validation.beanvalidation.OptionalValidatorFactoryBean","message":"Failed to set up a Bean Validation provider: jakarta.validation.NoProviderFoundException: Unable to create a Configuration, because no Jakarta Bean Validation provider could be found. Add a provider like Hibernate Validator (RI) to your classpath.","service":"fms-core","version":"1.0.0","environment":"default"}
{"@timestamp":"2026-02-25T12:21:30.8725247+05:30","level":"INFO","logger_name":"org.springframework.cloud.commons.util.InetUtils","message":"Cannot determine local hostname","service":"fms-core","version":"1.0.0","environment":"default"}
{"@timestamp":"2026-02-25T12:21:31.4345178+05:30","level":"WARN","logger_name":"org.springframework.boot.devtools.autoconfigure.OptionalLiveReloadServer","message":"Unable to start LiveReload server","service":"fms-core","version":"1.0.0","environment":"default"}
{"@timestamp":"2026-02-25T12:21:32.4675647+05:30","level":"INFO","logger_name":"org.springframework.cloud.commons.util.InetUtils","message":"Cannot determine local hostname","service":"fms-core","version":"1.0.0","environment":"default"}
{"@timestamp":"2026-02-25T12:21:32.5145657+05:30","level":"INFO","logger_name":"org.springframework.cloud.netflix.eureka.config.DiscoveryClientOptionalArgsConfiguration","message":"Eureka HTTP Client uses RestTemplate.","service":"fms-core","version":"1.0.0","environment":"default"}
{"@timestamp":"2026-02-25T12:21:32.614571+05:30","level":"WARN","logger_name":"org.springframework.cloud.loadbalancer.config.LoadBalancerCacheAutoConfiguration$LoadBalancerCaffeineWarnLogger","message":"Spring Cloud LoadBalancer is currently working with the default cache. While this cache implementation is useful for development and tests, it's recommended to use Caffeine cache in production.You can switch to using Caffeine cache, by adding it and org.springframework.cache.caffeine.CaffeineCacheManager to the classpath.","service":"fms-core","version":"1.0.0","environment":"default"}
{"@timestamp":"2026-02-25T12:21:32.6375664+05:30","level":"INFO","logger_name":"org.springframework.boot.actuate.endpoint.web.EndpointLinksResolver","message":"Exposing 6 endpoints beneath base path '/actuator'","service":"fms-core","version":"1.0.0","environment":"default"}
{"@timestamp":"2026-02-25T12:21:32.7925654+05:30","level":"INFO","logger_name":"org.springframework.messaging.simp.broker.SimpleBrokerMessageHandler","message":"Starting...","service":"fms-core","version":"1.0.0","environment":"default"}
{"@timestamp":"2026-02-25T12:21:32.7925654+05:30","level":"INFO","logger_name":"org.springframework.messaging.simp.broker.SimpleBrokerMessageHandler","message":"BrokerAvailabilityEvent[available=true, SimpleBrokerMessageHandler [org.springframework.messaging.simp.broker.DefaultSubscriptionRegistry@3f8e559]]","service":"fms-core","version":"1.0.0","environment":"default"}
{"@timestamp":"2026-02-25T12:21:32.7925654+05:30","level":"INFO","logger_name":"org.springframework.messaging.simp.broker.SimpleBrokerMessageHandler","message":"Started.","service":"fms-core","version":"1.0.0","environment":"default"}
{"@timestamp":"2026-02-25T12:21:32.8015684+05:30","level":"INFO","logger_name":"org.springframework.cloud.netflix.eureka.InstanceInfoFactory","message":"Setting initial instance status as: STARTING","service":"fms-core","version":"1.0.0","environment":"default"}
{"@timestamp":"2026-02-25T12:21:32.808566+05:30","level":"INFO","logger_name":"com.netflix.discovery.DiscoveryClient","message":"Initializing Eureka in region us-east-1","service":"fms-core","version":"1.0.0","environment":"default"}
{"@timestamp":"2026-02-25T12:21:32.8095645+05:30","level":"INFO","logger_name":"com.netflix.discovery.shared.resolver.aws.ConfigClusterResolver","message":"Resolving eureka endpoints via configuration","service":"fms-core","version":"1.0.0","environment":"default"}
{"@timestamp":"2026-02-25T12:21:32.8095645+05:30","level":"INFO","logger_name":"com.netflix.discovery.DiscoveryClient","message":"Disable delta property : false","service":"fms-core","version":"1.0.0","environment":"default"}
{"@timestamp":"2026-02-25T12:21:32.8095645+05:30","level":"INFO","logger_name":"com.netflix.discovery.DiscoveryClient","message":"Single vip registry refresh property : null","service":"fms-core","version":"1.0.0","environment":"default"}
{"@timestamp":"2026-02-25T12:21:32.8095645+05:30","level":"INFO","logger_name":"com.netflix.discovery.DiscoveryClient","message":"Force full registry fetch : false","service":"fms-core","version":"1.0.0","environment":"default"}
{"@timestamp":"2026-02-25T12:21:32.8095645+05:30","level":"INFO","logger_name":"com.netflix.discovery.DiscoveryClient","message":"Application is null : false","service":"fms-core","version":"1.0.0","environment":"default"}
{"@timestamp":"2026-02-25T12:21:32.8095645+05:30","level":"INFO","logger_name":"com.netflix.discovery.DiscoveryClient","message":"Registered Applications size is zero : true","service":"fms-core","version":"1.0.0","environment":"default"}
{"@timestamp":"2026-02-25T12:21:32.8105662+05:30","level":"INFO","logger_name":"com.netflix.discovery.DiscoveryClient","message":"Application version is -1: true","service":"fms-core","version":"1.0.0","environment":"default"}
{"@timestamp":"2026-02-25T12:21:32.8105662+05:30","level":"INFO","logger_name":"com.netflix.discovery.DiscoveryClient","message":"Getting all instance registry info from the eureka server","service":"fms-core","version":"1.0.0","environment":"default"}
{"@timestamp":"2026-02-25T12:21:32.9675823+05:30","level":"INFO","logger_name":"com.netflix.discovery.DiscoveryClient","message":"The response status is 200","service":"fms-core","version":"1.0.0","environment":"default"}
{"@timestamp":"2026-02-25T12:21:32.9685683+05:30","level":"INFO","logger_name":"com.netflix.discovery.DiscoveryClient","message":"Starting heartbeat executor: renew interval is: 30","service":"fms-core","version":"1.0.0","environment":"default"}
{"@timestamp":"2026-02-25T12:21:32.9695667+05:30","level":"INFO","logger_name":"com.netflix.discovery.InstanceInfoReplicator","message":"InstanceInfoReplicator onDemand update allowed rate per min is 4","service":"fms-core","version":"1.0.0","environment":"default"}
{"@timestamp":"2026-02-25T12:21:32.9705668+05:30","level":"INFO","logger_name":"com.netflix.discovery.DiscoveryClient","message":"Discovery Client initialized at timestamp 1772002292970 with initial instances count: 4","service":"fms-core","version":"1.0.0","environment":"default"}
{"@timestamp":"2026-02-25T12:21:33.0285658+05:30","level":"INFO","logger_name":"org.springframework.cloud.netflix.eureka.serviceregistry.EurekaServiceRegistry","message":"Registering application FMS_CORE with eureka with status UP","service":"fms-core","version":"1.0.0","environment":"default"}
{"@timestamp":"2026-02-25T12:21:33.0295648+05:30","level":"INFO","logger_name":"com.netflix.discovery.DiscoveryClient","message":"Saw local status change event StatusChangeEvent [timestamp=1772002293029, current=UP, previous=STARTING]","service":"fms-core","version":"1.0.0","environment":"default"}
{"@timestamp":"2026-02-25T12:21:33.0335647+05:30","level":"INFO","logger_name":"com.netflix.discovery.DiscoveryClient","message":"DiscoveryClient_FMS_CORE/localhost:fms_core:8084: registering service...","service":"fms-core","version":"1.0.0","environment":"default"}
{"@timestamp":"2026-02-25T12:21:33.0625634+05:30","level":"INFO","logger_name":"com.netflix.discovery.DiscoveryClient","message":"DiscoveryClient_FMS_CORE/localhost:fms_core:8084 - registration status: 204","service":"fms-core","version":"1.0.0","environment":"default"}
{"@timestamp":"2026-02-25T12:21:33.1085664+05:30","level":"INFO","logger_name":"org.springframework.boot.web.embedded.tomcat.TomcatWebServer","message":"Tomcat started on port 8084 (http) with context path '/fms-core-service'","service":"fms-core","version":"1.0.0","environment":"default"}
{"@timestamp":"2026-02-25T12:21:33.1325658+05:30","level":"INFO","logger_name":"org.springframework.cloud.netflix.eureka.serviceregistry.EurekaAutoServiceRegistration","message":"Updating port to 8084","service":"fms-core","version":"1.0.0","environment":"default"}
{"@timestamp":"2026-02-25T12:21:34.2095625+05:30","level":"INFO","logger_name":"org.springframework.cloud.commons.util.InetUtils","message":"Cannot determine local hostname","service":"fms-core","version":"1.0.0","environment":"default"}
{"@timestamp":"2026-02-25T12:21:34.2315741+05:30","level":"INFO","logger_name":"net.com.fms_core.FmsCoreApplication","message":"Started FmsCoreApplication in 11.625 seconds (process running for 9881.323)","service":"fms-core","version":"1.0.0","environment":"default"}
{"@timestamp":"2026-02-25T12:21:34.2345671+05:30","level":"ERROR","logger_name":"net.com.fms_core.config.SocketListener","message":"❌ Error in FMS Receiver: Address already in use: bind","service":"fms-core","version":"1.0.0","environment":"default"}
{"@timestamp":"2026-02-25T12:21:35.5035842+05:30","level":"INFO","logger_name":"org.drools.compiler.kie.builder.impl.KieContainerImpl","message":"Start creation of KieBase: defaultKieBase","service":"fms-core","version":"1.0.0","environment":"default"}
{"@timestamp":"2026-02-25T12:21:35.526563+05:30","level":"INFO","logger_name":"org.drools.compiler.kie.builder.impl.KieContainerImpl","message":"End creation of KieBase: defaultKieBase","service":"fms-core","version":"1.0.0","environment":"default"}
{"@timestamp":"2026-02-25T12:21:35.5325638+05:30","level":"INFO","logger_name":"org.springframework.boot.devtools.autoconfigure.ConditionEvaluationDeltaLoggingListener","message":"Condition evaluation unchanged","service":"fms-core","version":"1.0.0","environment":"default"}
{"@timestamp":"2026-02-25T12:22:32.7492053+05:30","level":"INFO","logger_name":"org.springframework.web.socket.config.WebSocketMessageBrokerStats","message":"WebSocketSession[0 current WS(0)-HttpStream(0)-HttpPoll(0), 0 total, 0 closed abnormally (0 connect failure, 0 send limit, 0 transport error)], stompSubProtocol[processed CONNECT(0)-CONNECTED(0)-DISCONNECT(0)], stompBrokerRelay[null], inboundChannel[pool size = 0, active threads = 0, queued tasks = 0, completed tasks = 0], outboundChannel[pool size = 0, active threads = 0, queued tasks = 0, completed tasks = 0], sockJsScheduler[pool size = 1, active threads = 1, queued tasks = 0, completed tasks = 0]","service":"fms-core","version":"1.0.0","environment":"default"}
{"@timestamp":"2026-02-25T12:26:32.8231188+05:30","level":"INFO","logger_name":"com.netflix.discovery.shared.resolver.aws.ConfigClusterResolver","message":"Resolving eureka endpoints via configuration","service":"fms-core","version":"1.0.0","environment":"default"}
{"@timestamp":"2026-02-25T12:31:32.8422026+05:30","level":"INFO","logger_name":"com.netflix.discovery.shared.resolver.aws.ConfigClusterResolver","message":"Resolving eureka endpoints via configuration","service":"fms-core","version":"1.0.0","environment":"default"}
{"@timestamp":"2026-02-25T12:36:32.8603193+05:30","level":"INFO","logger_name":"com.netflix.discovery.shared.resolver.aws.ConfigClusterResolver","message":"Resolving eureka endpoints via configuration","service":"fms-core","version":"1.0.0","environment":"default"}
{"@timestamp":"2026-02-25T12:41:32.8771479+05:30","level":"INFO","logger_name":"com.netflix.discovery.shared.resolver.aws.ConfigClusterResolver","message":"Resolving eureka endpoints via configuration","service":"fms-core","version":"1.0.0","environment":"default"}
{"@timestamp":"2026-02-25T12:46:32.8846358+05:30","level":"INFO","logger_name":"com.netflix.discovery.shared.resolver.aws.ConfigClusterResolver","message":"Resolving eureka endpoints via configuration","service":"fms-core","version":"1.0.0","environment":"default"}
{"@timestamp":"2026-02-25T12:51:32.8995241+05:30","level":"INFO","logger_name":"com.netflix.discovery.shared.resolver.aws.ConfigClusterResolver","message":"Resolving eureka endpoints via configuration","service":"fms-core","version":"1.0.0","environment":"default"}
{"@timestamp":"2026-02-25T12:52:32.7810181+05:30","level":"INFO","logger_name":"org.springframework.web.socket.config.WebSocketMessageBrokerStats","message":"WebSocketSession[0 current WS(0)-HttpStream(0)-HttpPoll(0), 0 total, 0 closed abnormally (0 connect failure, 0 send limit, 0 transport error)], stompSubProtocol[processed CONNECT(0)-CONNECTED(0)-DISCONNECT(0)], stompBrokerRelay[null], inboundChannel[pool size = 0, active threads = 0, queued tasks = 0, completed tasks = 0], outboundChannel[pool size = 0, active threads = 0, queued tasks = 0, completed tasks = 0], sockJsScheduler[pool size = 2, active threads = 1, queued tasks = 0, completed tasks = 1]","service":"fms-core","version":"1.0.0","environment":"default"}
{"@timestamp":"2026-02-25T12:56:32.930119+05:30","level":"INFO","logger_name":"com.netflix.discovery.shared.resolver.aws.ConfigClusterResolver","message":"Resolving eureka endpoints via configuration","service":"fms-core","version":"1.0.0","environment":"default"}
{"@timestamp":"2026-02-25T13:01:32.9422328+05:30","level":"INFO","logger_name":"com.netflix.discovery.shared.resolver.aws.ConfigClusterResolver","message":"Resolving eureka endpoints via configuration","service":"fms-core","version":"1.0.0","environment":"default"}
{"@timestamp":"2026-02-25T13:06:32.9597016+05:30","level":"INFO","logger_name":"com.netflix.discovery.shared.resolver.aws.ConfigClusterResolver","message":"Resolving eureka endpoints via configuration","service":"fms-core","version":"1.0.0","environment":"default"}
{"@timestamp":"2026-02-25T13:11:32.9741982+05:30","level":"INFO","logger_name":"com.netflix.discovery.shared.resolver.aws.ConfigClusterResolver","message":"Resolving eureka endpoints via configuration","service":"fms-core","version":"1.0.0","environment":"default"}
{"@timestamp":"2026-02-25T13:16:32.9824875+05:30","level":"INFO","logger_name":"com.netflix.discovery.shared.resolver.aws.ConfigClusterResolver","message":"Resolving eureka endpoints via configuration","service":"fms-core","version":"1.0.0","environment":"default"}
{"@timestamp":"2026-02-25T13:21:33.003382+05:30","level":"INFO","logger_name":"com.netflix.discovery.shared.resolver.aws.ConfigClusterResolver","message":"Resolving eureka endpoints via configuration","service":"fms-core","version":"1.0.0","environment":"default"}
{"@timestamp":"2026-02-25T13:22:32.8139815+05:30","level":"INFO","logger_name":"org.springframework.web.socket.config.WebSocketMessageBrokerStats","message":"WebSocketSession[0 current WS(0)-HttpStream(0)-HttpPoll(0), 0 total, 0 closed abnormally (0 connect failure, 0 send limit, 0 transport error)], stompSubProtocol[processed CONNECT(0)-CONNECTED(0)-DISCONNECT(0)], stompBrokerRelay[null], inboundChannel[pool size = 0, active threads = 0, queued tasks = 0, completed tasks = 0], outboundChannel[pool size = 0, active threads = 0, queued tasks = 0, completed tasks = 0], sockJsScheduler[pool size = 3, active threads = 1, queued tasks = 0, completed tasks = 2]","service":"fms-core","version":"1.0.0","environment":"default"}
{"@timestamp":"2026-02-25T13:26:33.0097806+05:30","level":"INFO","logger_name":"com.netflix.discovery.shared.resolver.aws.ConfigClusterResolver","message":"Resolving eureka endpoints via configuration","service":"fms-core","version":"1.0.0","environment":"default"}
{"@timestamp":"2026-02-25T13:31:33.0139622+05:30","level":"INFO","logger_name":"com.netflix.discovery.shared.resolver.aws.ConfigClusterResolver","message":"Resolving eureka endpoints via configuration","service":"fms-core","version":"1.0.0","environment":"default"}
{"@timestamp":"2026-02-25T13:36:33.0293452+05:30","level":"INFO","logger_name":"com.netflix.discovery.shared.resolver.aws.ConfigClusterResolver","message":"Resolving eureka endpoints via configuration","service":"fms-core","version":"1.0.0","environment":"default"}
{"@timestamp":"2026-02-25T13:41:33.0440581+05:30","level":"INFO","logger_name":"com.netflix.discovery.shared.resolver.aws.ConfigClusterResolver","message":"Resolving eureka endpoints via configuration","service":"fms-core","version":"1.0.0","environment":"default"}
{"@timestamp":"2026-02-25T13:46:33.0650555+05:30","level":"INFO","logger_name":"com.netflix.discovery.shared.resolver.aws.ConfigClusterResolver","message":"Resolving eureka endpoints via configuration","service":"fms-core","version":"1.0.0","environment":"default"}
{"@timestamp":"2026-02-25T13:51:33.0781869+05:30","level":"INFO","logger_name":"com.netflix.discovery.shared.resolver.aws.ConfigClusterResolver","message":"Resolving eureka endpoints via configuration","service":"fms-core","version":"1.0.0","environment":"default"}
{"@timestamp":"2026-02-25T13:52:32.8449114+05:30","level":"INFO","logger_name":"org.springframework.web.socket.config.WebSocketMessageBrokerStats","message":"WebSocketSession[0 current WS(0)-HttpStream(0)-HttpPoll(0), 0 total, 0 closed abnormally (0 connect failure, 0 send limit, 0 transport error)], stompSubProtocol[processed CONNECT(0)-CONNECTED(0)-DISCONNECT(0)], stompBrokerRelay[null], inboundChannel[pool size = 0, active threads = 0, queued tasks = 0, completed tasks = 0], outboundChannel[pool size = 0, active threads = 0, queued tasks = 0, completed tasks = 0], sockJsScheduler[pool size = 4, active threads = 1, queued tasks = 0, completed tasks = 3]","service":"fms-core","version":"1.0.0","environment":"default"}
{"@timestamp":"2026-02-25T13:56:33.0992365+05:30","level":"INFO","logger_name":"com.netflix.discovery.shared.resolver.aws.ConfigClusterResolver","message":"Resolving eureka endpoints via configuration","service":"fms-core","version":"1.0.0","environment":"default"}
{"@timestamp":"2026-02-25T14:01:33.1047634+05:30","level":"INFO","logger_name":"com.netflix.discovery.shared.resolver.aws.ConfigClusterResolver","message":"Resolving eureka endpoints via configuration","service":"fms-core","version":"1.0.0","environment":"default"}
{"@timestamp":"2026-02-25T14:06:33.167967+05:30","level":"INFO","logger_name":"com.netflix.discovery.shared.resolver.aws.ConfigClusterResolver","message":"Resolving eureka endpoints via configuration","service":"fms-core","version":"1.0.0","environment":"default"}
{"@timestamp":"2026-02-25T14:11:33.2118794+05:30","level":"INFO","logger_name":"com.netflix.discovery.shared.resolver.aws.ConfigClusterResolver","message":"Resolving eureka endpoints via configuration","service":"fms-core","version":"1.0.0","environment":"default"}
{"@timestamp":"2026-02-25T14:16:33.2300562+05:30","level":"INFO","logger_name":"com.netflix.discovery.shared.resolver.aws.ConfigClusterResolver","message":"Resolving eureka endpoints via configuration","service":"fms-core","version":"1.0.0","environment":"default"}
{"@timestamp":"2026-02-25T14:21:33.2347547+05:30","level":"INFO","logger_name":"com.netflix.discovery.shared.resolver.aws.ConfigClusterResolver","message":"Resolving eureka endpoints via configuration","service":"fms-core","version":"1.0.0","environment":"default"}
{"@timestamp":"2026-02-25T14:22:32.8741333+05:30","level":"INFO","logger_name":"org.springframework.web.socket.config.WebSocketMessageBrokerStats","message":"WebSocketSession[0 current WS(0)-HttpStream(0)-HttpPoll(0), 0 total, 0 closed abnormally (0 connect failure, 0 send limit, 0 transport error)], stompSubProtocol[processed CONNECT(0)-CONNECTED(0)-DISCONNECT(0)], stompBrokerRelay[null], inboundChannel[pool size = 0, active threads = 0, queued tasks = 0, completed tasks = 0], outboundChannel[pool size = 0, active threads = 0, queued tasks = 0, completed tasks = 0], sockJsScheduler[pool size = 4, active threads = 1, queued tasks = 0, completed tasks = 4]","service":"fms-core","version":"1.0.0","environment":"default"}
{"@timestamp":"2026-02-25T14:26:33.2416155+05:30","level":"INFO","logger_name":"com.netflix.discovery.shared.resolver.aws.ConfigClusterResolver","message":"Resolving eureka endpoints via configuration","service":"fms-core","version":"1.0.0","environment":"default"}
{"@timestamp":"2026-02-25T14:31:33.2730515+05:30","level":"INFO","logger_name":"com.netflix.discovery.shared.resolver.aws.ConfigClusterResolver","message":"Resolving eureka endpoints via configuration","service":"fms-core","version":"1.0.0","environment":"default"}
{"@timestamp":"2026-02-25T14:36:33.2842733+05:30","level":"INFO","logger_name":"com.netflix.discovery.shared.resolver.aws.ConfigClusterResolver","message":"Resolving eureka endpoints via configuration","service":"fms-core","version":"1.0.0","environment":"default"}
{"@timestamp":"2026-02-25T14:41:33.2943094+05:30","level":"INFO","logger_name":"com.netflix.discovery.shared.resolver.aws.ConfigClusterResolver","message":"Resolving eureka endpoints via configuration","service":"fms-core","version":"1.0.0","environment":"default"}
{"@timestamp":"2026-02-25T14:46:33.3029611+05:30","level":"INFO","logger_name":"com.netflix.discovery.shared.resolver.aws.ConfigClusterResolver","message":"Resolving eureka endpoints via configuration","service":"fms-core","version":"1.0.0","environment":"default"}
{"@timestamp":"2026-02-25T14:51:33.3154657+05:30","level":"INFO","logger_name":"com.netflix.discovery.shared.resolver.aws.ConfigClusterResolver","message":"Resolving eureka endpoints via configuration","service":"fms-core","version":"1.0.0","environment":"default"}
{"@timestamp":"2026-02-25T14:52:32.893553+05:30","level":"INFO","logger_name":"org.springframework.web.socket.config.WebSocketMessageBrokerStats","message":"WebSocketSession[0 current WS(0)-HttpStream(0)-HttpPoll(0), 0 total, 0 closed abnormally (0 connect failure, 0 send limit, 0 transport error)], stompSubProtocol[processed CONNECT(0)-CONNECTED(0)-DISCONNECT(0)], stompBrokerRelay[null], inboundChannel[pool size = 0, active threads = 0, queued tasks = 0, completed tasks = 0], outboundChannel[pool size = 0, active threads = 0, queued tasks = 0, completed tasks = 0], sockJsScheduler[pool size = 4, active threads = 1, queued tasks = 0, completed tasks = 5]","service":"fms-core","version":"1.0.0","environment":"default"}
{"@timestamp":"2026-02-25T14:56:33.3294248+05:30","level":"INFO","logger_name":"com.netflix.discovery.shared.resolver.aws.ConfigClusterResolver","message":"Resolving eureka endpoints via configuration","service":"fms-core","version":"1.0.0","environment":"default"}
{"@timestamp":"2026-02-25T15:01:33.3383863+05:30","level":"INFO","logger_name":"com.netflix.discovery.shared.resolver.aws.ConfigClusterResolver","message":"Resolving eureka endpoints via configuration","service":"fms-core","version":"1.0.0","environment":"default"}
{"@timestamp":"2026-02-25T15:06:33.353983+05:30","level":"INFO","logger_name":"com.netflix.discovery.shared.resolver.aws.ConfigClusterResolver","message":"Resolving eureka endpoints via configuration","service":"fms-core","version":"1.0.0","environment":"default"}
{"@timestamp":"2026-02-25T15:11:33.3596956+05:30","level":"INFO","logger_name":"com.netflix.discovery.shared.resolver.aws.ConfigClusterResolver","message":"Resolving eureka endpoints via configuration","service":"fms-core","version":"1.0.0","environment":"default"}
{"@timestamp":"2026-02-25T15:16:33.3797341+05:30","level":"INFO","logger_name":"com.netflix.discovery.shared.resolver.aws.ConfigClusterResolver","message":"Resolving eureka endpoints via configuration","service":"fms-core","version":"1.0.0","environment":"default"}
{"@timestamp":"2026-02-25T15:21:33.4539905+05:30","level":"INFO","logger_name":"com.netflix.discovery.shared.resolver.aws.ConfigClusterResolver","message":"Resolving eureka endpoints via configuration","service":"fms-core","version":"1.0.0","environment":"default"}
{"@timestamp":"2026-02-25T15:22:32.9282582+05:30","level":"INFO","logger_name":"org.springframework.web.socket.config.WebSocketMessageBrokerStats","message":"WebSocketSession[0 current WS(0)-HttpStream(0)-HttpPoll(0), 0 total, 0 closed abnormally (0 connect failure, 0 send limit, 0 transport error)], stompSubProtocol[processed CONNECT(0)-CONNECTED(0)-DISCONNECT(0)], stompBrokerRelay[null], inboundChannel[pool size = 0, active threads = 0, queued tasks = 0, completed tasks = 0], outboundChannel[pool size = 0, active threads = 0, queued tasks = 0, completed tasks = 0], sockJsScheduler[pool size = 4, active threads = 1, queued tasks = 0, completed tasks = 6]","service":"fms-core","version":"1.0.0","environment":"default"}
{"@timestamp":"2026-02-25T15:22:53.9698225+05:30","level":"INFO","logger_name":"org.springframework.cloud.netflix.eureka.serviceregistry.EurekaServiceRegistry","message":"Unregistering application FMS_CORE with eureka with status DOWN","service":"fms-core","version":"1.0.0","environment":"default"}
{"@timestamp":"2026-02-25T15:22:53.9718229+05:30","level":"INFO","logger_name":"com.netflix.discovery.DiscoveryClient","message":"Saw local status change event StatusChangeEvent [timestamp=1772013173971, current=DOWN, previous=UP]","service":"fms-core","version":"1.0.0","environment":"default"}
{"@timestamp":"2026-02-25T15:22:53.9738211+05:30","level":"INFO","logger_name":"com.netflix.discovery.DiscoveryClient","message":"DiscoveryClient_FMS_CORE/localhost:fms_core:8084: registering service...","service":"fms-core","version":"1.0.0","environment":"default"}
{"@timestamp":"2026-02-25T15:22:53.9848238+05:30","level":"INFO","logger_name":"org.springframework.boot.web.embedded.tomcat.GracefulShutdown","message":"Commencing graceful shutdown. Waiting for active requests to complete","service":"fms-core","version":"1.0.0","environment":"default"}
{"@timestamp":"2026-02-25T15:22:54.0218229+05:30","level":"INFO","logger_name":"org.springframework.boot.web.embedded.tomcat.GracefulShutdown","message":"Graceful shutdown complete","service":"fms-core","version":"1.0.0","environment":"default"}
{"@timestamp":"2026-02-25T15:22:54.0258359+05:30","level":"INFO","logger_name":"org.springframework.messaging.simp.broker.SimpleBrokerMessageHandler","message":"Stopping...","service":"fms-core","version":"1.0.0","environment":"default"}
{"@timestamp":"2026-02-25T15:22:54.0258359+05:30","level":"INFO","logger_name":"org.springframework.messaging.simp.broker.SimpleBrokerMessageHandler","message":"BrokerAvailabilityEvent[available=false, SimpleBrokerMessageHandler [org.springframework.messaging.simp.broker.DefaultSubscriptionRegistry@3f8e559]]","service":"fms-core","version":"1.0.0","environment":"default"}
{"@timestamp":"2026-02-25T15:22:54.0258359+05:30","level":"INFO","logger_name":"org.springframework.messaging.simp.broker.SimpleBrokerMessageHandler","message":"Stopped.","service":"fms-core","version":"1.0.0","environment":"default"}
{"@timestamp":"2026-02-25T15:22:54.0268227+05:30","level":"INFO","logger_name":"com.netflix.discovery.DiscoveryClient","message":"DiscoveryClient_FMS_CORE/localhost:fms_core:8084 - registration status: 204","service":"fms-core","version":"1.0.0","environment":"default"}
{"@timestamp":"2026-02-25T15:22:54.0438253+05:30","level":"INFO","logger_name":"org.springframework.orm.jpa.LocalContainerEntityManagerFactoryBean","message":"Closing JPA EntityManagerFactory for persistence unit 'default'","service":"fms-core","version":"1.0.0","environment":"default"}
{"@timestamp":"2026-02-25T15:22:54.0568297+05:30","level":"INFO","logger_name":"com.zaxxer.hikari.HikariDataSource","message":"HikariPool-21 - Shutdown initiated...","service":"fms-core","version":"1.0.0","environment":"default"}
{"@timestamp":"2026-02-25T15:22:54.0868309+05:30","level":"INFO","logger_name":"com.zaxxer.hikari.HikariDataSource","message":"HikariPool-21 - Shutdown completed.","service":"fms-core","version":"1.0.0","environment":"default"}
{"@timestamp":"2026-02-25T15:22:54.0898255+05:30","level":"INFO","logger_name":"com.netflix.discovery.DiscoveryClient","message":"Shutting down DiscoveryClient ...","service":"fms-core","version":"1.0.0","environment":"default"}
{"@timestamp":"2026-02-25T15:22:57.0962289+05:30","level":"INFO","logger_name":"com.netflix.discovery.DiscoveryClient","message":"Unregistering ...","service":"fms-core","version":"1.0.0","environment":"default"}
{"@timestamp":"2026-02-25T15:22:57.1162276+05:30","level":"INFO","logger_name":"com.netflix.discovery.DiscoveryClient","message":"DiscoveryClient_FMS_CORE/localhost:fms_core:8084 - deregister  status: 200","service":"fms-core","version":"1.0.0","environment":"default"}
{"@timestamp":"2026-02-25T15:22:57.1172271+05:30","level":"INFO","logger_name":"com.netflix.discovery.DiscoveryClient","message":"Completed shut down of DiscoveryClient","service":"fms-core","version":"1.0.0","environment":"default"}
