{"@timestamp":"2026-02-11T09:05:26.4375161+05:30","level":"INFO","logger_name":"net.com.fms_core.FmsCoreApplication","message":"Starting FmsCoreApplication using Java 21.0.2 with PID 21280 (C:\\Users\\kavinda_d\\Documents\\e soft\\final project\\project\\fms backend\\fms_core\\target\\classes started by kavinda_d in C:\\Users\\kavinda_d\\Documents\\e soft\\final project\\project\\fms backend)","service":"fms-core","version":"1.0.0","environment":"default"}
{"@timestamp":"2026-02-11T09:05:26.4615361+05:30","level":"DEBUG","logger_name":"net.com.fms_core.FmsCoreApplication","message":"Running with Spring Boot v3.4.4, Spring v6.2.5","service":"fms-core","version":"1.0.0","environment":"default"}
{"@timestamp":"2026-02-11T09:05:26.4635201+05:30","level":"INFO","logger_name":"net.com.fms_core.FmsCoreApplication","message":"The following 1 profile is active: \"dev\"","service":"fms-core","version":"1.0.0","environment":"default"}
{"@timestamp":"2026-02-11T09:05:26.6345265+05:30","level":"INFO","logger_name":"org.springframework.cloud.config.client.ConfigServerConfigDataLoader","message":"Fetching config from server at : http://localhost:8888","service":"fms-core","version":"1.0.0","environment":"default"}
{"@timestamp":"2026-02-11T09:05:26.6365274+05:30","level":"INFO","logger_name":"org.springframework.cloud.config.client.ConfigServerConfigDataLoader","message":"Located environment: name=fms_core, profiles=[dev], label=null, version=null, state=null","service":"fms-core","version":"1.0.0","environment":"default"}
{"@timestamp":"2026-02-11T09:05:26.6395308+05:30","level":"INFO","logger_name":"org.springframework.boot.devtools.env.DevToolsPropertyDefaultsPostProcessor","message":"Devtools property defaults active! Set 'spring.devtools.add-properties' to 'false' to disable","service":"fms-core","version":"1.0.0","environment":"default"}
{"@timestamp":"2026-02-11T09:05:26.6405289+05:30","level":"INFO","logger_name":"org.springframework.boot.devtools.env.DevToolsPropertyDefaultsPostProcessor","message":"For additional web related logging consider setting the 'logging.level.web' property to 'DEBUG'","service":"fms-core","version":"1.0.0","environment":"default"}
{"@timestamp":"2026-02-11T09:05:29.3256665+05:30","level":"INFO","logger_name":"org.springframework.data.repository.config.RepositoryConfigurationDelegate","message":"Bootstrapping Spring Data JPA repositories in DEFAULT mode.","service":"fms-core","version":"1.0.0","environment":"default"}
{"@timestamp":"2026-02-11T09:05:29.7926933+05:30","level":"INFO","logger_name":"org.springframework.data.repository.config.RepositoryConfigurationDelegate","message":"Finished Spring Data repository scanning in 457 ms. Found 19 JPA repository interfaces.","service":"fms-core","version":"1.0.0","environment":"default"}
{"@timestamp":"2026-02-11T09:05:30.292718+05:30","level":"INFO","logger_name":"org.springframework.cloud.context.scope.GenericScope","message":"BeanFactory id=10a06e1a-2004-3de4-b0bc-71e62f26c2cc","service":"fms-core","version":"1.0.0","environment":"default"}
{"@timestamp":"2026-02-11T09:05:31.9228028+05:30","level":"INFO","logger_name":"org.springframework.boot.web.embedded.tomcat.TomcatWebServer","message":"Tomcat initialized with port 8084 (http)","service":"fms-core","version":"1.0.0","environment":"default"}
{"@timestamp":"2026-02-11T09:05:31.940807+05:30","level":"INFO","logger_name":"org.apache.catalina.core.StandardService","message":"Starting service [Tomcat]","service":"fms-core","version":"1.0.0","environment":"default"}
{"@timestamp":"2026-02-11T09:05:31.9418039+05:30","level":"INFO","logger_name":"org.apache.catalina.core.StandardEngine","message":"Starting Servlet engine: [Apache Tomcat/10.1.39]","service":"fms-core","version":"1.0.0","environment":"default"}
{"@timestamp":"2026-02-11T09:05:32.0498096+05:30","level":"INFO","logger_name":"org.apache.catalina.core.ContainerBase.[Tomcat].[localhost].[/fms-core-service]","message":"Initializing Spring embedded WebApplicationContext","service":"fms-core","version":"1.0.0","environment":"default"}
{"@timestamp":"2026-02-11T09:05:32.0498096+05:30","level":"INFO","logger_name":"org.springframework.boot.web.servlet.context.ServletWebServerApplicationContext","message":"Root WebApplicationContext: initialization completed in 5408 ms","service":"fms-core","version":"1.0.0","environment":"default"}
{"@timestamp":"2026-02-11T09:05:32.8488532+05:30","level":"INFO","logger_name":"com.zaxxer.hikari.HikariDataSource","message":"HikariPool-1 - Starting...","service":"fms-core","version":"1.0.0","environment":"default"}
{"@timestamp":"2026-02-11T09:05:33.0558643+05:30","level":"INFO","logger_name":"com.zaxxer.hikari.pool.HikariPool","message":"HikariPool-1 - Added connection com.mysql.cj.jdbc.ConnectionImpl@1d5e7507","service":"fms-core","version":"1.0.0","environment":"default"}
{"@timestamp":"2026-02-11T09:05:33.0568635+05:30","level":"INFO","logger_name":"com.zaxxer.hikari.HikariDataSource","message":"HikariPool-1 - Start completed.","service":"fms-core","version":"1.0.0","environment":"default"}
{"@timestamp":"2026-02-11T09:05:33.13887+05:30","level":"INFO","logger_name":"org.hibernate.jpa.internal.util.LogHelper","message":"HHH000204: Processing PersistenceUnitInfo [name: default]","service":"fms-core","version":"1.0.0","environment":"default"}
{"@timestamp":"2026-02-11T09:05:33.2538748+05:30","level":"INFO","logger_name":"org.hibernate.Version","message":"HHH000412: Hibernate ORM core version 6.6.11.Final","service":"fms-core","version":"1.0.0","environment":"default"}
{"@timestamp":"2026-02-11T09:05:33.3398832+05:30","level":"INFO","logger_name":"org.hibernate.cache.internal.RegionFactoryInitiator","message":"HHH000026: Second-level cache disabled","service":"fms-core","version":"1.0.0","environment":"default"}
{"@timestamp":"2026-02-11T09:05:33.9829176+05:30","level":"INFO","logger_name":"org.springframework.orm.jpa.persistenceunit.SpringPersistenceUnitInfo","message":"No LoadTimeWeaver setup: ignoring JPA class transformer","service":"fms-core","version":"1.0.0","environment":"default"}
{"@timestamp":"2026-02-11T09:05:34.1259213+05:30","level":"INFO","logger_name":"org.hibernate.orm.connections.pooling","message":"HHH10001005: Database info:\n\tDatabase JDBC URL [Connecting through datasource 'HikariDataSource (HikariPool-1)']\n\tDatabase driver: undefined/unknown\n\tDatabase version: 8.1\n\tAutocommit mode: undefined/unknown\n\tIsolation level: undefined/unknown\n\tMinimum pool size: undefined/unknown\n\tMaximum pool size: undefined/unknown","service":"fms-core","version":"1.0.0","environment":"default"}
{"@timestamp":"2026-02-11T09:05:36.387072+05:30","level":"INFO","logger_name":"org.hibernate.engine.transaction.jta.platform.internal.JtaPlatformInitiator","message":"HHH000489: No JTA platform available (set 'hibernate.transaction.jta.platform' to enable JTA platform integration)","service":"fms-core","version":"1.0.0","environment":"default"}
{"@timestamp":"2026-02-11T09:05:36.8358536+05:30","level":"INFO","logger_name":"org.springframework.orm.jpa.LocalContainerEntityManagerFactoryBean","message":"Initialized JPA EntityManagerFactory for persistence unit 'default'","service":"fms-core","version":"1.0.0","environment":"default"}
{"@timestamp":"2026-02-11T09:05:37.2438758+05:30","level":"INFO","logger_name":"org.springframework.data.jpa.repository.query.QueryEnhancerFactory","message":"Hibernate is in classpath; If applicable, HQL parser will be used.","service":"fms-core","version":"1.0.0","environment":"default"}
{"@timestamp":"2026-02-11T09:05:39.1723842+05:30","level":"WARN","logger_name":"org.springframework.boot.web.servlet.context.AnnotationConfigServletWebServerApplicationContext","message":"Exception encountered during context initialization - cancelling refresh attempt: org.springframework.beans.factory.UnsatisfiedDependencyException: Error creating bean with name 'ruleStore': Unsatisfied dependency expressed through method 'setFmsRuleService' parameter 0: Error creating bean with name 'FmsRuleService' defined in file [C:\\Users\\kavinda_d\\Documents\\e soft\\final project\\project\\fms backend\\fms_core\\target\\classes\\net\\com\\fms_core\\service\\impl\\FmsRuleServiceIMPL.class]: Unsatisfied dependency expressed through constructor parameter 5: Error creating bean with name 'transactionRepository' defined in net.com.fms_core.repository.TransactionRepository defined in @EnableJpaRepositories declared on JpaRepositoriesRegistrar.EnableJpaRepositoriesConfiguration: Could not create query for public abstract java.util.List net.com.fms_core.repository.TransactionRepository.findRecentTransactionsByCardNumber(java.lang.String,java.time.LocalDateTime,java.time.LocalDateTime); Reason: Validation failed for query for method public abstract java.util.List net.com.fms_core.repository.TransactionRepository.findRecentTransactionsByCardNumber(java.lang.String,java.time.LocalDateTime,java.time.LocalDateTime)","service":"fms-core","version":"1.0.0","environment":"default"}
{"@timestamp":"2026-02-11T09:05:39.1733841+05:30","level":"INFO","logger_name":"org.springframework.orm.jpa.LocalContainerEntityManagerFactoryBean","message":"Closing JPA EntityManagerFactory for persistence unit 'default'","service":"fms-core","version":"1.0.0","environment":"default"}
{"@timestamp":"2026-02-11T09:05:39.1793853+05:30","level":"INFO","logger_name":"com.zaxxer.hikari.HikariDataSource","message":"HikariPool-1 - Shutdown initiated...","service":"fms-core","version":"1.0.0","environment":"default"}
{"@timestamp":"2026-02-11T09:05:39.1913863+05:30","level":"INFO","logger_name":"com.zaxxer.hikari.HikariDataSource","message":"HikariPool-1 - Shutdown completed.","service":"fms-core","version":"1.0.0","environment":"default"}
{"@timestamp":"2026-02-11T09:05:39.198386+05:30","level":"INFO","logger_name":"org.apache.catalina.core.StandardService","message":"Stopping service [Tomcat]","service":"fms-core","version":"1.0.0","environment":"default"}
{"@timestamp":"2026-02-11T09:05:39.2233885+05:30","level":"INFO","logger_name":"org.springframework.boot.autoconfigure.logging.ConditionEvaluationReportLogger","message":"\r\n\r\nError starting ApplicationContext. To display the condition evaluation report re-run your application with 'debug' enabled.","service":"fms-core","version":"1.0.0","environment":"default"}
{"@timestamp":"2026-02-11T09:05:39.2953947+05:30","level":"ERROR","logger_name":"org.springframework.boot.SpringApplication","message":"Application run failed","service":"fms-core","version":"1.0.0","environment":"default"}
{"@timestamp":"2026-02-11T09:34:24.8334486+05:30","level":"INFO","logger_name":"net.com.fms_core.FmsCoreApplication","message":"Starting FmsCoreApplication using Java 21.0.2 with PID 2424 (C:\\Users\\kavinda_d\\Documents\\e soft\\final project\\project\\fms backend\\fms_core\\target\\classes started by kavinda_d in C:\\Users\\kavinda_d\\Documents\\e soft\\final project\\project\\fms backend)","service":"fms-core","version":"1.0.0","environment":"default"}
{"@timestamp":"2026-02-11T09:34:24.866451+05:30","level":"DEBUG","logger_name":"net.com.fms_core.FmsCoreApplication","message":"Running with Spring Boot v3.4.4, Spring v6.2.5","service":"fms-core","version":"1.0.0","environment":"default"}
{"@timestamp":"2026-02-11T09:34:24.8684505+05:30","level":"INFO","logger_name":"net.com.fms_core.FmsCoreApplication","message":"The following 1 profile is active: \"dev\"","service":"fms-core","version":"1.0.0","environment":"default"}
{"@timestamp":"2026-02-11T09:34:25.0474551+05:30","level":"INFO","logger_name":"org.springframework.cloud.config.client.ConfigServerConfigDataLoader","message":"Fetching config from server at : http://localhost:8888","service":"fms-core","version":"1.0.0","environment":"default"}
{"@timestamp":"2026-02-11T09:34:25.0474551+05:30","level":"INFO","logger_name":"org.springframework.cloud.config.client.ConfigServerConfigDataLoader","message":"Located environment: name=fms_core, profiles=[dev], label=null, version=null, state=null","service":"fms-core","version":"1.0.0","environment":"default"}
{"@timestamp":"2026-02-11T09:34:25.0534498+05:30","level":"INFO","logger_name":"org.springframework.boot.devtools.env.DevToolsPropertyDefaultsPostProcessor","message":"Devtools property defaults active! Set 'spring.devtools.add-properties' to 'false' to disable","service":"fms-core","version":"1.0.0","environment":"default"}
{"@timestamp":"2026-02-11T09:34:25.0544579+05:30","level":"INFO","logger_name":"org.springframework.boot.devtools.env.DevToolsPropertyDefaultsPostProcessor","message":"For additional web related logging consider setting the 'logging.level.web' property to 'DEBUG'","service":"fms-core","version":"1.0.0","environment":"default"}
{"@timestamp":"2026-02-11T09:34:27.5444574+05:30","level":"INFO","logger_name":"org.springframework.data.repository.config.RepositoryConfigurationDelegate","message":"Bootstrapping Spring Data JPA repositories in DEFAULT mode.","service":"fms-core","version":"1.0.0","environment":"default"}
{"@timestamp":"2026-02-11T09:34:27.9634538+05:30","level":"INFO","logger_name":"org.springframework.data.repository.config.RepositoryConfigurationDelegate","message":"Finished Spring Data repository scanning in 406 ms. Found 19 JPA repository interfaces.","service":"fms-core","version":"1.0.0","environment":"default"}
{"@timestamp":"2026-02-11T09:34:28.6054556+05:30","level":"INFO","logger_name":"org.springframework.cloud.context.scope.GenericScope","message":"BeanFactory id=10a06e1a-2004-3de4-b0bc-71e62f26c2cc","service":"fms-core","version":"1.0.0","environment":"default"}
{"@timestamp":"2026-02-11T09:34:30.2974586+05:30","level":"INFO","logger_name":"org.springframework.boot.web.embedded.tomcat.TomcatWebServer","message":"Tomcat initialized with port 8084 (http)","service":"fms-core","version":"1.0.0","environment":"default"}
{"@timestamp":"2026-02-11T09:34:30.31746+05:30","level":"INFO","logger_name":"org.apache.catalina.core.StandardService","message":"Starting service [Tomcat]","service":"fms-core","version":"1.0.0","environment":"default"}
{"@timestamp":"2026-02-11T09:34:30.3184605+05:30","level":"INFO","logger_name":"org.apache.catalina.core.StandardEngine","message":"Starting Servlet engine: [Apache Tomcat/10.1.39]","service":"fms-core","version":"1.0.0","environment":"default"}
{"@timestamp":"2026-02-11T09:34:30.3964582+05:30","level":"INFO","logger_name":"org.apache.catalina.core.ContainerBase.[Tomcat].[localhost].[/fms-core-service]","message":"Initializing Spring embedded WebApplicationContext","service":"fms-core","version":"1.0.0","environment":"default"}
{"@timestamp":"2026-02-11T09:34:30.3974582+05:30","level":"INFO","logger_name":"org.springframework.boot.web.servlet.context.ServletWebServerApplicationContext","message":"Root WebApplicationContext: initialization completed in 5342 ms","service":"fms-core","version":"1.0.0","environment":"default"}
{"@timestamp":"2026-02-11T09:34:31.1544625+05:30","level":"INFO","logger_name":"com.zaxxer.hikari.HikariDataSource","message":"HikariPool-1 - Starting...","service":"fms-core","version":"1.0.0","environment":"default"}
{"@timestamp":"2026-02-11T09:34:31.3484616+05:30","level":"INFO","logger_name":"com.zaxxer.hikari.pool.HikariPool","message":"HikariPool-1 - Added connection com.mysql.cj.jdbc.ConnectionImpl@255a5be2","service":"fms-core","version":"1.0.0","environment":"default"}
{"@timestamp":"2026-02-11T09:34:31.3504611+05:30","level":"INFO","logger_name":"com.zaxxer.hikari.HikariDataSource","message":"HikariPool-1 - Start completed.","service":"fms-core","version":"1.0.0","environment":"default"}
{"@timestamp":"2026-02-11T09:34:31.4104657+05:30","level":"INFO","logger_name":"org.hibernate.jpa.internal.util.LogHelper","message":"HHH000204: Processing PersistenceUnitInfo [name: default]","service":"fms-core","version":"1.0.0","environment":"default"}
{"@timestamp":"2026-02-11T09:34:31.4744612+05:30","level":"INFO","logger_name":"org.hibernate.Version","message":"HHH000412: Hibernate ORM core version 6.6.11.Final","service":"fms-core","version":"1.0.0","environment":"default"}
{"@timestamp":"2026-02-11T09:34:31.5204645+05:30","level":"INFO","logger_name":"org.hibernate.cache.internal.RegionFactoryInitiator","message":"HHH000026: Second-level cache disabled","service":"fms-core","version":"1.0.0","environment":"default"}
{"@timestamp":"2026-02-11T09:34:31.8914638+05:30","level":"INFO","logger_name":"org.springframework.orm.jpa.persistenceunit.SpringPersistenceUnitInfo","message":"No LoadTimeWeaver setup: ignoring JPA class transformer","service":"fms-core","version":"1.0.0","environment":"default"}
{"@timestamp":"2026-02-11T09:34:32.025463+05:30","level":"INFO","logger_name":"org.hibernate.orm.connections.pooling","message":"HHH10001005: Database info:\n\tDatabase JDBC URL [Connecting through datasource 'HikariDataSource (HikariPool-1)']\n\tDatabase driver: undefined/unknown\n\tDatabase version: 8.1\n\tAutocommit mode: undefined/unknown\n\tIsolation level: undefined/unknown\n\tMinimum pool size: undefined/unknown\n\tMaximum pool size: undefined/unknown","service":"fms-core","version":"1.0.0","environment":"default"}
{"@timestamp":"2026-02-11T09:34:34.2274668+05:30","level":"INFO","logger_name":"org.hibernate.engine.transaction.jta.platform.internal.JtaPlatformInitiator","message":"HHH000489: No JTA platform available (set 'hibernate.transaction.jta.platform' to enable JTA platform integration)","service":"fms-core","version":"1.0.0","environment":"default"}
{"@timestamp":"2026-02-11T09:34:35.2114715+05:30","level":"INFO","logger_name":"org.springframework.orm.jpa.LocalContainerEntityManagerFactoryBean","message":"Initialized JPA EntityManagerFactory for persistence unit 'default'","service":"fms-core","version":"1.0.0","environment":"default"}
{"@timestamp":"2026-02-11T09:34:35.7664731+05:30","level":"INFO","logger_name":"org.springframework.data.jpa.repository.query.QueryEnhancerFactory","message":"Hibernate is in classpath; If applicable, HQL parser will be used.","service":"fms-core","version":"1.0.0","environment":"default"}
{"@timestamp":"2026-02-11T09:34:39.2825123+05:30","level":"WARN","logger_name":"org.springframework.boot.autoconfigure.orm.jpa.JpaBaseConfiguration$JpaWebConfiguration","message":"spring.jpa.open-in-view is enabled by default. Therefore, database queries may be performed during view rendering. Explicitly configure spring.jpa.open-in-view to disable this warning","service":"fms-core","version":"1.0.0","environment":"default"}
{"@timestamp":"2026-02-11T09:34:39.3224792+05:30","level":"INFO","logger_name":"org.springframework.validation.beanvalidation.OptionalValidatorFactoryBean","message":"Failed to set up a Bean Validation provider: jakarta.validation.NoProviderFoundException: Unable to create a Configuration, because no Jakarta Bean Validation provider could be found. Add a provider like Hibernate Validator (RI) to your classpath.","service":"fms-core","version":"1.0.0","environment":"default"}
{"@timestamp":"2026-02-11T09:34:40.6946254+05:30","level":"WARN","logger_name":"org.springframework.boot.devtools.autoconfigure.OptionalLiveReloadServer","message":"Unable to start LiveReload server","service":"fms-core","version":"1.0.0","environment":"default"}
{"@timestamp":"2026-02-11T09:34:40.7736267+05:30","level":"INFO","logger_name":"org.springframework.cloud.netflix.eureka.config.DiscoveryClientOptionalArgsConfiguration","message":"Eureka HTTP Client uses RestTemplate.","service":"fms-core","version":"1.0.0","environment":"default"}
{"@timestamp":"2026-02-11T09:34:40.941625+05:30","level":"WARN","logger_name":"org.springframework.cloud.loadbalancer.config.LoadBalancerCacheAutoConfiguration$LoadBalancerCaffeineWarnLogger","message":"Spring Cloud LoadBalancer is currently working with the default cache. While this cache implementation is useful for development and tests, it's recommended to use Caffeine cache in production.You can switch to using Caffeine cache, by adding it and org.springframework.cache.caffeine.CaffeineCacheManager to the classpath.","service":"fms-core","version":"1.0.0","environment":"default"}
{"@timestamp":"2026-02-11T09:34:40.9676265+05:30","level":"INFO","logger_name":"org.springframework.boot.actuate.endpoint.web.EndpointLinksResolver","message":"Exposing 6 endpoints beneath base path '/actuator'","service":"fms-core","version":"1.0.0","environment":"default"}
{"@timestamp":"2026-02-11T09:34:41.1886249+05:30","level":"INFO","logger_name":"org.springframework.messaging.simp.broker.SimpleBrokerMessageHandler","message":"Starting...","service":"fms-core","version":"1.0.0","environment":"default"}
{"@timestamp":"2026-02-11T09:34:41.1906545+05:30","level":"INFO","logger_name":"org.springframework.messaging.simp.broker.SimpleBrokerMessageHandler","message":"BrokerAvailabilityEvent[available=true, SimpleBrokerMessageHandler [org.springframework.messaging.simp.broker.DefaultSubscriptionRegistry@76e0abc1]]","service":"fms-core","version":"1.0.0","environment":"default"}
{"@timestamp":"2026-02-11T09:34:41.1926244+05:30","level":"INFO","logger_name":"org.springframework.messaging.simp.broker.SimpleBrokerMessageHandler","message":"Started.","service":"fms-core","version":"1.0.0","environment":"default"}
{"@timestamp":"2026-02-11T09:34:41.21163+05:30","level":"INFO","logger_name":"org.springframework.cloud.netflix.eureka.InstanceInfoFactory","message":"Setting initial instance status as: STARTING","service":"fms-core","version":"1.0.0","environment":"default"}
{"@timestamp":"2026-02-11T09:34:41.2526221+05:30","level":"INFO","logger_name":"com.netflix.discovery.DiscoveryClient","message":"Initializing Eureka in region us-east-1","service":"fms-core","version":"1.0.0","environment":"default"}
{"@timestamp":"2026-02-11T09:34:41.2576253+05:30","level":"INFO","logger_name":"com.netflix.discovery.shared.resolver.aws.ConfigClusterResolver","message":"Resolving eureka endpoints via configuration","service":"fms-core","version":"1.0.0","environment":"default"}
{"@timestamp":"2026-02-11T09:34:41.2706617+05:30","level":"INFO","logger_name":"com.netflix.discovery.DiscoveryClient","message":"Disable delta property : false","service":"fms-core","version":"1.0.0","environment":"default"}
{"@timestamp":"2026-02-11T09:34:41.2706617+05:30","level":"INFO","logger_name":"com.netflix.discovery.DiscoveryClient","message":"Single vip registry refresh property : null","service":"fms-core","version":"1.0.0","environment":"default"}
{"@timestamp":"2026-02-11T09:34:41.2716257+05:30","level":"INFO","logger_name":"com.netflix.discovery.DiscoveryClient","message":"Force full registry fetch : false","service":"fms-core","version":"1.0.0","environment":"default"}
{"@timestamp":"2026-02-11T09:34:41.2716257+05:30","level":"INFO","logger_name":"com.netflix.discovery.DiscoveryClient","message":"Application is null : false","service":"fms-core","version":"1.0.0","environment":"default"}
{"@timestamp":"2026-02-11T09:34:41.2716257+05:30","level":"INFO","logger_name":"com.netflix.discovery.DiscoveryClient","message":"Registered Applications size is zero : true","service":"fms-core","version":"1.0.0","environment":"default"}
{"@timestamp":"2026-02-11T09:34:41.2716257+05:30","level":"INFO","logger_name":"com.netflix.discovery.DiscoveryClient","message":"Application version is -1: true","service":"fms-core","version":"1.0.0","environment":"default"}
{"@timestamp":"2026-02-11T09:34:41.2716257+05:30","level":"INFO","logger_name":"com.netflix.discovery.DiscoveryClient","message":"Getting all instance registry info from the eureka server","service":"fms-core","version":"1.0.0","environment":"default"}
{"@timestamp":"2026-02-11T09:34:41.696627+05:30","level":"INFO","logger_name":"com.netflix.discovery.DiscoveryClient","message":"The response status is 200","service":"fms-core","version":"1.0.0","environment":"default"}
{"@timestamp":"2026-02-11T09:34:41.6996392+05:30","level":"INFO","logger_name":"com.netflix.discovery.DiscoveryClient","message":"Starting heartbeat executor: renew interval is: 30","service":"fms-core","version":"1.0.0","environment":"default"}
{"@timestamp":"2026-02-11T09:34:41.7036241+05:30","level":"INFO","logger_name":"com.netflix.discovery.InstanceInfoReplicator","message":"InstanceInfoReplicator onDemand update allowed rate per min is 4","service":"fms-core","version":"1.0.0","environment":"default"}
{"@timestamp":"2026-02-11T09:34:41.7066279+05:30","level":"INFO","logger_name":"com.netflix.discovery.DiscoveryClient","message":"Discovery Client initialized at timestamp 1770782681705 with initial instances count: 2","service":"fms-core","version":"1.0.0","environment":"default"}
{"@timestamp":"2026-02-11T09:34:41.7226264+05:30","level":"INFO","logger_name":"org.springframework.cloud.netflix.eureka.serviceregistry.EurekaServiceRegistry","message":"Registering application FMS_CORE with eureka with status UP","service":"fms-core","version":"1.0.0","environment":"default"}
{"@timestamp":"2026-02-11T09:34:41.7236256+05:30","level":"INFO","logger_name":"com.netflix.discovery.DiscoveryClient","message":"Saw local status change event StatusChangeEvent [timestamp=1770782681723, current=UP, previous=STARTING]","service":"fms-core","version":"1.0.0","environment":"default"}
{"@timestamp":"2026-02-11T09:34:41.7286293+05:30","level":"INFO","logger_name":"com.netflix.discovery.DiscoveryClient","message":"DiscoveryClient_FMS_CORE/KAVINDA5242.mshome.net:fms_core:8084: registering service...","service":"fms-core","version":"1.0.0","environment":"default"}
{"@timestamp":"2026-02-11T09:34:41.8536261+05:30","level":"INFO","logger_name":"com.netflix.discovery.DiscoveryClient","message":"DiscoveryClient_FMS_CORE/KAVINDA5242.mshome.net:fms_core:8084 - registration status: 204","service":"fms-core","version":"1.0.0","environment":"default"}
{"@timestamp":"2026-02-11T09:34:41.8606247+05:30","level":"INFO","logger_name":"org.springframework.boot.web.embedded.tomcat.TomcatWebServer","message":"Tomcat started on port 8084 (http) with context path '/fms-core-service'","service":"fms-core","version":"1.0.0","environment":"default"}
{"@timestamp":"2026-02-11T09:34:41.8626269+05:30","level":"INFO","logger_name":"org.springframework.cloud.netflix.eureka.serviceregistry.EurekaAutoServiceRegistration","message":"Updating port to 8084","service":"fms-core","version":"1.0.0","environment":"default"}
{"@timestamp":"2026-02-11T09:34:41.8936265+05:30","level":"INFO","logger_name":"net.com.fms_core.FmsCoreApplication","message":"Started FmsCoreApplication in 19.044 seconds (process running for 21.22)","service":"fms-core","version":"1.0.0","environment":"default"}
{"@timestamp":"2026-02-11T09:34:46.6537983+05:30","level":"INFO","logger_name":"org.drools.compiler.kie.builder.impl.KieContainerImpl","message":"Start creation of KieBase: defaultKieBase","service":"fms-core","version":"1.0.0","environment":"default"}
{"@timestamp":"2026-02-11T09:34:46.7757974+05:30","level":"INFO","logger_name":"org.drools.compiler.kie.builder.impl.KieContainerImpl","message":"End creation of KieBase: defaultKieBase","service":"fms-core","version":"1.0.0","environment":"default"}
{"@timestamp":"2026-02-11T09:34:48.6697996+05:30","level":"INFO","logger_name":"org.drools.compiler.kie.builder.impl.KieContainerImpl","message":"Start creation of KieBase: defaultKieBase","service":"fms-core","version":"1.0.0","environment":"default"}
{"@timestamp":"2026-02-11T09:34:48.6917993+05:30","level":"INFO","logger_name":"org.drools.compiler.kie.builder.impl.KieContainerImpl","message":"End creation of KieBase: defaultKieBase","service":"fms-core","version":"1.0.0","environment":"default"}
{"@timestamp":"2026-02-11T09:34:48.6917993+05:30","level":"INFO","logger_name":"net.com.fms_core.config.SocketListener","message":"✅ FMS Receiver is listening on port 5000","service":"fms-core","version":"1.0.0","environment":"default"}
{"@timestamp":"2026-02-11T09:35:25.7778193+05:30","level":"INFO","logger_name":"org.apache.catalina.core.ContainerBase.[Tomcat].[localhost].[/fms-core-service]","message":"Initializing Spring DispatcherServlet 'dispatcherServlet'","service":"fms-core","version":"1.0.0","environment":"default"}
{"@timestamp":"2026-02-11T09:35:25.7798211+05:30","level":"INFO","logger_name":"org.springframework.web.servlet.DispatcherServlet","message":"Initializing Servlet 'dispatcherServlet'","service":"fms-core","version":"1.0.0","environment":"default"}
{"@timestamp":"2026-02-11T09:35:25.7868249+05:30","level":"INFO","logger_name":"org.springframework.web.servlet.DispatcherServlet","message":"Completed initialization in 6 ms","service":"fms-core","version":"1.0.0","environment":"default"}
{"@timestamp":"2026-02-11T09:35:26.2438311+05:30","level":"INFO","logger_name":"net.com.fms_core.service.impl.ValidationServiceIMPL","message":"Validation result: ValidationResultDTO(isValid=true, errorMessages=null)","service":"fms-core","version":"1.0.0","environment":"default"}
{"@timestamp":"2026-02-11T09:35:26.5088365+05:30","level":"INFO","logger_name":"net.com.fms_core.service.impl.ImpossibleDistanceServiceImpl","message":"Using Java + Python model for distance analysis","service":"fms-core","version":"1.0.0","environment":"default"}
{"@timestamp":"2026-02-11T09:35:26.5838487+05:30","level":"INFO","logger_name":"net.com.fms_core.controller.RiskController","message":"Distance: 0.0km, Time: 0min, Required Speed: 0.0km/h","service":"fms-core","version":"1.0.0","environment":"default"}
{"@timestamp":"2026-02-11T09:35:26.8188943+05:30","level":"ERROR","logger_name":"net.com.fms_core.client.NotificationClient","message":"Failed to send high risk notification: I/O error on POST request for \"http://localhost:8086/api/v1/notifications/high-risk\": Connection refused: connect","service":"fms-core","version":"1.0.0","environment":"default"}
{"@timestamp":"2026-02-11T09:35:26.8198572+05:30","level":"WARN","logger_name":"net.com.fms_core.service.impl.DynamicDroolsServiceImpl","message":"HIGH RISK transaction detected: ID=123.0, Score=HIGH","service":"fms-core","version":"1.0.0","environment":"default"}
{"@timestamp":"2026-02-11T09:35:41.0798638+05:30","level":"INFO","logger_name":"org.springframework.web.socket.config.WebSocketMessageBrokerStats","message":"WebSocketSession[0 current WS(0)-HttpStream(0)-HttpPoll(0), 0 total, 0 closed abnormally (0 connect failure, 0 send limit, 0 transport error)], stompSubProtocol[processed CONNECT(0)-CONNECTED(0)-DISCONNECT(0)], stompBrokerRelay[null], inboundChannel[pool size = 1, active threads = 0, queued tasks = 0, completed tasks = 1], outboundChannel[pool size = 1, active threads = 0, queued tasks = 0, completed tasks = 1], sockJsScheduler[pool size = 1, active threads = 1, queued tasks = 0, completed tasks = 0]","service":"fms-core","version":"1.0.0","environment":"default"}
{"@timestamp":"2026-02-11T09:39:41.2976869+05:30","level":"INFO","logger_name":"com.netflix.discovery.shared.resolver.aws.ConfigClusterResolver","message":"Resolving eureka endpoints via configuration","service":"fms-core","version":"1.0.0","environment":"default"}
{"@timestamp":"2026-02-11T09:41:01.133258+05:30","level":"INFO","logger_name":"org.springframework.cloud.netflix.eureka.serviceregistry.EurekaServiceRegistry","message":"Unregistering application FMS_CORE with eureka with status DOWN","service":"fms-core","version":"1.0.0","environment":"default"}
{"@timestamp":"2026-02-11T09:41:01.133258+05:30","level":"INFO","logger_name":"com.netflix.discovery.DiscoveryClient","message":"Saw local status change event StatusChangeEvent [timestamp=1770783061133, current=DOWN, previous=UP]","service":"fms-core","version":"1.0.0","environment":"default"}
{"@timestamp":"2026-02-11T09:41:01.1342582+05:30","level":"INFO","logger_name":"com.netflix.discovery.DiscoveryClient","message":"DiscoveryClient_FMS_CORE/KAVINDA5242.mshome.net:fms_core:8084: registering service...","service":"fms-core","version":"1.0.0","environment":"default"}
{"@timestamp":"2026-02-11T09:41:01.1412576+05:30","level":"INFO","logger_name":"org.springframework.boot.web.embedded.tomcat.GracefulShutdown","message":"Commencing graceful shutdown. Waiting for active requests to complete","service":"fms-core","version":"1.0.0","environment":"default"}
{"@timestamp":"2026-02-11T09:41:01.144259+05:30","level":"INFO","logger_name":"com.netflix.discovery.DiscoveryClient","message":"DiscoveryClient_FMS_CORE/KAVINDA5242.mshome.net:fms_core:8084 - registration status: 204","service":"fms-core","version":"1.0.0","environment":"default"}
{"@timestamp":"2026-02-11T09:41:01.1572564+05:30","level":"INFO","logger_name":"org.springframework.boot.web.embedded.tomcat.GracefulShutdown","message":"Graceful shutdown complete","service":"fms-core","version":"1.0.0","environment":"default"}
{"@timestamp":"2026-02-11T09:41:01.1602556+05:30","level":"INFO","logger_name":"org.springframework.messaging.simp.broker.SimpleBrokerMessageHandler","message":"Stopping...","service":"fms-core","version":"1.0.0","environment":"default"}
{"@timestamp":"2026-02-11T09:41:01.1612584+05:30","level":"INFO","logger_name":"org.springframework.messaging.simp.broker.SimpleBrokerMessageHandler","message":"BrokerAvailabilityEvent[available=false, SimpleBrokerMessageHandler [org.springframework.messaging.simp.broker.DefaultSubscriptionRegistry@76e0abc1]]","service":"fms-core","version":"1.0.0","environment":"default"}
{"@timestamp":"2026-02-11T09:41:01.1612584+05:30","level":"INFO","logger_name":"org.springframework.messaging.simp.broker.SimpleBrokerMessageHandler","message":"Stopped.","service":"fms-core","version":"1.0.0","environment":"default"}
{"@timestamp":"2026-02-11T09:41:01.1752554+05:30","level":"INFO","logger_name":"org.springframework.orm.jpa.LocalContainerEntityManagerFactoryBean","message":"Closing JPA EntityManagerFactory for persistence unit 'default'","service":"fms-core","version":"1.0.0","environment":"default"}
{"@timestamp":"2026-02-11T09:41:01.1802579+05:30","level":"INFO","logger_name":"com.zaxxer.hikari.HikariDataSource","message":"HikariPool-1 - Shutdown initiated...","service":"fms-core","version":"1.0.0","environment":"default"}
{"@timestamp":"2026-02-11T09:41:01.193257+05:30","level":"INFO","logger_name":"com.zaxxer.hikari.HikariDataSource","message":"HikariPool-1 - Shutdown completed.","service":"fms-core","version":"1.0.0","environment":"default"}
{"@timestamp":"2026-02-11T09:41:01.1942588+05:30","level":"INFO","logger_name":"com.netflix.discovery.DiscoveryClient","message":"Shutting down DiscoveryClient ...","service":"fms-core","version":"1.0.0","environment":"default"}
{"@timestamp":"2026-02-11T09:41:04.2076773+05:30","level":"INFO","logger_name":"com.netflix.discovery.DiscoveryClient","message":"Unregistering ...","service":"fms-core","version":"1.0.0","environment":"default"}
{"@timestamp":"2026-02-11T09:41:04.228682+05:30","level":"INFO","logger_name":"com.netflix.discovery.DiscoveryClient","message":"DiscoveryClient_FMS_CORE/KAVINDA5242.mshome.net:fms_core:8084 - deregister  status: 200","service":"fms-core","version":"1.0.0","environment":"default"}
{"@timestamp":"2026-02-11T09:41:04.2296806+05:30","level":"INFO","logger_name":"com.netflix.discovery.DiscoveryClient","message":"Completed shut down of DiscoveryClient","service":"fms-core","version":"1.0.0","environment":"default"}
{"@timestamp":"2026-02-11T09:41:18.1319209+05:30","level":"INFO","logger_name":"net.com.fms_core.FmsCoreApplication","message":"Starting FmsCoreApplication using Java 21.0.2 with PID 19560 (C:\\Users\\kavinda_d\\Documents\\e soft\\final project\\project\\fms backend\\fms_core\\target\\classes started by kavinda_d in C:\\Users\\kavinda_d\\Documents\\e soft\\final project\\project\\fms backend)","service":"fms-core","version":"1.0.0","environment":"default"}
{"@timestamp":"2026-02-11T09:41:18.1439208+05:30","level":"DEBUG","logger_name":"net.com.fms_core.FmsCoreApplication","message":"Running with Spring Boot v3.4.4, Spring v6.2.5","service":"fms-core","version":"1.0.0","environment":"default"}
{"@timestamp":"2026-02-11T09:41:18.1469253+05:30","level":"INFO","logger_name":"net.com.fms_core.FmsCoreApplication","message":"The following 1 profile is active: \"dev\"","service":"fms-core","version":"1.0.0","environment":"default"}
{"@timestamp":"2026-02-11T09:41:18.3159273+05:30","level":"INFO","logger_name":"org.springframework.cloud.config.client.ConfigServerConfigDataLoader","message":"Fetching config from server at : http://localhost:8888","service":"fms-core","version":"1.0.0","environment":"default"}
{"@timestamp":"2026-02-11T09:41:18.3159273+05:30","level":"INFO","logger_name":"org.springframework.cloud.config.client.ConfigServerConfigDataLoader","message":"Located environment: name=fms_core, profiles=[dev], label=null, version=null, state=null","service":"fms-core","version":"1.0.0","environment":"default"}
{"@timestamp":"2026-02-11T09:41:18.3189258+05:30","level":"INFO","logger_name":"org.springframework.boot.devtools.env.DevToolsPropertyDefaultsPostProcessor","message":"Devtools property defaults active! Set 'spring.devtools.add-properties' to 'false' to disable","service":"fms-core","version":"1.0.0","environment":"default"}
{"@timestamp":"2026-02-11T09:41:18.3199275+05:30","level":"INFO","logger_name":"org.springframework.boot.devtools.env.DevToolsPropertyDefaultsPostProcessor","message":"For additional web related logging consider setting the 'logging.level.web' property to 'DEBUG'","service":"fms-core","version":"1.0.0","environment":"default"}
{"@timestamp":"2026-02-11T09:41:23.2339733+05:30","level":"INFO","logger_name":"org.springframework.data.repository.config.RepositoryConfigurationDelegate","message":"Bootstrapping Spring Data JPA repositories in DEFAULT mode.","service":"fms-core","version":"1.0.0","environment":"default"}
{"@timestamp":"2026-02-11T09:41:24.4289842+05:30","level":"INFO","logger_name":"org.springframework.data.repository.config.RepositoryConfigurationDelegate","message":"Finished Spring Data repository scanning in 1163 ms. Found 19 JPA repository interfaces.","service":"fms-core","version":"1.0.0","environment":"default"}
{"@timestamp":"2026-02-11T09:41:29.3070302+05:30","level":"INFO","logger_name":"org.springframework.cloud.context.scope.GenericScope","message":"BeanFactory id=10a06e1a-2004-3de4-b0bc-71e62f26c2cc","service":"fms-core","version":"1.0.0","environment":"default"}
{"@timestamp":"2026-02-11T09:41:32.7568932+05:30","level":"INFO","logger_name":"org.springframework.boot.web.embedded.tomcat.TomcatWebServer","message":"Tomcat initialized with port 8084 (http)","service":"fms-core","version":"1.0.0","environment":"default"}
{"@timestamp":"2026-02-11T09:41:32.7898943+05:30","level":"INFO","logger_name":"org.apache.catalina.core.StandardService","message":"Starting service [Tomcat]","service":"fms-core","version":"1.0.0","environment":"default"}
{"@timestamp":"2026-02-11T09:41:32.790893+05:30","level":"INFO","logger_name":"org.apache.catalina.core.StandardEngine","message":"Starting Servlet engine: [Apache Tomcat/10.1.39]","service":"fms-core","version":"1.0.0","environment":"default"}
{"@timestamp":"2026-02-11T09:41:32.9978971+05:30","level":"INFO","logger_name":"org.apache.catalina.core.ContainerBase.[Tomcat].[localhost].[/fms-core-service]","message":"Initializing Spring embedded WebApplicationContext","service":"fms-core","version":"1.0.0","environment":"default"}
{"@timestamp":"2026-02-11T09:41:32.9978971+05:30","level":"INFO","logger_name":"org.springframework.boot.web.servlet.context.ServletWebServerApplicationContext","message":"Root WebApplicationContext: initialization completed in 14677 ms","service":"fms-core","version":"1.0.0","environment":"default"}
{"@timestamp":"2026-02-11T09:41:35.6729178+05:30","level":"INFO","logger_name":"com.zaxxer.hikari.HikariDataSource","message":"HikariPool-1 - Starting...","service":"fms-core","version":"1.0.0","environment":"default"}
{"@timestamp":"2026-02-11T09:41:46.1050256+05:30","level":"INFO","logger_name":"org.hibernate.jpa.internal.util.LogHelper","message":"HHH000204: Processing PersistenceUnitInfo [name: default]","service":"fms-core","version":"1.0.0","environment":"default"}
{"@timestamp":"2026-02-11T09:41:47.5070433+05:30","level":"INFO","logger_name":"org.hibernate.Version","message":"HHH000412: Hibernate ORM core version 6.6.11.Final","service":"fms-core","version":"1.0.0","environment":"default"}
{"@timestamp":"2026-02-11T09:41:49.0170626+05:30","level":"INFO","logger_name":"org.hibernate.cache.internal.RegionFactoryInitiator","message":"HHH000026: Second-level cache disabled","service":"fms-core","version":"1.0.0","environment":"default"}
{"@timestamp":"2026-02-11T09:41:57.6776554+05:30","level":"INFO","logger_name":"org.springframework.orm.jpa.persistenceunit.SpringPersistenceUnitInfo","message":"No LoadTimeWeaver setup: ignoring JPA class transformer","service":"fms-core","version":"1.0.0","environment":"default"}
{"@timestamp":"2026-02-11T09:41:59.6796775+05:30","level":"INFO","logger_name":"com.zaxxer.hikari.HikariDataSource","message":"HikariPool-1 - Starting...","service":"fms-core","version":"1.0.0","environment":"default"}
{"@timestamp":"2026-02-11T09:42:00.7026852+05:30","level":"WARN","logger_name":"org.hibernate.engine.jdbc.spi.SqlExceptionHelper","message":"SQL Error: 1049, SQLState: 42000","service":"fms-core","version":"1.0.0","environment":"default"}
{"@timestamp":"2026-02-11T09:42:00.7026852+05:30","level":"ERROR","logger_name":"org.hibernate.engine.jdbc.spi.SqlExceptionHelper","message":"Unknown database 'fms'","service":"fms-core","version":"1.0.0","environment":"default"}
{"@timestamp":"2026-02-11T09:42:00.7046851+05:30","level":"WARN","logger_name":"org.hibernate.engine.jdbc.env.internal.JdbcEnvironmentInitiator","message":"HHH000342: Could not obtain connection to query metadata","service":"fms-core","version":"1.0.0","environment":"default"}
{"@timestamp":"2026-02-11T09:42:02.6325623+05:30","level":"ERROR","logger_name":"org.springframework.orm.jpa.LocalContainerEntityManagerFactoryBean","message":"Failed to initialize JPA EntityManagerFactory: Unable to create requested service [org.hibernate.engine.jdbc.env.spi.JdbcEnvironment] due to: Unable to determine Dialect without JDBC metadata (please set 'jakarta.persistence.jdbc.url' for common cases or 'hibernate.dialect' when a custom Dialect implementation must be provided)","service":"fms-core","version":"1.0.0","environment":"default"}
{"@timestamp":"2026-02-11T09:42:02.6345639+05:30","level":"WARN","logger_name":"org.springframework.boot.web.servlet.context.AnnotationConfigServletWebServerApplicationContext","message":"Exception encountered during context initialization - cancelling refresh attempt: org.springframework.beans.factory.BeanCreationException: Error creating bean with name 'entityManagerFactory' defined in class path resource [org/springframework/boot/autoconfigure/orm/jpa/HibernateJpaConfiguration.class]: Unable to create requested service [org.hibernate.engine.jdbc.env.spi.JdbcEnvironment] due to: Unable to determine Dialect without JDBC metadata (please set 'jakarta.persistence.jdbc.url' for common cases or 'hibernate.dialect' when a custom Dialect implementation must be provided)","service":"fms-core","version":"1.0.0","environment":"default"}
{"@timestamp":"2026-02-11T09:42:02.6415655+05:30","level":"INFO","logger_name":"org.apache.catalina.core.StandardService","message":"Stopping service [Tomcat]","service":"fms-core","version":"1.0.0","environment":"default"}
{"@timestamp":"2026-02-11T09:42:02.6725625+05:30","level":"INFO","logger_name":"org.springframework.boot.autoconfigure.logging.ConditionEvaluationReportLogger","message":"\r\n\r\nError starting ApplicationContext. To display the condition evaluation report re-run your application with 'debug' enabled.","service":"fms-core","version":"1.0.0","environment":"default"}
{"@timestamp":"2026-02-11T09:42:02.7615674+05:30","level":"ERROR","logger_name":"org.springframework.boot.SpringApplication","message":"Application run failed","service":"fms-core","version":"1.0.0","environment":"default"}
{"@timestamp":"2026-02-11T09:43:32.606326+05:30","level":"INFO","logger_name":"net.com.fms_core.FmsCoreApplication","message":"Starting FmsCoreApplication using Java 21.0.2 with PID 16628 (C:\\Users\\kavinda_d\\Documents\\e soft\\final project\\project\\fms backend\\fms_core\\target\\classes started by kavinda_d in C:\\Users\\kavinda_d\\Documents\\e soft\\final project\\project\\fms backend)","service":"fms-core","version":"1.0.0","environment":"default"}
{"@timestamp":"2026-02-11T09:43:32.6183211+05:30","level":"DEBUG","logger_name":"net.com.fms_core.FmsCoreApplication","message":"Running with Spring Boot v3.4.4, Spring v6.2.5","service":"fms-core","version":"1.0.0","environment":"default"}
{"@timestamp":"2026-02-11T09:43:32.6193202+05:30","level":"INFO","logger_name":"net.com.fms_core.FmsCoreApplication","message":"The following 1 profile is active: \"dev\"","service":"fms-core","version":"1.0.0","environment":"default"}
{"@timestamp":"2026-02-11T09:43:32.7153211+05:30","level":"INFO","logger_name":"org.springframework.cloud.config.client.ConfigServerConfigDataLoader","message":"Fetching config from server at : http://localhost:8888","service":"fms-core","version":"1.0.0","environment":"default"}
{"@timestamp":"2026-02-11T09:43:32.7163277+05:30","level":"INFO","logger_name":"org.springframework.cloud.config.client.ConfigServerConfigDataLoader","message":"Located environment: name=fms_core, profiles=[dev], label=null, version=null, state=null","service":"fms-core","version":"1.0.0","environment":"default"}
{"@timestamp":"2026-02-11T09:43:32.7213258+05:30","level":"INFO","logger_name":"org.springframework.boot.devtools.env.DevToolsPropertyDefaultsPostProcessor","message":"Devtools property defaults active! Set 'spring.devtools.add-properties' to 'false' to disable","service":"fms-core","version":"1.0.0","environment":"default"}
{"@timestamp":"2026-02-11T09:43:32.7223211+05:30","level":"INFO","logger_name":"org.springframework.boot.devtools.env.DevToolsPropertyDefaultsPostProcessor","message":"For additional web related logging consider setting the 'logging.level.web' property to 'DEBUG'","service":"fms-core","version":"1.0.0","environment":"default"}
{"@timestamp":"2026-02-11T09:43:36.5471367+05:30","level":"INFO","logger_name":"org.springframework.data.repository.config.RepositoryConfigurationDelegate","message":"Bootstrapping Spring Data JPA repositories in DEFAULT mode.","service":"fms-core","version":"1.0.0","environment":"default"}
{"@timestamp":"2026-02-11T09:43:37.2461446+05:30","level":"INFO","logger_name":"org.springframework.data.repository.config.RepositoryConfigurationDelegate","message":"Finished Spring Data repository scanning in 675 ms. Found 19 JPA repository interfaces.","service":"fms-core","version":"1.0.0","environment":"default"}
{"@timestamp":"2026-02-11T09:43:37.9521471+05:30","level":"INFO","logger_name":"org.springframework.cloud.context.scope.GenericScope","message":"BeanFactory id=10a06e1a-2004-3de4-b0bc-71e62f26c2cc","service":"fms-core","version":"1.0.0","environment":"default"}
{"@timestamp":"2026-02-11T09:43:39.7711888+05:30","level":"INFO","logger_name":"org.springframework.boot.web.embedded.tomcat.TomcatWebServer","message":"Tomcat initialized with port 8084 (http)","service":"fms-core","version":"1.0.0","environment":"default"}
{"@timestamp":"2026-02-11T09:43:39.7891684+05:30","level":"INFO","logger_name":"org.apache.catalina.core.StandardService","message":"Starting service [Tomcat]","service":"fms-core","version":"1.0.0","environment":"default"}
{"@timestamp":"2026-02-11T09:43:39.7891684+05:30","level":"INFO","logger_name":"org.apache.catalina.core.StandardEngine","message":"Starting Servlet engine: [Apache Tomcat/10.1.39]","service":"fms-core","version":"1.0.0","environment":"default"}
{"@timestamp":"2026-02-11T09:43:39.874174+05:30","level":"INFO","logger_name":"org.apache.catalina.core.ContainerBase.[Tomcat].[localhost].[/fms-core-service]","message":"Initializing Spring embedded WebApplicationContext","service":"fms-core","version":"1.0.0","environment":"default"}
{"@timestamp":"2026-02-11T09:43:39.8751707+05:30","level":"INFO","logger_name":"org.springframework.boot.web.servlet.context.ServletWebServerApplicationContext","message":"Root WebApplicationContext: initialization completed in 7151 ms","service":"fms-core","version":"1.0.0","environment":"default"}
{"@timestamp":"2026-02-11T09:43:40.7341783+05:30","level":"INFO","logger_name":"com.zaxxer.hikari.HikariDataSource","message":"HikariPool-1 - Starting...","service":"fms-core","version":"1.0.0","environment":"default"}
{"@timestamp":"2026-02-11T09:43:41.0141801+05:30","level":"INFO","logger_name":"com.zaxxer.hikari.pool.HikariPool","message":"HikariPool-1 - Added connection com.mysql.cj.jdbc.ConnectionImpl@230cb808","service":"fms-core","version":"1.0.0","environment":"default"}
{"@timestamp":"2026-02-11T09:43:41.0161818+05:30","level":"INFO","logger_name":"com.zaxxer.hikari.HikariDataSource","message":"HikariPool-1 - Start completed.","service":"fms-core","version":"1.0.0","environment":"default"}
{"@timestamp":"2026-02-11T09:43:41.0851946+05:30","level":"INFO","logger_name":"org.hibernate.jpa.internal.util.LogHelper","message":"HHH000204: Processing PersistenceUnitInfo [name: default]","service":"fms-core","version":"1.0.0","environment":"default"}
{"@timestamp":"2026-02-11T09:43:41.2031838+05:30","level":"INFO","logger_name":"org.hibernate.Version","message":"HHH000412: Hibernate ORM core version 6.6.11.Final","service":"fms-core","version":"1.0.0","environment":"default"}
{"@timestamp":"2026-02-11T09:43:41.2881838+05:30","level":"INFO","logger_name":"org.hibernate.cache.internal.RegionFactoryInitiator","message":"HHH000026: Second-level cache disabled","service":"fms-core","version":"1.0.0","environment":"default"}
{"@timestamp":"2026-02-11T09:43:41.9441917+05:30","level":"INFO","logger_name":"org.springframework.orm.jpa.persistenceunit.SpringPersistenceUnitInfo","message":"No LoadTimeWeaver setup: ignoring JPA class transformer","service":"fms-core","version":"1.0.0","environment":"default"}
{"@timestamp":"2026-02-11T09:43:42.2251903+05:30","level":"INFO","logger_name":"org.hibernate.orm.connections.pooling","message":"HHH10001005: Database info:\n\tDatabase JDBC URL [Connecting through datasource 'HikariDataSource (HikariPool-1)']\n\tDatabase driver: undefined/unknown\n\tDatabase version: 8.1\n\tAutocommit mode: undefined/unknown\n\tIsolation level: undefined/unknown\n\tMinimum pool size: undefined/unknown\n\tMaximum pool size: undefined/unknown","service":"fms-core","version":"1.0.0","environment":"default"}
{"@timestamp":"2026-02-11T09:43:45.9142287+05:30","level":"INFO","logger_name":"org.hibernate.engine.transaction.jta.platform.internal.JtaPlatformInitiator","message":"HHH000489: No JTA platform available (set 'hibernate.transaction.jta.platform' to enable JTA platform integration)","service":"fms-core","version":"1.0.0","environment":"default"}
{"@timestamp":"2026-02-11T09:43:47.0392403+05:30","level":"INFO","logger_name":"org.springframework.orm.jpa.LocalContainerEntityManagerFactoryBean","message":"Initialized JPA EntityManagerFactory for persistence unit 'default'","service":"fms-core","version":"1.0.0","environment":"default"}
{"@timestamp":"2026-02-11T09:43:48.2072492+05:30","level":"INFO","logger_name":"org.springframework.data.jpa.repository.query.QueryEnhancerFactory","message":"Hibernate is in classpath; If applicable, HQL parser will be used.","service":"fms-core","version":"1.0.0","environment":"default"}
{"@timestamp":"2026-02-11T09:43:55.490326+05:30","level":"WARN","logger_name":"org.springframework.boot.autoconfigure.orm.jpa.JpaBaseConfiguration$JpaWebConfiguration","message":"spring.jpa.open-in-view is enabled by default. Therefore, database queries may be performed during view rendering. Explicitly configure spring.jpa.open-in-view to disable this warning","service":"fms-core","version":"1.0.0","environment":"default"}
{"@timestamp":"2026-02-11T09:43:55.5693231+05:30","level":"INFO","logger_name":"org.springframework.validation.beanvalidation.OptionalValidatorFactoryBean","message":"Failed to set up a Bean Validation provider: jakarta.validation.NoProviderFoundException: Unable to create a Configuration, because no Jakarta Bean Validation provider could be found. Add a provider like Hibernate Validator (RI) to your classpath.","service":"fms-core","version":"1.0.0","environment":"default"}
{"@timestamp":"2026-02-11T09:43:57.9583456+05:30","level":"WARN","logger_name":"org.springframework.boot.devtools.autoconfigure.OptionalLiveReloadServer","message":"Unable to start LiveReload server","service":"fms-core","version":"1.0.0","environment":"default"}
{"@timestamp":"2026-02-11T09:43:58.0373451+05:30","level":"INFO","logger_name":"org.springframework.cloud.netflix.eureka.config.DiscoveryClientOptionalArgsConfiguration","message":"Eureka HTTP Client uses RestTemplate.","service":"fms-core","version":"1.0.0","environment":"default"}
{"@timestamp":"2026-02-11T09:43:58.1883522+05:30","level":"WARN","logger_name":"org.springframework.cloud.loadbalancer.config.LoadBalancerCacheAutoConfiguration$LoadBalancerCaffeineWarnLogger","message":"Spring Cloud LoadBalancer is currently working with the default cache. While this cache implementation is useful for development and tests, it's recommended to use Caffeine cache in production.You can switch to using Caffeine cache, by adding it and org.springframework.cache.caffeine.CaffeineCacheManager to the classpath.","service":"fms-core","version":"1.0.0","environment":"default"}
{"@timestamp":"2026-02-11T09:43:58.2173483+05:30","level":"INFO","logger_name":"org.springframework.boot.actuate.endpoint.web.EndpointLinksResolver","message":"Exposing 6 endpoints beneath base path '/actuator'","service":"fms-core","version":"1.0.0","environment":"default"}
{"@timestamp":"2026-02-11T09:43:58.397348+05:30","level":"INFO","logger_name":"org.springframework.messaging.simp.broker.SimpleBrokerMessageHandler","message":"Starting...","service":"fms-core","version":"1.0.0","environment":"default"}
{"@timestamp":"2026-02-11T09:43:58.3993499+05:30","level":"INFO","logger_name":"org.springframework.messaging.simp.broker.SimpleBrokerMessageHandler","message":"BrokerAvailabilityEvent[available=true, SimpleBrokerMessageHandler [org.springframework.messaging.simp.broker.DefaultSubscriptionRegistry@4cd175d9]]","service":"fms-core","version":"1.0.0","environment":"default"}
{"@timestamp":"2026-02-11T09:43:58.401348+05:30","level":"INFO","logger_name":"org.springframework.messaging.simp.broker.SimpleBrokerMessageHandler","message":"Started.","service":"fms-core","version":"1.0.0","environment":"default"}
{"@timestamp":"2026-02-11T09:43:58.4223754+05:30","level":"INFO","logger_name":"org.springframework.cloud.netflix.eureka.InstanceInfoFactory","message":"Setting initial instance status as: STARTING","service":"fms-core","version":"1.0.0","environment":"default"}
{"@timestamp":"2026-02-11T09:43:58.4783499+05:30","level":"INFO","logger_name":"com.netflix.discovery.DiscoveryClient","message":"Initializing Eureka in region us-east-1","service":"fms-core","version":"1.0.0","environment":"default"}
{"@timestamp":"2026-02-11T09:43:58.4853513+05:30","level":"INFO","logger_name":"com.netflix.discovery.shared.resolver.aws.ConfigClusterResolver","message":"Resolving eureka endpoints via configuration","service":"fms-core","version":"1.0.0","environment":"default"}
{"@timestamp":"2026-02-11T09:43:58.5043688+05:30","level":"INFO","logger_name":"com.netflix.discovery.DiscoveryClient","message":"Disable delta property : false","service":"fms-core","version":"1.0.0","environment":"default"}
{"@timestamp":"2026-02-11T09:43:58.5053522+05:30","level":"INFO","logger_name":"com.netflix.discovery.DiscoveryClient","message":"Single vip registry refresh property : null","service":"fms-core","version":"1.0.0","environment":"default"}
{"@timestamp":"2026-02-11T09:43:58.5053522+05:30","level":"INFO","logger_name":"com.netflix.discovery.DiscoveryClient","message":"Force full registry fetch : false","service":"fms-core","version":"1.0.0","environment":"default"}
{"@timestamp":"2026-02-11T09:43:58.5053522+05:30","level":"INFO","logger_name":"com.netflix.discovery.DiscoveryClient","message":"Application is null : false","service":"fms-core","version":"1.0.0","environment":"default"}
{"@timestamp":"2026-02-11T09:43:58.5053522+05:30","level":"INFO","logger_name":"com.netflix.discovery.DiscoveryClient","message":"Registered Applications size is zero : true","service":"fms-core","version":"1.0.0","environment":"default"}
{"@timestamp":"2026-02-11T09:43:58.5063496+05:30","level":"INFO","logger_name":"com.netflix.discovery.DiscoveryClient","message":"Application version is -1: true","service":"fms-core","version":"1.0.0","environment":"default"}
{"@timestamp":"2026-02-11T09:43:58.5073487+05:30","level":"INFO","logger_name":"com.netflix.discovery.DiscoveryClient","message":"Getting all instance registry info from the eureka server","service":"fms-core","version":"1.0.0","environment":"default"}
{"@timestamp":"2026-02-11T09:43:59.0063572+05:30","level":"INFO","logger_name":"com.netflix.discovery.DiscoveryClient","message":"The response status is 200","service":"fms-core","version":"1.0.0","environment":"default"}
{"@timestamp":"2026-02-11T09:43:59.0103585+05:30","level":"INFO","logger_name":"com.netflix.discovery.DiscoveryClient","message":"Starting heartbeat executor: renew interval is: 30","service":"fms-core","version":"1.0.0","environment":"default"}
{"@timestamp":"2026-02-11T09:43:59.0143573+05:30","level":"INFO","logger_name":"com.netflix.discovery.InstanceInfoReplicator","message":"InstanceInfoReplicator onDemand update allowed rate per min is 4","service":"fms-core","version":"1.0.0","environment":"default"}
{"@timestamp":"2026-02-11T09:43:59.0163551+05:30","level":"INFO","logger_name":"com.netflix.discovery.DiscoveryClient","message":"Discovery Client initialized at timestamp 1770783239016 with initial instances count: 2","service":"fms-core","version":"1.0.0","environment":"default"}
{"@timestamp":"2026-02-11T09:43:59.0303579+05:30","level":"INFO","logger_name":"org.springframework.cloud.netflix.eureka.serviceregistry.EurekaServiceRegistry","message":"Registering application FMS_CORE with eureka with status UP","service":"fms-core","version":"1.0.0","environment":"default"}
{"@timestamp":"2026-02-11T09:43:59.0323574+05:30","level":"INFO","logger_name":"com.netflix.discovery.DiscoveryClient","message":"Saw local status change event StatusChangeEvent [timestamp=1770783239032, current=UP, previous=STARTING]","service":"fms-core","version":"1.0.0","environment":"default"}
{"@timestamp":"2026-02-11T09:43:59.0343613+05:30","level":"INFO","logger_name":"com.netflix.discovery.DiscoveryClient","message":"DiscoveryClient_FMS_CORE/KAVINDA5242.mshome.net:fms_core:8084: registering service...","service":"fms-core","version":"1.0.0","environment":"default"}
{"@timestamp":"2026-02-11T09:43:59.0793573+05:30","level":"INFO","logger_name":"org.springframework.boot.web.embedded.tomcat.TomcatWebServer","message":"Tomcat started on port 8084 (http) with context path '/fms-core-service'","service":"fms-core","version":"1.0.0","environment":"default"}
{"@timestamp":"2026-02-11T09:43:59.0813578+05:30","level":"INFO","logger_name":"org.springframework.cloud.netflix.eureka.serviceregistry.EurekaAutoServiceRegistration","message":"Updating port to 8084","service":"fms-core","version":"1.0.0","environment":"default"}
{"@timestamp":"2026-02-11T09:43:59.1073572+05:30","level":"INFO","logger_name":"com.netflix.discovery.DiscoveryClient","message":"DiscoveryClient_FMS_CORE/KAVINDA5242.mshome.net:fms_core:8084 - registration status: 204","service":"fms-core","version":"1.0.0","environment":"default"}
{"@timestamp":"2026-02-11T09:43:59.1203566+05:30","level":"INFO","logger_name":"net.com.fms_core.FmsCoreApplication","message":"Started FmsCoreApplication in 29.353 seconds (process running for 32.532)","service":"fms-core","version":"1.0.0","environment":"default"}
{"@timestamp":"2026-02-11T09:44:00.2253687+05:30","level":"WARN","logger_name":"org.hibernate.engine.jdbc.spi.SqlExceptionHelper","message":"SQL Error: 1146, SQLState: 42S02","service":"fms-core","version":"1.0.0","environment":"default"}
{"@timestamp":"2026-02-11T09:44:00.2263661+05:30","level":"ERROR","logger_name":"org.hibernate.engine.jdbc.spi.SqlExceptionHelper","message":"Table 'fms.rule_group' doesn't exist","service":"fms-core","version":"1.0.0","environment":"default"}
{"@timestamp":"2026-02-11T09:44:00.2503658+05:30","level":"INFO","logger_name":"org.springframework.boot.autoconfigure.logging.ConditionEvaluationReportLogger","message":"\r\n\r\nError starting ApplicationContext. To display the condition evaluation report re-run your application with 'debug' enabled.","service":"fms-core","version":"1.0.0","environment":"default"}
{"@timestamp":"2026-02-11T09:44:00.2883699+05:30","level":"ERROR","logger_name":"org.springframework.boot.SpringApplication","message":"Application run failed","service":"fms-core","version":"1.0.0","environment":"default"}
{"@timestamp":"2026-02-11T09:44:00.2943682+05:30","level":"INFO","logger_name":"org.springframework.cloud.netflix.eureka.serviceregistry.EurekaServiceRegistry","message":"Unregistering application FMS_CORE with eureka with status DOWN","service":"fms-core","version":"1.0.0","environment":"default"}
{"@timestamp":"2026-02-11T09:44:00.2943682+05:30","level":"INFO","logger_name":"com.netflix.discovery.DiscoveryClient","message":"Saw local status change event StatusChangeEvent [timestamp=1770783240294, current=DOWN, previous=UP]","service":"fms-core","version":"1.0.0","environment":"default"}
{"@timestamp":"2026-02-11T09:44:00.2953674+05:30","level":"INFO","logger_name":"com.netflix.discovery.DiscoveryClient","message":"DiscoveryClient_FMS_CORE/KAVINDA5242.mshome.net:fms_core:8084: registering service...","service":"fms-core","version":"1.0.0","environment":"default"}
{"@timestamp":"2026-02-11T09:44:00.2993666+05:30","level":"INFO","logger_name":"org.springframework.boot.web.embedded.tomcat.GracefulShutdown","message":"Commencing graceful shutdown. Waiting for active requests to complete","service":"fms-core","version":"1.0.0","environment":"default"}
{"@timestamp":"2026-02-11T09:44:00.3033685+05:30","level":"INFO","logger_name":"com.netflix.discovery.DiscoveryClient","message":"DiscoveryClient_FMS_CORE/KAVINDA5242.mshome.net:fms_core:8084 - registration status: 204","service":"fms-core","version":"1.0.0","environment":"default"}
{"@timestamp":"2026-02-11T09:44:00.3533656+05:30","level":"INFO","logger_name":"org.springframework.boot.web.embedded.tomcat.GracefulShutdown","message":"Graceful shutdown complete","service":"fms-core","version":"1.0.0","environment":"default"}
{"@timestamp":"2026-02-11T09:44:00.3583668+05:30","level":"INFO","logger_name":"org.springframework.messaging.simp.broker.SimpleBrokerMessageHandler","message":"Stopping...","service":"fms-core","version":"1.0.0","environment":"default"}
{"@timestamp":"2026-02-11T09:44:00.3593673+05:30","level":"INFO","logger_name":"org.springframework.messaging.simp.broker.SimpleBrokerMessageHandler","message":"BrokerAvailabilityEvent[available=false, SimpleBrokerMessageHandler [org.springframework.messaging.simp.broker.DefaultSubscriptionRegistry@4cd175d9]]","service":"fms-core","version":"1.0.0","environment":"default"}
{"@timestamp":"2026-02-11T09:44:00.3613684+05:30","level":"INFO","logger_name":"org.springframework.messaging.simp.broker.SimpleBrokerMessageHandler","message":"Stopped.","service":"fms-core","version":"1.0.0","environment":"default"}
{"@timestamp":"2026-02-11T09:44:00.3813671+05:30","level":"INFO","logger_name":"org.springframework.orm.jpa.LocalContainerEntityManagerFactoryBean","message":"Closing JPA EntityManagerFactory for persistence unit 'default'","service":"fms-core","version":"1.0.0","environment":"default"}
{"@timestamp":"2026-02-11T09:44:00.3873697+05:30","level":"INFO","logger_name":"com.zaxxer.hikari.HikariDataSource","message":"HikariPool-1 - Shutdown initiated...","service":"fms-core","version":"1.0.0","environment":"default"}
{"@timestamp":"2026-02-11T09:44:00.3993684+05:30","level":"INFO","logger_name":"com.zaxxer.hikari.HikariDataSource","message":"HikariPool-1 - Shutdown completed.","service":"fms-core","version":"1.0.0","environment":"default"}
{"@timestamp":"2026-02-11T09:44:00.4013693+05:30","level":"INFO","logger_name":"com.netflix.discovery.DiscoveryClient","message":"Shutting down DiscoveryClient ...","service":"fms-core","version":"1.0.0","environment":"default"}
{"@timestamp":"2026-02-11T09:44:03.4193995+05:30","level":"INFO","logger_name":"com.netflix.discovery.DiscoveryClient","message":"Unregistering ...","service":"fms-core","version":"1.0.0","environment":"default"}
{"@timestamp":"2026-02-11T09:44:03.4313996+05:30","level":"INFO","logger_name":"com.netflix.discovery.DiscoveryClient","message":"DiscoveryClient_FMS_CORE/KAVINDA5242.mshome.net:fms_core:8084 - deregister  status: 200","service":"fms-core","version":"1.0.0","environment":"default"}
{"@timestamp":"2026-02-11T09:44:03.4313996+05:30","level":"INFO","logger_name":"com.netflix.discovery.DiscoveryClient","message":"Completed shut down of DiscoveryClient","service":"fms-core","version":"1.0.0","environment":"default"}
{"@timestamp":"2026-02-11T09:46:41.7630073+05:30","level":"INFO","logger_name":"net.com.fms_core.FmsCoreApplication","message":"Starting FmsCoreApplication using Java 21.0.2 with PID 21952 (C:\\Users\\kavinda_d\\Documents\\e soft\\final project\\project\\fms backend\\fms_core\\target\\classes started by kavinda_d in C:\\Users\\kavinda_d\\Documents\\e soft\\final project\\project\\fms backend)","service":"fms-core","version":"1.0.0","environment":"default"}
{"@timestamp":"2026-02-11T09:46:41.7760053+05:30","level":"DEBUG","logger_name":"net.com.fms_core.FmsCoreApplication","message":"Running with Spring Boot v3.4.4, Spring v6.2.5","service":"fms-core","version":"1.0.0","environment":"default"}
{"@timestamp":"2026-02-11T09:46:41.7770061+05:30","level":"INFO","logger_name":"net.com.fms_core.FmsCoreApplication","message":"The following 1 profile is active: \"dev\"","service":"fms-core","version":"1.0.0","environment":"default"}
{"@timestamp":"2026-02-11T09:46:41.8640114+05:30","level":"INFO","logger_name":"org.springframework.cloud.config.client.ConfigServerConfigDataLoader","message":"Fetching config from server at : http://localhost:8888","service":"fms-core","version":"1.0.0","environment":"default"}
{"@timestamp":"2026-02-11T09:46:41.8650181+05:30","level":"INFO","logger_name":"org.springframework.cloud.config.client.ConfigServerConfigDataLoader","message":"Located environment: name=fms_core, profiles=[dev], label=null, version=null, state=null","service":"fms-core","version":"1.0.0","environment":"default"}
{"@timestamp":"2026-02-11T09:46:41.8700079+05:30","level":"INFO","logger_name":"org.springframework.boot.devtools.env.DevToolsPropertyDefaultsPostProcessor","message":"Devtools property defaults active! Set 'spring.devtools.add-properties' to 'false' to disable","service":"fms-core","version":"1.0.0","environment":"default"}
{"@timestamp":"2026-02-11T09:46:41.8710052+05:30","level":"INFO","logger_name":"org.springframework.boot.devtools.env.DevToolsPropertyDefaultsPostProcessor","message":"For additional web related logging consider setting the 'logging.level.web' property to 'DEBUG'","service":"fms-core","version":"1.0.0","environment":"default"}
{"@timestamp":"2026-02-11T09:46:45.5710237+05:30","level":"INFO","logger_name":"org.springframework.data.repository.config.RepositoryConfigurationDelegate","message":"Bootstrapping Spring Data JPA repositories in DEFAULT mode.","service":"fms-core","version":"1.0.0","environment":"default"}
{"@timestamp":"2026-02-11T09:46:46.2160273+05:30","level":"INFO","logger_name":"org.springframework.data.repository.config.RepositoryConfigurationDelegate","message":"Finished Spring Data repository scanning in 602 ms. Found 19 JPA repository interfaces.","service":"fms-core","version":"1.0.0","environment":"default"}
{"@timestamp":"2026-02-11T09:46:46.8650273+05:30","level":"INFO","logger_name":"org.springframework.cloud.context.scope.GenericScope","message":"BeanFactory id=10a06e1a-2004-3de4-b0bc-71e62f26c2cc","service":"fms-core","version":"1.0.0","environment":"default"}
{"@timestamp":"2026-02-11T09:46:48.5430315+05:30","level":"INFO","logger_name":"org.springframework.boot.web.embedded.tomcat.TomcatWebServer","message":"Tomcat initialized with port 8084 (http)","service":"fms-core","version":"1.0.0","environment":"default"}
{"@timestamp":"2026-02-11T09:46:48.5590496+05:30","level":"INFO","logger_name":"org.apache.catalina.core.StandardService","message":"Starting service [Tomcat]","service":"fms-core","version":"1.0.0","environment":"default"}
{"@timestamp":"2026-02-11T09:46:48.5600359+05:30","level":"INFO","logger_name":"org.apache.catalina.core.StandardEngine","message":"Starting Servlet engine: [Apache Tomcat/10.1.39]","service":"fms-core","version":"1.0.0","environment":"default"}
{"@timestamp":"2026-02-11T09:46:48.636039+05:30","level":"INFO","logger_name":"org.apache.catalina.core.ContainerBase.[Tomcat].[localhost].[/fms-core-service]","message":"Initializing Spring embedded WebApplicationContext","service":"fms-core","version":"1.0.0","environment":"default"}
{"@timestamp":"2026-02-11T09:46:48.636039+05:30","level":"INFO","logger_name":"org.springframework.boot.web.servlet.context.ServletWebServerApplicationContext","message":"Root WebApplicationContext: initialization completed in 6764 ms","service":"fms-core","version":"1.0.0","environment":"default"}
{"@timestamp":"2026-02-11T09:46:49.3240373+05:30","level":"INFO","logger_name":"com.zaxxer.hikari.HikariDataSource","message":"HikariPool-1 - Starting...","service":"fms-core","version":"1.0.0","environment":"default"}
{"@timestamp":"2026-02-11T09:46:49.5220407+05:30","level":"INFO","logger_name":"com.zaxxer.hikari.pool.HikariPool","message":"HikariPool-1 - Added connection com.mysql.cj.jdbc.ConnectionImpl@3d27dbe7","service":"fms-core","version":"1.0.0","environment":"default"}
{"@timestamp":"2026-02-11T09:46:49.5240388+05:30","level":"INFO","logger_name":"com.zaxxer.hikari.HikariDataSource","message":"HikariPool-1 - Start completed.","service":"fms-core","version":"1.0.0","environment":"default"}
{"@timestamp":"2026-02-11T09:46:49.5910373+05:30","level":"INFO","logger_name":"org.hibernate.jpa.internal.util.LogHelper","message":"HHH000204: Processing PersistenceUnitInfo [name: default]","service":"fms-core","version":"1.0.0","environment":"default"}
{"@timestamp":"2026-02-11T09:46:49.6630399+05:30","level":"INFO","logger_name":"org.hibernate.Version","message":"HHH000412: Hibernate ORM core version 6.6.11.Final","service":"fms-core","version":"1.0.0","environment":"default"}
{"@timestamp":"2026-02-11T09:46:49.7180414+05:30","level":"INFO","logger_name":"org.hibernate.cache.internal.RegionFactoryInitiator","message":"HHH000026: Second-level cache disabled","service":"fms-core","version":"1.0.0","environment":"default"}
{"@timestamp":"2026-02-11T09:46:50.0860441+05:30","level":"INFO","logger_name":"org.springframework.orm.jpa.persistenceunit.SpringPersistenceUnitInfo","message":"No LoadTimeWeaver setup: ignoring JPA class transformer","service":"fms-core","version":"1.0.0","environment":"default"}
{"@timestamp":"2026-02-11T09:46:50.2380748+05:30","level":"INFO","logger_name":"org.hibernate.orm.connections.pooling","message":"HHH10001005: Database info:\n\tDatabase JDBC URL [Connecting through datasource 'HikariDataSource (HikariPool-1)']\n\tDatabase driver: undefined/unknown\n\tDatabase version: 8.1\n\tAutocommit mode: undefined/unknown\n\tIsolation level: undefined/unknown\n\tMinimum pool size: undefined/unknown\n\tMaximum pool size: undefined/unknown","service":"fms-core","version":"1.0.0","environment":"default"}
{"@timestamp":"2026-02-11T09:46:52.3920508+05:30","level":"INFO","logger_name":"org.hibernate.engine.transaction.jta.platform.internal.JtaPlatformInitiator","message":"HHH000489: No JTA platform available (set 'hibernate.transaction.jta.platform' to enable JTA platform integration)","service":"fms-core","version":"1.0.0","environment":"default"}
{"@timestamp":"2026-02-11T09:46:52.9840544+05:30","level":"INFO","logger_name":"org.springframework.orm.jpa.LocalContainerEntityManagerFactoryBean","message":"Initialized JPA EntityManagerFactory for persistence unit 'default'","service":"fms-core","version":"1.0.0","environment":"default"}
{"@timestamp":"2026-02-11T09:46:53.5890556+05:30","level":"INFO","logger_name":"org.springframework.data.jpa.repository.query.QueryEnhancerFactory","message":"Hibernate is in classpath; If applicable, HQL parser will be used.","service":"fms-core","version":"1.0.0","environment":"default"}
{"@timestamp":"2026-02-11T09:46:57.2961087+05:30","level":"WARN","logger_name":"org.springframework.boot.autoconfigure.orm.jpa.JpaBaseConfiguration$JpaWebConfiguration","message":"spring.jpa.open-in-view is enabled by default. Therefore, database queries may be performed during view rendering. Explicitly configure spring.jpa.open-in-view to disable this warning","service":"fms-core","version":"1.0.0","environment":"default"}
{"@timestamp":"2026-02-11T09:46:57.351078+05:30","level":"INFO","logger_name":"org.springframework.validation.beanvalidation.OptionalValidatorFactoryBean","message":"Failed to set up a Bean Validation provider: jakarta.validation.NoProviderFoundException: Unable to create a Configuration, because no Jakarta Bean Validation provider could be found. Add a provider like Hibernate Validator (RI) to your classpath.","service":"fms-core","version":"1.0.0","environment":"default"}
{"@timestamp":"2026-02-11T09:46:59.0661063+05:30","level":"WARN","logger_name":"org.springframework.boot.devtools.autoconfigure.OptionalLiveReloadServer","message":"Unable to start LiveReload server","service":"fms-core","version":"1.0.0","environment":"default"}
{"@timestamp":"2026-02-11T09:46:59.127113+05:30","level":"INFO","logger_name":"org.springframework.cloud.netflix.eureka.config.DiscoveryClientOptionalArgsConfiguration","message":"Eureka HTTP Client uses RestTemplate.","service":"fms-core","version":"1.0.0","environment":"default"}
{"@timestamp":"2026-02-11T09:46:59.2271162+05:30","level":"WARN","logger_name":"org.springframework.cloud.loadbalancer.config.LoadBalancerCacheAutoConfiguration$LoadBalancerCaffeineWarnLogger","message":"Spring Cloud LoadBalancer is currently working with the default cache. While this cache implementation is useful for development and tests, it's recommended to use Caffeine cache in production.You can switch to using Caffeine cache, by adding it and org.springframework.cache.caffeine.CaffeineCacheManager to the classpath.","service":"fms-core","version":"1.0.0","environment":"default"}
{"@timestamp":"2026-02-11T09:46:59.2470841+05:30","level":"INFO","logger_name":"org.springframework.boot.actuate.endpoint.web.EndpointLinksResolver","message":"Exposing 6 endpoints beneath base path '/actuator'","service":"fms-core","version":"1.0.0","environment":"default"}
{"@timestamp":"2026-02-11T09:46:59.4060833+05:30","level":"INFO","logger_name":"org.springframework.messaging.simp.broker.SimpleBrokerMessageHandler","message":"Starting...","service":"fms-core","version":"1.0.0","environment":"default"}
{"@timestamp":"2026-02-11T09:46:59.4070814+05:30","level":"INFO","logger_name":"org.springframework.messaging.simp.broker.SimpleBrokerMessageHandler","message":"BrokerAvailabilityEvent[available=true, SimpleBrokerMessageHandler [org.springframework.messaging.simp.broker.DefaultSubscriptionRegistry@28a6d04d]]","service":"fms-core","version":"1.0.0","environment":"default"}
{"@timestamp":"2026-02-11T09:46:59.4090833+05:30","level":"INFO","logger_name":"org.springframework.messaging.simp.broker.SimpleBrokerMessageHandler","message":"Started.","service":"fms-core","version":"1.0.0","environment":"default"}
{"@timestamp":"2026-02-11T09:46:59.4260892+05:30","level":"INFO","logger_name":"org.springframework.cloud.netflix.eureka.InstanceInfoFactory","message":"Setting initial instance status as: STARTING","service":"fms-core","version":"1.0.0","environment":"default"}
{"@timestamp":"2026-02-11T09:46:59.4700848+05:30","level":"INFO","logger_name":"com.netflix.discovery.DiscoveryClient","message":"Initializing Eureka in region us-east-1","service":"fms-core","version":"1.0.0","environment":"default"}
{"@timestamp":"2026-02-11T09:46:59.478085+05:30","level":"INFO","logger_name":"com.netflix.discovery.shared.resolver.aws.ConfigClusterResolver","message":"Resolving eureka endpoints via configuration","service":"fms-core","version":"1.0.0","environment":"default"}
{"@timestamp":"2026-02-11T09:46:59.4930861+05:30","level":"INFO","logger_name":"com.netflix.discovery.DiscoveryClient","message":"Disable delta property : false","service":"fms-core","version":"1.0.0","environment":"default"}
{"@timestamp":"2026-02-11T09:46:59.4930861+05:30","level":"INFO","logger_name":"com.netflix.discovery.DiscoveryClient","message":"Single vip registry refresh property : null","service":"fms-core","version":"1.0.0","environment":"default"}
{"@timestamp":"2026-02-11T09:46:59.4940879+05:30","level":"INFO","logger_name":"com.netflix.discovery.DiscoveryClient","message":"Force full registry fetch : false","service":"fms-core","version":"1.0.0","environment":"default"}
{"@timestamp":"2026-02-11T09:46:59.4940879+05:30","level":"INFO","logger_name":"com.netflix.discovery.DiscoveryClient","message":"Application is null : false","service":"fms-core","version":"1.0.0","environment":"default"}
{"@timestamp":"2026-02-11T09:46:59.4940879+05:30","level":"INFO","logger_name":"com.netflix.discovery.DiscoveryClient","message":"Registered Applications size is zero : true","service":"fms-core","version":"1.0.0","environment":"default"}
{"@timestamp":"2026-02-11T09:46:59.495082+05:30","level":"INFO","logger_name":"com.netflix.discovery.DiscoveryClient","message":"Application version is -1: true","service":"fms-core","version":"1.0.0","environment":"default"}
{"@timestamp":"2026-02-11T09:46:59.495082+05:30","level":"INFO","logger_name":"com.netflix.discovery.DiscoveryClient","message":"Getting all instance registry info from the eureka server","service":"fms-core","version":"1.0.0","environment":"default"}
{"@timestamp":"2026-02-11T09:46:59.9430861+05:30","level":"INFO","logger_name":"com.netflix.discovery.DiscoveryClient","message":"The response status is 200","service":"fms-core","version":"1.0.0","environment":"default"}
{"@timestamp":"2026-02-11T09:46:59.946085+05:30","level":"INFO","logger_name":"com.netflix.discovery.DiscoveryClient","message":"Starting heartbeat executor: renew interval is: 30","service":"fms-core","version":"1.0.0","environment":"default"}
{"@timestamp":"2026-02-11T09:46:59.9480857+05:30","level":"INFO","logger_name":"com.netflix.discovery.InstanceInfoReplicator","message":"InstanceInfoReplicator onDemand update allowed rate per min is 4","service":"fms-core","version":"1.0.0","environment":"default"}
{"@timestamp":"2026-02-11T09:46:59.9500847+05:30","level":"INFO","logger_name":"com.netflix.discovery.DiscoveryClient","message":"Discovery Client initialized at timestamp 1770783419950 with initial instances count: 2","service":"fms-core","version":"1.0.0","environment":"default"}
{"@timestamp":"2026-02-11T09:46:59.9630862+05:30","level":"INFO","logger_name":"org.springframework.cloud.netflix.eureka.serviceregistry.EurekaServiceRegistry","message":"Registering application FMS_CORE with eureka with status UP","service":"fms-core","version":"1.0.0","environment":"default"}
{"@timestamp":"2026-02-11T09:46:59.9630862+05:30","level":"INFO","logger_name":"com.netflix.discovery.DiscoveryClient","message":"Saw local status change event StatusChangeEvent [timestamp=1770783419963, current=UP, previous=STARTING]","service":"fms-core","version":"1.0.0","environment":"default"}
{"@timestamp":"2026-02-11T09:46:59.9660841+05:30","level":"INFO","logger_name":"com.netflix.discovery.DiscoveryClient","message":"DiscoveryClient_FMS_CORE/KAVINDA5242.mshome.net:fms_core:8084: registering service...","service":"fms-core","version":"1.0.0","environment":"default"}
{"@timestamp":"2026-02-11T09:47:00.007129+05:30","level":"INFO","logger_name":"org.springframework.boot.web.embedded.tomcat.TomcatWebServer","message":"Tomcat started on port 8084 (http) with context path '/fms-core-service'","service":"fms-core","version":"1.0.0","environment":"default"}
{"@timestamp":"2026-02-11T09:47:00.0090869+05:30","level":"INFO","logger_name":"org.springframework.cloud.netflix.eureka.serviceregistry.EurekaAutoServiceRegistration","message":"Updating port to 8084","service":"fms-core","version":"1.0.0","environment":"default"}
{"@timestamp":"2026-02-11T09:47:00.033086+05:30","level":"INFO","logger_name":"com.netflix.discovery.DiscoveryClient","message":"DiscoveryClient_FMS_CORE/KAVINDA5242.mshome.net:fms_core:8084 - registration status: 204","service":"fms-core","version":"1.0.0","environment":"default"}
{"@timestamp":"2026-02-11T09:47:00.041088+05:30","level":"INFO","logger_name":"net.com.fms_core.FmsCoreApplication","message":"Started FmsCoreApplication in 20.417 seconds (process running for 23.012)","service":"fms-core","version":"1.0.0","environment":"default"}
{"@timestamp":"2026-02-11T09:47:00.872091+05:30","level":"WARN","logger_name":"org.drools.compiler.kie.builder.impl.KieProject","message":"No files found for KieBase defaultKieBase","service":"fms-core","version":"1.0.0","environment":"default"}
{"@timestamp":"2026-02-11T09:47:00.9810894+05:30","level":"WARN","logger_name":"org.drools.compiler.kie.builder.impl.KieProject","message":"No files found for KieBase defaultKieBase","service":"fms-core","version":"1.0.0","environment":"default"}
{"@timestamp":"2026-02-11T09:47:00.9940911+05:30","level":"INFO","logger_name":"org.drools.compiler.kie.builder.impl.KieContainerImpl","message":"Start creation of KieBase: defaultKieBase","service":"fms-core","version":"1.0.0","environment":"default"}
{"@timestamp":"2026-02-11T09:47:01.1500893+05:30","level":"INFO","logger_name":"org.drools.compiler.kie.builder.impl.KieContainerImpl","message":"End creation of KieBase: defaultKieBase","service":"fms-core","version":"1.0.0","environment":"default"}
{"@timestamp":"2026-02-11T09:47:01.1530898+05:30","level":"INFO","logger_name":"net.com.fms_core.config.SocketListener","message":"✅ FMS Receiver is listening on port 5000","service":"fms-core","version":"1.0.0","environment":"default"}
{"@timestamp":"2026-02-11T09:47:59.3399541+05:30","level":"INFO","logger_name":"org.springframework.web.socket.config.WebSocketMessageBrokerStats","message":"WebSocketSession[0 current WS(0)-HttpStream(0)-HttpPoll(0), 0 total, 0 closed abnormally (0 connect failure, 0 send limit, 0 transport error)], stompSubProtocol[processed CONNECT(0)-CONNECTED(0)-DISCONNECT(0)], stompBrokerRelay[null], inboundChannel[pool size = 0, active threads = 0, queued tasks = 0, completed tasks = 0], outboundChannel[pool size = 0, active threads = 0, queued tasks = 0, completed tasks = 0], sockJsScheduler[pool size = 1, active threads = 1, queued tasks = 0, completed tasks = 0]","service":"fms-core","version":"1.0.0","environment":"default"}
{"@timestamp":"2026-02-11T09:48:31.8159987+05:30","level":"INFO","logger_name":"org.apache.tomcat.util.http.parser.Cookie","message":"A cookie header was received [g_state={\"i_t\":1757581920389,\"i_l\":0};] that contained an invalid cookie. That cookie will be ignored.\n Note: further occurrences of this error will be logged at DEBUG level.","service":"fms-core","version":"1.0.0","environment":"default"}
{"@timestamp":"2026-02-11T09:48:31.8250287+05:30","level":"INFO","logger_name":"org.apache.catalina.core.ContainerBase.[Tomcat].[localhost].[/fms-core-service]","message":"Initializing Spring DispatcherServlet 'dispatcherServlet'","service":"fms-core","version":"1.0.0","environment":"default"}
{"@timestamp":"2026-02-11T09:48:31.8250287+05:30","level":"INFO","logger_name":"org.springframework.web.servlet.DispatcherServlet","message":"Initializing Servlet 'dispatcherServlet'","service":"fms-core","version":"1.0.0","environment":"default"}
{"@timestamp":"2026-02-11T09:48:31.8309966+05:30","level":"INFO","logger_name":"org.springframework.web.servlet.DispatcherServlet","message":"Completed initialization in 5 ms","service":"fms-core","version":"1.0.0","environment":"default"}
{"@timestamp":"2026-02-11T09:48:31.9269984+05:30","level":"INFO","logger_name":"org.springframework.scheduling.annotation.AnnotationAsyncExecutionInterceptor","message":"More than one TaskExecutor bean found within the context, and none is named 'taskExecutor'. Mark one of them as primary or name it 'taskExecutor' (possibly as an alias) in order to use it for async processing: [applicationTaskExecutor, clientInboundChannelExecutor, clientOutboundChannelExecutor, brokerChannelExecutor, messageBrokerTaskScheduler]","service":"fms-core","version":"1.0.0","environment":"default"}
{"@timestamp":"2026-02-11T09:48:32.5860009+05:30","level":"WARN","logger_name":"org.hibernate.engine.jdbc.spi.SqlExceptionHelper","message":"SQL Error: 1146, SQLState: 42S02","service":"fms-core","version":"1.0.0","environment":"default"}
{"@timestamp":"2026-02-11T09:48:32.5870016+05:30","level":"ERROR","logger_name":"org.hibernate.engine.jdbc.spi.SqlExceptionHelper","message":"Table 'fms.audit_log' doesn't exist","service":"fms-core","version":"1.0.0","environment":"default"}
{"@timestamp":"2026-02-11T09:48:32.5980012+05:30","level":"ERROR","logger_name":"net.com.fms_core.service.impl.AuditServiceImpl","message":"Failed to save audit log with request info","service":"fms-core","version":"1.0.0","environment":"default"}
{"@timestamp":"2026-02-11T09:48:42.0180427+05:30","level":"WARN","logger_name":"org.hibernate.engine.jdbc.spi.SqlExceptionHelper","message":"SQL Error: 1146, SQLState: 42S02","service":"fms-core","version":"1.0.0","environment":"default"}
{"@timestamp":"2026-02-11T09:48:42.0190459+05:30","level":"ERROR","logger_name":"org.hibernate.engine.jdbc.spi.SqlExceptionHelper","message":"Table 'fms.audit_log' doesn't exist","service":"fms-core","version":"1.0.0","environment":"default"}
{"@timestamp":"2026-02-11T09:48:42.0210423+05:30","level":"ERROR","logger_name":"net.com.fms_core.service.impl.AuditServiceImpl","message":"Failed to save audit log with request info","service":"fms-core","version":"1.0.0","environment":"default"}
{"@timestamp":"2026-02-11T09:48:42.0390447+05:30","level":"WARN","logger_name":"org.hibernate.engine.jdbc.spi.SqlExceptionHelper","message":"SQL Error: 1146, SQLState: 42S02","service":"fms-core","version":"1.0.0","environment":"default"}
{"@timestamp":"2026-02-11T09:48:42.0400428+05:30","level":"ERROR","logger_name":"org.hibernate.engine.jdbc.spi.SqlExceptionHelper","message":"Table 'fms.audit_log' doesn't exist","service":"fms-core","version":"1.0.0","environment":"default"}
{"@timestamp":"2026-02-11T09:48:42.0420452+05:30","level":"ERROR","logger_name":"net.com.fms_core.service.impl.AuditServiceImpl","message":"Failed to save audit log with request info","service":"fms-core","version":"1.0.0","environment":"default"}
{"@timestamp":"2026-02-11T09:48:43.2440785+05:30","level":"WARN","logger_name":"org.hibernate.engine.jdbc.spi.SqlExceptionHelper","message":"SQL Error: 1146, SQLState: 42S02","service":"fms-core","version":"1.0.0","environment":"default"}
{"@timestamp":"2026-02-11T09:48:43.2440785+05:30","level":"ERROR","logger_name":"org.hibernate.engine.jdbc.spi.SqlExceptionHelper","message":"Table 'fms.audit_log' doesn't exist","service":"fms-core","version":"1.0.0","environment":"default"}
{"@timestamp":"2026-02-11T09:48:43.2460478+05:30","level":"ERROR","logger_name":"net.com.fms_core.service.impl.AuditServiceImpl","message":"Failed to save audit log with request info","service":"fms-core","version":"1.0.0","environment":"default"}
{"@timestamp":"2026-02-11T09:48:52.1120693+05:30","level":"WARN","logger_name":"org.hibernate.engine.jdbc.spi.SqlExceptionHelper","message":"SQL Error: 1054, SQLState: 42S22","service":"fms-core","version":"1.0.0","environment":"default"}
{"@timestamp":"2026-02-11T09:48:52.113069+05:30","level":"ERROR","logger_name":"org.hibernate.engine.jdbc.spi.SqlExceptionHelper","message":"Unknown column 'th1_0.block_reason' in 'field list'","service":"fms-core","version":"1.0.0","environment":"default"}
{"@timestamp":"2026-02-11T09:48:52.3220664+05:30","level":"WARN","logger_name":"org.hibernate.engine.jdbc.spi.SqlExceptionHelper","message":"SQL Error: 1146, SQLState: 42S02","service":"fms-core","version":"1.0.0","environment":"default"}
{"@timestamp":"2026-02-11T09:48:52.3230674+05:30","level":"ERROR","logger_name":"org.hibernate.engine.jdbc.spi.SqlExceptionHelper","message":"Table 'fms.audit_log' doesn't exist","service":"fms-core","version":"1.0.0","environment":"default"}
{"@timestamp":"2026-02-11T09:48:52.3240685+05:30","level":"ERROR","logger_name":"net.com.fms_core.service.impl.AuditServiceImpl","message":"Failed to save audit log with request info","service":"fms-core","version":"1.0.0","environment":"default"}
{"@timestamp":"2026-02-11T09:48:58.6590975+05:30","level":"WARN","logger_name":"org.hibernate.engine.jdbc.spi.SqlExceptionHelper","message":"SQL Error: 1146, SQLState: 42S02","service":"fms-core","version":"1.0.0","environment":"default"}
{"@timestamp":"2026-02-11T09:48:58.6590975+05:30","level":"ERROR","logger_name":"org.hibernate.engine.jdbc.spi.SqlExceptionHelper","message":"Table 'fms.audit_log' doesn't exist","service":"fms-core","version":"1.0.0","environment":"default"}
{"@timestamp":"2026-02-11T09:48:58.6610967+05:30","level":"ERROR","logger_name":"net.com.fms_core.service.impl.AuditServiceImpl","message":"Failed to save audit log with request info","service":"fms-core","version":"1.0.0","environment":"default"}
{"@timestamp":"2026-02-11T09:48:59.0220985+05:30","level":"WARN","logger_name":"org.hibernate.engine.jdbc.spi.SqlExceptionHelper","message":"SQL Error: 1146, SQLState: 42S02","service":"fms-core","version":"1.0.0","environment":"default"}
{"@timestamp":"2026-02-11T09:48:59.0231015+05:30","level":"ERROR","logger_name":"org.hibernate.engine.jdbc.spi.SqlExceptionHelper","message":"Table 'fms.audit_log' doesn't exist","service":"fms-core","version":"1.0.0","environment":"default"}
{"@timestamp":"2026-02-11T09:48:59.0250994+05:30","level":"ERROR","logger_name":"net.com.fms_core.service.impl.AuditServiceImpl","message":"Failed to save audit log with request info","service":"fms-core","version":"1.0.0","environment":"default"}
{"@timestamp":"2026-02-11T09:49:02.2241141+05:30","level":"WARN","logger_name":"org.hibernate.engine.jdbc.spi.SqlExceptionHelper","message":"SQL Error: 1146, SQLState: 42S02","service":"fms-core","version":"1.0.0","environment":"default"}
{"@timestamp":"2026-02-11T09:49:02.2241141+05:30","level":"ERROR","logger_name":"org.hibernate.engine.jdbc.spi.SqlExceptionHelper","message":"Table 'fms.audit_log' doesn't exist","service":"fms-core","version":"1.0.0","environment":"default"}
{"@timestamp":"2026-02-11T09:49:02.2261318+05:30","level":"ERROR","logger_name":"net.com.fms_core.service.impl.AuditServiceImpl","message":"Failed to save audit log with request info","service":"fms-core","version":"1.0.0","environment":"default"}
{"@timestamp":"2026-02-11T09:49:07.7931382+05:30","level":"WARN","logger_name":"org.hibernate.engine.jdbc.spi.SqlExceptionHelper","message":"SQL Error: 1146, SQLState: 42S02","service":"fms-core","version":"1.0.0","environment":"default"}
{"@timestamp":"2026-02-11T09:49:07.7931382+05:30","level":"ERROR","logger_name":"org.hibernate.engine.jdbc.spi.SqlExceptionHelper","message":"Table 'fms.audit_log' doesn't exist","service":"fms-core","version":"1.0.0","environment":"default"}
{"@timestamp":"2026-02-11T09:49:07.7951403+05:30","level":"ERROR","logger_name":"net.com.fms_core.service.impl.AuditServiceImpl","message":"Failed to save audit log with request info","service":"fms-core","version":"1.0.0","environment":"default"}
{"@timestamp":"2026-02-11T09:51:59.5326652+05:30","level":"INFO","logger_name":"com.netflix.discovery.shared.resolver.aws.ConfigClusterResolver","message":"Resolving eureka endpoints via configuration","service":"fms-core","version":"1.0.0","environment":"default"}
{"@timestamp":"2026-02-11T09:56:59.5380826+05:30","level":"INFO","logger_name":"com.netflix.discovery.shared.resolver.aws.ConfigClusterResolver","message":"Resolving eureka endpoints via configuration","service":"fms-core","version":"1.0.0","environment":"default"}
{"@timestamp":"2026-02-11T09:58:31.4624363+05:30","level":"WARN","logger_name":"org.hibernate.engine.jdbc.spi.SqlExceptionHelper","message":"SQL Error: 1146, SQLState: 42S02","service":"fms-core","version":"1.0.0","environment":"default"}
{"@timestamp":"2026-02-11T09:58:31.4634368+05:30","level":"ERROR","logger_name":"org.hibernate.engine.jdbc.spi.SqlExceptionHelper","message":"Table 'fms.audit_log' doesn't exist","service":"fms-core","version":"1.0.0","environment":"default"}
{"@timestamp":"2026-02-11T09:58:31.4674381+05:30","level":"ERROR","logger_name":"net.com.fms_core.service.impl.AuditServiceImpl","message":"Failed to save audit log with request info","service":"fms-core","version":"1.0.0","environment":"default"}
{"@timestamp":"2026-02-11T09:58:31.4924399+05:30","level":"WARN","logger_name":"org.hibernate.engine.jdbc.spi.SqlExceptionHelper","message":"SQL Error: 1146, SQLState: 42S02","service":"fms-core","version":"1.0.0","environment":"default"}
{"@timestamp":"2026-02-11T09:58:31.4934405+05:30","level":"ERROR","logger_name":"org.hibernate.engine.jdbc.spi.SqlExceptionHelper","message":"Table 'fms.audit_log' doesn't exist","service":"fms-core","version":"1.0.0","environment":"default"}
{"@timestamp":"2026-02-11T09:58:31.4944385+05:30","level":"ERROR","logger_name":"net.com.fms_core.service.impl.AuditServiceImpl","message":"Failed to save audit log with request info","service":"fms-core","version":"1.0.0","environment":"default"}
{"@timestamp":"2026-02-11T09:58:33.6034467+05:30","level":"WARN","logger_name":"org.hibernate.engine.jdbc.spi.SqlExceptionHelper","message":"SQL Error: 1146, SQLState: 42S02","service":"fms-core","version":"1.0.0","environment":"default"}
{"@timestamp":"2026-02-11T09:58:33.6044448+05:30","level":"ERROR","logger_name":"org.hibernate.engine.jdbc.spi.SqlExceptionHelper","message":"Table 'fms.audit_log' doesn't exist","service":"fms-core","version":"1.0.0","environment":"default"}
{"@timestamp":"2026-02-11T09:58:33.6054476+05:30","level":"ERROR","logger_name":"net.com.fms_core.service.impl.AuditServiceImpl","message":"Failed to save audit log with request info","service":"fms-core","version":"1.0.0","environment":"default"}
{"@timestamp":"2026-02-11T09:58:45.5679717+05:30","level":"WARN","logger_name":"org.hibernate.engine.jdbc.spi.SqlExceptionHelper","message":"SQL Error: 1146, SQLState: 42S02","service":"fms-core","version":"1.0.0","environment":"default"}
{"@timestamp":"2026-02-11T09:58:45.5689722+05:30","level":"ERROR","logger_name":"org.hibernate.engine.jdbc.spi.SqlExceptionHelper","message":"Table 'fms.audit_log' doesn't exist","service":"fms-core","version":"1.0.0","environment":"default"}
{"@timestamp":"2026-02-11T09:58:45.5709731+05:30","level":"ERROR","logger_name":"net.com.fms_core.service.impl.AuditServiceImpl","message":"Failed to save audit log with request info","service":"fms-core","version":"1.0.0","environment":"default"}
{"@timestamp":"2026-02-11T09:58:45.8344977+05:30","level":"WARN","logger_name":"org.hibernate.engine.jdbc.spi.SqlExceptionHelper","message":"SQL Error: 1146, SQLState: 42S02","service":"fms-core","version":"1.0.0","environment":"default"}
{"@timestamp":"2026-02-11T09:58:45.8344977+05:30","level":"ERROR","logger_name":"org.hibernate.engine.jdbc.spi.SqlExceptionHelper","message":"Table 'fms.audit_log' doesn't exist","service":"fms-core","version":"1.0.0","environment":"default"}
{"@timestamp":"2026-02-11T09:58:45.836497+05:30","level":"ERROR","logger_name":"net.com.fms_core.service.impl.AuditServiceImpl","message":"Failed to save audit log with request info","service":"fms-core","version":"1.0.0","environment":"default"}
{"@timestamp":"2026-02-11T09:59:47.0980037+05:30","level":"WARN","logger_name":"org.hibernate.engine.jdbc.spi.SqlExceptionHelper","message":"SQL Error: 1146, SQLState: 42S02","service":"fms-core","version":"1.0.0","environment":"default"}
{"@timestamp":"2026-02-11T09:59:47.0990005+05:30","level":"ERROR","logger_name":"org.hibernate.engine.jdbc.spi.SqlExceptionHelper","message":"Table 'fms.audit_log' doesn't exist","service":"fms-core","version":"1.0.0","environment":"default"}
{"@timestamp":"2026-02-11T09:59:47.1000011+05:30","level":"ERROR","logger_name":"net.com.fms_core.service.impl.AuditServiceImpl","message":"Failed to save audit log with request info","service":"fms-core","version":"1.0.0","environment":"default"}
{"@timestamp":"2026-02-11T09:59:47.1010013+05:30","level":"WARN","logger_name":"org.hibernate.engine.jdbc.spi.SqlExceptionHelper","message":"SQL Error: 1146, SQLState: 42S02","service":"fms-core","version":"1.0.0","environment":"default"}
{"@timestamp":"2026-02-11T09:59:47.1010013+05:30","level":"ERROR","logger_name":"org.hibernate.engine.jdbc.spi.SqlExceptionHelper","message":"Table 'fms.audit_log' doesn't exist","service":"fms-core","version":"1.0.0","environment":"default"}
{"@timestamp":"2026-02-11T09:59:47.1030013+05:30","level":"ERROR","logger_name":"net.com.fms_core.service.impl.AuditServiceImpl","message":"Failed to save audit log with request info","service":"fms-core","version":"1.0.0","environment":"default"}
{"@timestamp":"2026-02-11T10:01:59.554902+05:30","level":"INFO","logger_name":"com.netflix.discovery.shared.resolver.aws.ConfigClusterResolver","message":"Resolving eureka endpoints via configuration","service":"fms-core","version":"1.0.0","environment":"default"}
{"@timestamp":"2026-02-11T10:02:40.9933871+05:30","level":"WARN","logger_name":"org.hibernate.engine.jdbc.spi.SqlExceptionHelper","message":"SQL Error: 1146, SQLState: 42S02","service":"fms-core","version":"1.0.0","environment":"default"}
{"@timestamp":"2026-02-11T10:02:40.9933871+05:30","level":"ERROR","logger_name":"org.hibernate.engine.jdbc.spi.SqlExceptionHelper","message":"Table 'fms.audit_log' doesn't exist","service":"fms-core","version":"1.0.0","environment":"default"}
{"@timestamp":"2026-02-11T10:02:40.9953826+05:30","level":"ERROR","logger_name":"net.com.fms_core.service.impl.AuditServiceImpl","message":"Failed to save audit log with request info","service":"fms-core","version":"1.0.0","environment":"default"}
{"@timestamp":"2026-02-11T10:02:41.0123855+05:30","level":"WARN","logger_name":"org.hibernate.engine.jdbc.spi.SqlExceptionHelper","message":"SQL Error: 1146, SQLState: 42S02","service":"fms-core","version":"1.0.0","environment":"default"}
{"@timestamp":"2026-02-11T10:02:41.0133848+05:30","level":"ERROR","logger_name":"org.hibernate.engine.jdbc.spi.SqlExceptionHelper","message":"Table 'fms.audit_log' doesn't exist","service":"fms-core","version":"1.0.0","environment":"default"}
{"@timestamp":"2026-02-11T10:02:41.0143843+05:30","level":"ERROR","logger_name":"net.com.fms_core.service.impl.AuditServiceImpl","message":"Failed to save audit log with request info","service":"fms-core","version":"1.0.0","environment":"default"}
{"@timestamp":"2026-02-11T10:06:05.5989611+05:30","level":"WARN","logger_name":"org.hibernate.engine.jdbc.spi.SqlExceptionHelper","message":"SQL Error: 1146, SQLState: 42S02","service":"fms-core","version":"1.0.0","environment":"default"}
{"@timestamp":"2026-02-11T10:06:05.5999629+05:30","level":"ERROR","logger_name":"org.hibernate.engine.jdbc.spi.SqlExceptionHelper","message":"Table 'fms.audit_log' doesn't exist","service":"fms-core","version":"1.0.0","environment":"default"}
{"@timestamp":"2026-02-11T10:06:05.6019602+05:30","level":"ERROR","logger_name":"net.com.fms_core.service.impl.AuditServiceImpl","message":"Failed to save audit log with request info","service":"fms-core","version":"1.0.0","environment":"default"}
{"@timestamp":"2026-02-11T10:06:05.6959603+05:30","level":"WARN","logger_name":"org.hibernate.engine.jdbc.spi.SqlExceptionHelper","message":"SQL Error: 1146, SQLState: 42S02","service":"fms-core","version":"1.0.0","environment":"default"}
{"@timestamp":"2026-02-11T10:06:05.6959603+05:30","level":"ERROR","logger_name":"org.hibernate.engine.jdbc.spi.SqlExceptionHelper","message":"Table 'fms.audit_log' doesn't exist","service":"fms-core","version":"1.0.0","environment":"default"}
{"@timestamp":"2026-02-11T10:06:05.698962+05:30","level":"ERROR","logger_name":"net.com.fms_core.service.impl.AuditServiceImpl","message":"Failed to save audit log with request info","service":"fms-core","version":"1.0.0","environment":"default"}
{"@timestamp":"2026-02-11T10:06:59.5847521+05:30","level":"INFO","logger_name":"com.netflix.discovery.shared.resolver.aws.ConfigClusterResolver","message":"Resolving eureka endpoints via configuration","service":"fms-core","version":"1.0.0","environment":"default"}
{"@timestamp":"2026-02-11T10:11:06.0732986+05:30","level":"WARN","logger_name":"org.hibernate.engine.jdbc.spi.SqlExceptionHelper","message":"SQL Error: 1146, SQLState: 42S02","service":"fms-core","version":"1.0.0","environment":"default"}
{"@timestamp":"2026-02-11T10:11:06.0742996+05:30","level":"ERROR","logger_name":"org.hibernate.engine.jdbc.spi.SqlExceptionHelper","message":"Table 'fms.audit_log' doesn't exist","service":"fms-core","version":"1.0.0","environment":"default"}
{"@timestamp":"2026-02-11T10:11:06.0762997+05:30","level":"ERROR","logger_name":"net.com.fms_core.service.impl.AuditServiceImpl","message":"Failed to save audit log with request info","service":"fms-core","version":"1.0.0","environment":"default"}
{"@timestamp":"2026-02-11T10:11:06.3813072+05:30","level":"WARN","logger_name":"org.hibernate.engine.jdbc.spi.SqlExceptionHelper","message":"SQL Error: 1146, SQLState: 42S02","service":"fms-core","version":"1.0.0","environment":"default"}
{"@timestamp":"2026-02-11T10:11:06.3813072+05:30","level":"ERROR","logger_name":"org.hibernate.engine.jdbc.spi.SqlExceptionHelper","message":"Table 'fms.audit_log' doesn't exist","service":"fms-core","version":"1.0.0","environment":"default"}
{"@timestamp":"2026-02-11T10:11:06.3843064+05:30","level":"ERROR","logger_name":"net.com.fms_core.service.impl.AuditServiceImpl","message":"Failed to save audit log with request info","service":"fms-core","version":"1.0.0","environment":"default"}
{"@timestamp":"2026-02-11T10:11:06.4223065+05:30","level":"WARN","logger_name":"org.hibernate.engine.jdbc.spi.SqlExceptionHelper","message":"SQL Error: 1146, SQLState: 42S02","service":"fms-core","version":"1.0.0","environment":"default"}
{"@timestamp":"2026-02-11T10:11:06.4233029+05:30","level":"ERROR","logger_name":"org.hibernate.engine.jdbc.spi.SqlExceptionHelper","message":"Table 'fms.audit_log' doesn't exist","service":"fms-core","version":"1.0.0","environment":"default"}
{"@timestamp":"2026-02-11T10:11:06.4253048+05:30","level":"ERROR","logger_name":"net.com.fms_core.service.impl.AuditServiceImpl","message":"Failed to save audit log with request info","service":"fms-core","version":"1.0.0","environment":"default"}
{"@timestamp":"2026-02-11T10:11:07.2103215+05:30","level":"WARN","logger_name":"org.hibernate.engine.jdbc.spi.SqlExceptionHelper","message":"SQL Error: 1146, SQLState: 42S02","service":"fms-core","version":"1.0.0","environment":"default"}
{"@timestamp":"2026-02-11T10:11:07.2113196+05:30","level":"ERROR","logger_name":"org.hibernate.engine.jdbc.spi.SqlExceptionHelper","message":"Table 'fms.audit_log' doesn't exist","service":"fms-core","version":"1.0.0","environment":"default"}
{"@timestamp":"2026-02-11T10:11:07.2123229+05:30","level":"ERROR","logger_name":"net.com.fms_core.service.impl.AuditServiceImpl","message":"Failed to save audit log with request info","service":"fms-core","version":"1.0.0","environment":"default"}
{"@timestamp":"2026-02-11T10:11:09.3328806+05:30","level":"WARN","logger_name":"org.hibernate.engine.jdbc.spi.SqlExceptionHelper","message":"SQL Error: 1146, SQLState: 42S02","service":"fms-core","version":"1.0.0","environment":"default"}
{"@timestamp":"2026-02-11T10:11:09.3328806+05:30","level":"ERROR","logger_name":"org.hibernate.engine.jdbc.spi.SqlExceptionHelper","message":"Table 'fms.audit_log' doesn't exist","service":"fms-core","version":"1.0.0","environment":"default"}
{"@timestamp":"2026-02-11T10:11:09.3348826+05:30","level":"ERROR","logger_name":"net.com.fms_core.service.impl.AuditServiceImpl","message":"Failed to save audit log with request info","service":"fms-core","version":"1.0.0","environment":"default"}
{"@timestamp":"2026-02-11T10:11:10.2568984+05:30","level":"WARN","logger_name":"org.hibernate.engine.jdbc.spi.SqlExceptionHelper","message":"SQL Error: 1054, SQLState: 42S22","service":"fms-core","version":"1.0.0","environment":"default"}
{"@timestamp":"2026-02-11T10:11:10.2578968+05:30","level":"ERROR","logger_name":"org.hibernate.engine.jdbc.spi.SqlExceptionHelper","message":"Unknown column 'th1_0.block_reason' in 'field list'","service":"fms-core","version":"1.0.0","environment":"default"}
{"@timestamp":"2026-02-11T10:11:59.5928059+05:30","level":"INFO","logger_name":"com.netflix.discovery.shared.resolver.aws.ConfigClusterResolver","message":"Resolving eureka endpoints via configuration","service":"fms-core","version":"1.0.0","environment":"default"}
{"@timestamp":"2026-02-11T10:14:04.5904825+05:30","level":"WARN","logger_name":"org.hibernate.engine.jdbc.spi.SqlExceptionHelper","message":"SQL Error: 1146, SQLState: 42S02","service":"fms-core","version":"1.0.0","environment":"default"}
{"@timestamp":"2026-02-11T10:14:04.5934822+05:30","level":"ERROR","logger_name":"org.hibernate.engine.jdbc.spi.SqlExceptionHelper","message":"Table 'fms.audit_log' doesn't exist","service":"fms-core","version":"1.0.0","environment":"default"}
{"@timestamp":"2026-02-11T10:14:04.5984826+05:30","level":"ERROR","logger_name":"net.com.fms_core.service.impl.AuditServiceImpl","message":"Failed to save audit log with request info","service":"fms-core","version":"1.0.0","environment":"default"}
{"@timestamp":"2026-02-11T10:14:05.1924975+05:30","level":"WARN","logger_name":"org.hibernate.engine.jdbc.spi.SqlExceptionHelper","message":"SQL Error: 1054, SQLState: 42S22","service":"fms-core","version":"1.0.0","environment":"default"}
{"@timestamp":"2026-02-11T10:14:05.3965+05:30","level":"ERROR","logger_name":"org.hibernate.engine.jdbc.spi.SqlExceptionHelper","message":"Unknown column 'fe1_0.payment_network' in 'field list'","service":"fms-core","version":"1.0.0","environment":"default"}
{"@timestamp":"2026-02-11T10:14:05.4734957+05:30","level":"ERROR","logger_name":"net.com.fms_core.exception.handler.GlobalExceptionHandler","message":"Exception: Transaction silently rolled back because it has been marked as rollback-only","service":"fms-core","version":"1.0.0","environment":"default"}
{"@timestamp":"2026-02-11T10:14:05.5234972+05:30","level":"WARN","logger_name":"org.springframework.web.servlet.mvc.method.annotation.ExceptionHandlerExceptionResolver","message":"Resolved [org.springframework.transaction.UnexpectedRollbackException: Transaction silently rolled back because it has been marked as rollback-only]","service":"fms-core","version":"1.0.0","environment":"default"}
{"@timestamp":"2026-02-11T10:14:05.8175029+05:30","level":"WARN","logger_name":"org.hibernate.engine.jdbc.spi.SqlExceptionHelper","message":"SQL Error: 1146, SQLState: 42S02","service":"fms-core","version":"1.0.0","environment":"default"}
{"@timestamp":"2026-02-11T10:14:05.8185069+05:30","level":"ERROR","logger_name":"org.hibernate.engine.jdbc.spi.SqlExceptionHelper","message":"Table 'fms.audit_log' doesn't exist","service":"fms-core","version":"1.0.0","environment":"default"}
{"@timestamp":"2026-02-11T10:14:05.8195076+05:30","level":"ERROR","logger_name":"net.com.fms_core.service.impl.AuditServiceImpl","message":"Failed to save audit log with request info","service":"fms-core","version":"1.0.0","environment":"default"}
{"@timestamp":"2026-02-11T10:14:22.1379896+05:30","level":"WARN","logger_name":"org.hibernate.engine.jdbc.spi.SqlExceptionHelper","message":"SQL Error: 1146, SQLState: 42S02","service":"fms-core","version":"1.0.0","environment":"default"}
{"@timestamp":"2026-02-11T10:14:22.138989+05:30","level":"ERROR","logger_name":"org.hibernate.engine.jdbc.spi.SqlExceptionHelper","message":"Table 'fms.audit_log' doesn't exist","service":"fms-core","version":"1.0.0","environment":"default"}
{"@timestamp":"2026-02-11T10:14:22.1409896+05:30","level":"ERROR","logger_name":"net.com.fms_core.service.impl.AuditServiceImpl","message":"Failed to save audit log with request info","service":"fms-core","version":"1.0.0","environment":"default"}
{"@timestamp":"2026-02-11T10:14:22.1639867+05:30","level":"WARN","logger_name":"org.hibernate.engine.jdbc.spi.SqlExceptionHelper","message":"SQL Error: 1054, SQLState: 42S22","service":"fms-core","version":"1.0.0","environment":"default"}
{"@timestamp":"2026-02-11T10:14:22.1639867+05:30","level":"ERROR","logger_name":"org.hibernate.engine.jdbc.spi.SqlExceptionHelper","message":"Unknown column 'fe1_0.payment_network' in 'field list'","service":"fms-core","version":"1.0.0","environment":"default"}
{"@timestamp":"2026-02-11T10:14:22.1789912+05:30","level":"ERROR","logger_name":"net.com.fms_core.exception.handler.GlobalExceptionHandler","message":"Exception: Transaction silently rolled back because it has been marked as rollback-only","service":"fms-core","version":"1.0.0","environment":"default"}
{"@timestamp":"2026-02-11T10:14:22.1809902+05:30","level":"WARN","logger_name":"org.springframework.web.servlet.mvc.method.annotation.ExceptionHandlerExceptionResolver","message":"Resolved [org.springframework.transaction.UnexpectedRollbackException: Transaction silently rolled back because it has been marked as rollback-only]","service":"fms-core","version":"1.0.0","environment":"default"}
{"@timestamp":"2026-02-11T10:14:22.6350008+05:30","level":"WARN","logger_name":"org.hibernate.engine.jdbc.spi.SqlExceptionHelper","message":"SQL Error: 1146, SQLState: 42S02","service":"fms-core","version":"1.0.0","environment":"default"}
{"@timestamp":"2026-02-11T10:14:22.6359999+05:30","level":"ERROR","logger_name":"org.hibernate.engine.jdbc.spi.SqlExceptionHelper","message":"Table 'fms.audit_log' doesn't exist","service":"fms-core","version":"1.0.0","environment":"default"}
{"@timestamp":"2026-02-11T10:14:22.6379992+05:30","level":"ERROR","logger_name":"net.com.fms_core.service.impl.AuditServiceImpl","message":"Failed to save audit log with request info","service":"fms-core","version":"1.0.0","environment":"default"}
{"@timestamp":"2026-02-11T10:14:25.8180552+05:30","level":"WARN","logger_name":"org.hibernate.engine.jdbc.spi.SqlExceptionHelper","message":"SQL Error: 1146, SQLState: 42S02","service":"fms-core","version":"1.0.0","environment":"default"}
{"@timestamp":"2026-02-11T10:14:25.8180552+05:30","level":"ERROR","logger_name":"org.hibernate.engine.jdbc.spi.SqlExceptionHelper","message":"Table 'fms.audit_log' doesn't exist","service":"fms-core","version":"1.0.0","environment":"default"}
{"@timestamp":"2026-02-11T10:14:25.8200793+05:30","level":"ERROR","logger_name":"net.com.fms_core.service.impl.AuditServiceImpl","message":"Failed to save audit log with request info","service":"fms-core","version":"1.0.0","environment":"default"}
{"@timestamp":"2026-02-11T10:14:30.2256209+05:30","level":"WARN","logger_name":"org.hibernate.engine.jdbc.spi.SqlExceptionHelper","message":"SQL Error: 1146, SQLState: 42S02","service":"fms-core","version":"1.0.0","environment":"default"}
{"@timestamp":"2026-02-11T10:14:30.2256209+05:30","level":"ERROR","logger_name":"org.hibernate.engine.jdbc.spi.SqlExceptionHelper","message":"Table 'fms.audit_log' doesn't exist","service":"fms-core","version":"1.0.0","environment":"default"}
{"@timestamp":"2026-02-11T10:14:30.2266356+05:30","level":"ERROR","logger_name":"net.com.fms_core.service.impl.AuditServiceImpl","message":"Failed to save audit log with request info","service":"fms-core","version":"1.0.0","environment":"default"}
{"@timestamp":"2026-02-11T10:15:54.883238+05:30","level":"WARN","logger_name":"org.hibernate.engine.jdbc.spi.SqlExceptionHelper","message":"SQL Error: 1146, SQLState: 42S02","service":"fms-core","version":"1.0.0","environment":"default"}
{"@timestamp":"2026-02-11T10:15:54.8842393+05:30","level":"ERROR","logger_name":"org.hibernate.engine.jdbc.spi.SqlExceptionHelper","message":"Table 'fms.audit_log' doesn't exist","service":"fms-core","version":"1.0.0","environment":"default"}
{"@timestamp":"2026-02-11T10:15:54.8872377+05:30","level":"ERROR","logger_name":"net.com.fms_core.service.impl.AuditServiceImpl","message":"Failed to save audit log with request info","service":"fms-core","version":"1.0.0","environment":"default"}
{"@timestamp":"2026-02-11T10:15:55.9252477+05:30","level":"WARN","logger_name":"org.hibernate.engine.jdbc.spi.SqlExceptionHelper","message":"SQL Error: 1146, SQLState: 42S02","service":"fms-core","version":"1.0.0","environment":"default"}
{"@timestamp":"2026-02-11T10:15:55.9262489+05:30","level":"ERROR","logger_name":"org.hibernate.engine.jdbc.spi.SqlExceptionHelper","message":"Table 'fms.audit_log' doesn't exist","service":"fms-core","version":"1.0.0","environment":"default"}
{"@timestamp":"2026-02-11T10:15:55.9272509+05:30","level":"ERROR","logger_name":"net.com.fms_core.service.impl.AuditServiceImpl","message":"Failed to save audit log with request info","service":"fms-core","version":"1.0.0","environment":"default"}
{"@timestamp":"2026-02-11T10:15:56.0872484+05:30","level":"WARN","logger_name":"org.hibernate.engine.jdbc.spi.SqlExceptionHelper","message":"SQL Error: 1146, SQLState: 42S02","service":"fms-core","version":"1.0.0","environment":"default"}
{"@timestamp":"2026-02-11T10:15:56.0882478+05:30","level":"ERROR","logger_name":"org.hibernate.engine.jdbc.spi.SqlExceptionHelper","message":"Table 'fms.audit_log' doesn't exist","service":"fms-core","version":"1.0.0","environment":"default"}
{"@timestamp":"2026-02-11T10:15:56.0902499+05:30","level":"ERROR","logger_name":"net.com.fms_core.service.impl.AuditServiceImpl","message":"Failed to save audit log with request info","service":"fms-core","version":"1.0.0","environment":"default"}
{"@timestamp":"2026-02-11T10:16:15.4081247+05:30","level":"WARN","logger_name":"org.hibernate.engine.jdbc.spi.SqlExceptionHelper","message":"SQL Error: 1146, SQLState: 42S02","service":"fms-core","version":"1.0.0","environment":"default"}
{"@timestamp":"2026-02-11T10:16:15.409132+05:30","level":"ERROR","logger_name":"org.hibernate.engine.jdbc.spi.SqlExceptionHelper","message":"Table 'fms.audit_log' doesn't exist","service":"fms-core","version":"1.0.0","environment":"default"}
{"@timestamp":"2026-02-11T10:16:15.4101265+05:30","level":"ERROR","logger_name":"net.com.fms_core.service.impl.AuditServiceImpl","message":"Failed to save audit log with request info","service":"fms-core","version":"1.0.0","environment":"default"}
{"@timestamp":"2026-02-11T10:16:15.4221229+05:30","level":"WARN","logger_name":"org.hibernate.engine.jdbc.spi.SqlExceptionHelper","message":"SQL Error: 1146, SQLState: 42S02","service":"fms-core","version":"1.0.0","environment":"default"}
{"@timestamp":"2026-02-11T10:16:15.4231253+05:30","level":"ERROR","logger_name":"org.hibernate.engine.jdbc.spi.SqlExceptionHelper","message":"Table 'fms.audit_log' doesn't exist","service":"fms-core","version":"1.0.0","environment":"default"}
{"@timestamp":"2026-02-11T10:16:15.4251243+05:30","level":"ERROR","logger_name":"net.com.fms_core.service.impl.AuditServiceImpl","message":"Failed to save audit log with request info","service":"fms-core","version":"1.0.0","environment":"default"}
{"@timestamp":"2026-02-11T10:16:27.7522715+05:30","level":"WARN","logger_name":"org.hibernate.engine.jdbc.spi.SqlExceptionHelper","message":"SQL Error: 1146, SQLState: 42S02","service":"fms-core","version":"1.0.0","environment":"default"}
{"@timestamp":"2026-02-11T10:16:27.7532687+05:30","level":"ERROR","logger_name":"org.hibernate.engine.jdbc.spi.SqlExceptionHelper","message":"Table 'fms.audit_log' doesn't exist","service":"fms-core","version":"1.0.0","environment":"default"}
{"@timestamp":"2026-02-11T10:16:27.75427+05:30","level":"ERROR","logger_name":"net.com.fms_core.service.impl.AuditServiceImpl","message":"Failed to save audit log with request info","service":"fms-core","version":"1.0.0","environment":"default"}
{"@timestamp":"2026-02-11T10:16:34.0303192+05:30","level":"WARN","logger_name":"org.hibernate.engine.jdbc.spi.SqlExceptionHelper","message":"SQL Error: 1146, SQLState: 42S02","service":"fms-core","version":"1.0.0","environment":"default"}
{"@timestamp":"2026-02-11T10:16:34.0313213+05:30","level":"ERROR","logger_name":"org.hibernate.engine.jdbc.spi.SqlExceptionHelper","message":"Table 'fms.audit_log' doesn't exist","service":"fms-core","version":"1.0.0","environment":"default"}
{"@timestamp":"2026-02-11T10:16:34.0323334+05:30","level":"ERROR","logger_name":"net.com.fms_core.service.impl.AuditServiceImpl","message":"Failed to save audit log with request info","service":"fms-core","version":"1.0.0","environment":"default"}
{"@timestamp":"2026-02-11T10:16:49.8026992+05:30","level":"WARN","logger_name":"org.hibernate.engine.jdbc.spi.SqlExceptionHelper","message":"SQL Error: 1146, SQLState: 42S02","service":"fms-core","version":"1.0.0","environment":"default"}
{"@timestamp":"2026-02-11T10:16:49.8037083+05:30","level":"ERROR","logger_name":"org.hibernate.engine.jdbc.spi.SqlExceptionHelper","message":"Table 'fms.audit_log' doesn't exist","service":"fms-core","version":"1.0.0","environment":"default"}
{"@timestamp":"2026-02-11T10:16:49.8086898+05:30","level":"ERROR","logger_name":"net.com.fms_core.service.impl.AuditServiceImpl","message":"Failed to save audit log with request info","service":"fms-core","version":"1.0.0","environment":"default"}
{"@timestamp":"2026-02-11T10:16:50.1577016+05:30","level":"WARN","logger_name":"org.hibernate.engine.jdbc.spi.SqlExceptionHelper","message":"SQL Error: 1054, SQLState: 42S22","service":"fms-core","version":"1.0.0","environment":"default"}
{"@timestamp":"2026-02-11T10:16:50.1577016+05:30","level":"ERROR","logger_name":"org.hibernate.engine.jdbc.spi.SqlExceptionHelper","message":"Unknown column 'th1_0.block_reason' in 'field list'","service":"fms-core","version":"1.0.0","environment":"default"}
{"@timestamp":"2026-02-11T10:16:59.606762+05:30","level":"INFO","logger_name":"com.netflix.discovery.shared.resolver.aws.ConfigClusterResolver","message":"Resolving eureka endpoints via configuration","service":"fms-core","version":"1.0.0","environment":"default"}
{"@timestamp":"2026-02-11T10:17:59.3900769+05:30","level":"INFO","logger_name":"org.springframework.web.socket.config.WebSocketMessageBrokerStats","message":"WebSocketSession[0 current WS(0)-HttpStream(0)-HttpPoll(0), 0 total, 0 closed abnormally (0 connect failure, 0 send limit, 0 transport error)], stompSubProtocol[processed CONNECT(0)-CONNECTED(0)-DISCONNECT(0)], stompBrokerRelay[null], inboundChannel[pool size = 0, active threads = 0, queued tasks = 0, completed tasks = 0], outboundChannel[pool size = 0, active threads = 0, queued tasks = 0, completed tasks = 0], sockJsScheduler[pool size = 2, active threads = 1, queued tasks = 0, completed tasks = 1]","service":"fms-core","version":"1.0.0","environment":"default"}
{"@timestamp":"2026-02-11T10:18:05.3581257+05:30","level":"WARN","logger_name":"org.hibernate.engine.jdbc.spi.SqlExceptionHelper","message":"SQL Error: 1054, SQLState: 42S22","service":"fms-core","version":"1.0.0","environment":"default"}
{"@timestamp":"2026-02-11T10:18:05.3581257+05:30","level":"ERROR","logger_name":"org.hibernate.engine.jdbc.spi.SqlExceptionHelper","message":"Unknown column 'fe1_0.payment_network' in 'field list'","service":"fms-core","version":"1.0.0","environment":"default"}
{"@timestamp":"2026-02-11T10:18:05.8711639+05:30","level":"WARN","logger_name":"org.hibernate.engine.jdbc.spi.SqlExceptionHelper","message":"SQL Error: 1146, SQLState: 42S02","service":"fms-core","version":"1.0.0","environment":"default"}
{"@timestamp":"2026-02-11T10:18:05.8721446+05:30","level":"ERROR","logger_name":"org.hibernate.engine.jdbc.spi.SqlExceptionHelper","message":"Table 'fms.audit_log' doesn't exist","service":"fms-core","version":"1.0.0","environment":"default"}
{"@timestamp":"2026-02-11T10:18:05.8741313+05:30","level":"ERROR","logger_name":"net.com.fms_core.service.impl.AuditServiceImpl","message":"Failed to save audit log with request info","service":"fms-core","version":"1.0.0","environment":"default"}
{"@timestamp":"2026-02-11T10:18:07.3981429+05:30","level":"ERROR","logger_name":"net.com.fms_core.exception.handler.GlobalExceptionHandler","message":"Exception: Transaction silently rolled back because it has been marked as rollback-only","service":"fms-core","version":"1.0.0","environment":"default"}
{"@timestamp":"2026-02-11T10:18:07.4001814+05:30","level":"WARN","logger_name":"org.springframework.web.servlet.mvc.method.annotation.ExceptionHandlerExceptionResolver","message":"Resolved [org.springframework.transaction.UnexpectedRollbackException: Transaction silently rolled back because it has been marked as rollback-only]","service":"fms-core","version":"1.0.0","environment":"default"}
{"@timestamp":"2026-02-11T10:18:07.6281455+05:30","level":"WARN","logger_name":"org.hibernate.engine.jdbc.spi.SqlExceptionHelper","message":"SQL Error: 1146, SQLState: 42S02","service":"fms-core","version":"1.0.0","environment":"default"}
{"@timestamp":"2026-02-11T10:18:07.6281455+05:30","level":"ERROR","logger_name":"org.hibernate.engine.jdbc.spi.SqlExceptionHelper","message":"Table 'fms.audit_log' doesn't exist","service":"fms-core","version":"1.0.0","environment":"default"}
{"@timestamp":"2026-02-11T10:18:07.6291463+05:30","level":"ERROR","logger_name":"net.com.fms_core.service.impl.AuditServiceImpl","message":"Failed to save audit log with request info","service":"fms-core","version":"1.0.0","environment":"default"}
{"@timestamp":"2026-02-11T10:20:52.5475826+05:30","level":"INFO","logger_name":"org.springframework.cloud.netflix.eureka.serviceregistry.EurekaServiceRegistry","message":"Unregistering application FMS_CORE with eureka with status DOWN","service":"fms-core","version":"1.0.0","environment":"default"}
{"@timestamp":"2026-02-11T10:20:52.5495832+05:30","level":"INFO","logger_name":"com.netflix.discovery.DiscoveryClient","message":"Saw local status change event StatusChangeEvent [timestamp=1770785452549, current=DOWN, previous=UP]","service":"fms-core","version":"1.0.0","environment":"default"}
{"@timestamp":"2026-02-11T10:20:52.5495832+05:30","level":"INFO","logger_name":"com.netflix.discovery.DiscoveryClient","message":"DiscoveryClient_FMS_CORE/KAVINDA5242.mshome.net:fms_core:8084: registering service...","service":"fms-core","version":"1.0.0","environment":"default"}
{"@timestamp":"2026-02-11T10:20:52.5905824+05:30","level":"INFO","logger_name":"com.netflix.discovery.DiscoveryClient","message":"DiscoveryClient_FMS_CORE/KAVINDA5242.mshome.net:fms_core:8084 - registration status: 204","service":"fms-core","version":"1.0.0","environment":"default"}
{"@timestamp":"2026-02-11T10:20:52.6305823+05:30","level":"INFO","logger_name":"org.springframework.boot.web.embedded.tomcat.GracefulShutdown","message":"Commencing graceful shutdown. Waiting for active requests to complete","service":"fms-core","version":"1.0.0","environment":"default"}
{"@timestamp":"2026-02-11T10:21:32.7683756+05:30","level":"INFO","logger_name":"net.com.fms_core.FmsCoreApplication","message":"Starting FmsCoreApplication using Java 21.0.2 with PID 20948 (C:\\Users\\kavinda_d\\Documents\\e soft\\final project\\project\\fms backend\\fms_core\\target\\classes started by kavinda_d in C:\\Users\\kavinda_d\\Documents\\e soft\\final project\\project\\fms backend)","service":"fms-core","version":"1.0.0","environment":"default"}
{"@timestamp":"2026-02-11T10:21:32.7853718+05:30","level":"DEBUG","logger_name":"net.com.fms_core.FmsCoreApplication","message":"Running with Spring Boot v3.4.4, Spring v6.2.5","service":"fms-core","version":"1.0.0","environment":"default"}
{"@timestamp":"2026-02-11T10:21:32.7873725+05:30","level":"INFO","logger_name":"net.com.fms_core.FmsCoreApplication","message":"The following 1 profile is active: \"dev\"","service":"fms-core","version":"1.0.0","environment":"default"}
{"@timestamp":"2026-02-11T10:21:32.9263691+05:30","level":"INFO","logger_name":"org.springframework.cloud.config.client.ConfigServerConfigDataLoader","message":"Fetching config from server at : http://localhost:8888","service":"fms-core","version":"1.0.0","environment":"default"}
{"@timestamp":"2026-02-11T10:21:32.9273712+05:30","level":"INFO","logger_name":"org.springframework.cloud.config.client.ConfigServerConfigDataLoader","message":"Located environment: name=fms_core, profiles=[dev], label=null, version=null, state=null","service":"fms-core","version":"1.0.0","environment":"default"}
{"@timestamp":"2026-02-11T10:21:32.9303732+05:30","level":"INFO","logger_name":"org.springframework.boot.devtools.env.DevToolsPropertyDefaultsPostProcessor","message":"Devtools property defaults active! Set 'spring.devtools.add-properties' to 'false' to disable","service":"fms-core","version":"1.0.0","environment":"default"}
{"@timestamp":"2026-02-11T10:21:32.9313693+05:30","level":"INFO","logger_name":"org.springframework.boot.devtools.env.DevToolsPropertyDefaultsPostProcessor","message":"For additional web related logging consider setting the 'logging.level.web' property to 'DEBUG'","service":"fms-core","version":"1.0.0","environment":"default"}
{"@timestamp":"2026-02-11T10:21:35.6793826+05:30","level":"INFO","logger_name":"org.springframework.data.repository.config.RepositoryConfigurationDelegate","message":"Bootstrapping Spring Data JPA repositories in DEFAULT mode.","service":"fms-core","version":"1.0.0","environment":"default"}
{"@timestamp":"2026-02-11T10:21:36.306383+05:30","level":"INFO","logger_name":"org.springframework.data.repository.config.RepositoryConfigurationDelegate","message":"Finished Spring Data repository scanning in 604 ms. Found 19 JPA repository interfaces.","service":"fms-core","version":"1.0.0","environment":"default"}
{"@timestamp":"2026-02-11T10:21:37.3363851+05:30","level":"INFO","logger_name":"org.springframework.cloud.context.scope.GenericScope","message":"BeanFactory id=10a06e1a-2004-3de4-b0bc-71e62f26c2cc","service":"fms-core","version":"1.0.0","environment":"default"}
{"@timestamp":"2026-02-11T10:21:39.3983943+05:30","level":"INFO","logger_name":"org.springframework.boot.web.embedded.tomcat.TomcatWebServer","message":"Tomcat initialized with port 8084 (http)","service":"fms-core","version":"1.0.0","environment":"default"}
{"@timestamp":"2026-02-11T10:21:39.4243958+05:30","level":"INFO","logger_name":"org.apache.catalina.core.StandardService","message":"Starting service [Tomcat]","service":"fms-core","version":"1.0.0","environment":"default"}
{"@timestamp":"2026-02-11T10:21:39.4253963+05:30","level":"INFO","logger_name":"org.apache.catalina.core.StandardEngine","message":"Starting Servlet engine: [Apache Tomcat/10.1.39]","service":"fms-core","version":"1.0.0","environment":"default"}
{"@timestamp":"2026-02-11T10:21:39.5443997+05:30","level":"INFO","logger_name":"org.apache.catalina.core.ContainerBase.[Tomcat].[localhost].[/fms-core-service]","message":"Initializing Spring embedded WebApplicationContext","service":"fms-core","version":"1.0.0","environment":"default"}
{"@timestamp":"2026-02-11T10:21:39.5453953+05:30","level":"INFO","logger_name":"org.springframework.boot.web.servlet.context.ServletWebServerApplicationContext","message":"Root WebApplicationContext: initialization completed in 6613 ms","service":"fms-core","version":"1.0.0","environment":"default"}
{"@timestamp":"2026-02-11T10:21:40.4904028+05:30","level":"INFO","logger_name":"com.zaxxer.hikari.HikariDataSource","message":"HikariPool-1 - Starting...","service":"fms-core","version":"1.0.0","environment":"default"}
{"@timestamp":"2026-02-11T10:21:40.8754001+05:30","level":"INFO","logger_name":"com.zaxxer.hikari.pool.HikariPool","message":"HikariPool-1 - Added connection com.mysql.cj.jdbc.ConnectionImpl@255a5be2","service":"fms-core","version":"1.0.0","environment":"default"}
{"@timestamp":"2026-02-11T10:21:40.8784002+05:30","level":"INFO","logger_name":"com.zaxxer.hikari.HikariDataSource","message":"HikariPool-1 - Start completed.","service":"fms-core","version":"1.0.0","environment":"default"}
{"@timestamp":"2026-02-11T10:21:40.9753986+05:30","level":"INFO","logger_name":"org.hibernate.jpa.internal.util.LogHelper","message":"HHH000204: Processing PersistenceUnitInfo [name: default]","service":"fms-core","version":"1.0.0","environment":"default"}
{"@timestamp":"2026-02-11T10:21:41.1264005+05:30","level":"INFO","logger_name":"org.hibernate.Version","message":"HHH000412: Hibernate ORM core version 6.6.11.Final","service":"fms-core","version":"1.0.0","environment":"default"}
{"@timestamp":"2026-02-11T10:21:41.2034006+05:30","level":"INFO","logger_name":"org.hibernate.cache.internal.RegionFactoryInitiator","message":"HHH000026: Second-level cache disabled","service":"fms-core","version":"1.0.0","environment":"default"}
{"@timestamp":"2026-02-11T10:21:41.8534027+05:30","level":"INFO","logger_name":"org.springframework.orm.jpa.persistenceunit.SpringPersistenceUnitInfo","message":"No LoadTimeWeaver setup: ignoring JPA class transformer","service":"fms-core","version":"1.0.0","environment":"default"}
{"@timestamp":"2026-02-11T10:21:42.1284039+05:30","level":"INFO","logger_name":"org.hibernate.orm.connections.pooling","message":"HHH10001005: Database info:\n\tDatabase JDBC URL [Connecting through datasource 'HikariDataSource (HikariPool-1)']\n\tDatabase driver: undefined/unknown\n\tDatabase version: 8.1\n\tAutocommit mode: undefined/unknown\n\tIsolation level: undefined/unknown\n\tMinimum pool size: undefined/unknown\n\tMaximum pool size: undefined/unknown","service":"fms-core","version":"1.0.0","environment":"default"}
{"@timestamp":"2026-02-11T10:21:48.6594308+05:30","level":"INFO","logger_name":"org.hibernate.engine.transaction.jta.platform.internal.JtaPlatformInitiator","message":"HHH000489: No JTA platform available (set 'hibernate.transaction.jta.platform' to enable JTA platform integration)","service":"fms-core","version":"1.0.0","environment":"default"}
{"@timestamp":"2026-02-11T10:21:49.6594309+05:30","level":"INFO","logger_name":"org.springframework.orm.jpa.LocalContainerEntityManagerFactoryBean","message":"Initialized JPA EntityManagerFactory for persistence unit 'default'","service":"fms-core","version":"1.0.0","environment":"default"}
{"@timestamp":"2026-02-11T10:21:50.4204326+05:30","level":"INFO","logger_name":"org.springframework.data.jpa.repository.query.QueryEnhancerFactory","message":"Hibernate is in classpath; If applicable, HQL parser will be used.","service":"fms-core","version":"1.0.0","environment":"default"}
{"@timestamp":"2026-02-11T10:21:55.8654541+05:30","level":"WARN","logger_name":"org.springframework.boot.autoconfigure.orm.jpa.JpaBaseConfiguration$JpaWebConfiguration","message":"spring.jpa.open-in-view is enabled by default. Therefore, database queries may be performed during view rendering. Explicitly configure spring.jpa.open-in-view to disable this warning","service":"fms-core","version":"1.0.0","environment":"default"}
{"@timestamp":"2026-02-11T10:21:55.9694515+05:30","level":"INFO","logger_name":"org.springframework.validation.beanvalidation.OptionalValidatorFactoryBean","message":"Failed to set up a Bean Validation provider: jakarta.validation.NoProviderFoundException: Unable to create a Configuration, because no Jakarta Bean Validation provider could be found. Add a provider like Hibernate Validator (RI) to your classpath.","service":"fms-core","version":"1.0.0","environment":"default"}
{"@timestamp":"2026-02-11T10:21:58.8374624+05:30","level":"WARN","logger_name":"org.springframework.boot.devtools.autoconfigure.OptionalLiveReloadServer","message":"Unable to start LiveReload server","service":"fms-core","version":"1.0.0","environment":"default"}
{"@timestamp":"2026-02-11T10:21:58.9424626+05:30","level":"INFO","logger_name":"org.springframework.cloud.netflix.eureka.config.DiscoveryClientOptionalArgsConfiguration","message":"Eureka HTTP Client uses RestTemplate.","service":"fms-core","version":"1.0.0","environment":"default"}
{"@timestamp":"2026-02-11T10:21:59.1144632+05:30","level":"WARN","logger_name":"org.springframework.cloud.loadbalancer.config.LoadBalancerCacheAutoConfiguration$LoadBalancerCaffeineWarnLogger","message":"Spring Cloud LoadBalancer is currently working with the default cache. While this cache implementation is useful for development and tests, it's recommended to use Caffeine cache in production.You can switch to using Caffeine cache, by adding it and org.springframework.cache.caffeine.CaffeineCacheManager to the classpath.","service":"fms-core","version":"1.0.0","environment":"default"}
{"@timestamp":"2026-02-11T10:21:59.138461+05:30","level":"INFO","logger_name":"org.springframework.boot.actuate.endpoint.web.EndpointLinksResolver","message":"Exposing 6 endpoints beneath base path '/actuator'","service":"fms-core","version":"1.0.0","environment":"default"}
{"@timestamp":"2026-02-11T10:21:59.3255006+05:30","level":"INFO","logger_name":"org.springframework.messaging.simp.broker.SimpleBrokerMessageHandler","message":"Starting...","service":"fms-core","version":"1.0.0","environment":"default"}
{"@timestamp":"2026-02-11T10:21:59.3274682+05:30","level":"INFO","logger_name":"org.springframework.messaging.simp.broker.SimpleBrokerMessageHandler","message":"BrokerAvailabilityEvent[available=true, SimpleBrokerMessageHandler [org.springframework.messaging.simp.broker.DefaultSubscriptionRegistry@520aab0c]]","service":"fms-core","version":"1.0.0","environment":"default"}
{"@timestamp":"2026-02-11T10:21:59.3354634+05:30","level":"INFO","logger_name":"org.springframework.messaging.simp.broker.SimpleBrokerMessageHandler","message":"Started.","service":"fms-core","version":"1.0.0","environment":"default"}
{"@timestamp":"2026-02-11T10:21:59.3694651+05:30","level":"INFO","logger_name":"org.springframework.cloud.netflix.eureka.InstanceInfoFactory","message":"Setting initial instance status as: STARTING","service":"fms-core","version":"1.0.0","environment":"default"}
{"@timestamp":"2026-02-11T10:21:59.4854627+05:30","level":"INFO","logger_name":"com.netflix.discovery.DiscoveryClient","message":"Initializing Eureka in region us-east-1","service":"fms-core","version":"1.0.0","environment":"default"}
{"@timestamp":"2026-02-11T10:21:59.4944654+05:30","level":"INFO","logger_name":"com.netflix.discovery.shared.resolver.aws.ConfigClusterResolver","message":"Resolving eureka endpoints via configuration","service":"fms-core","version":"1.0.0","environment":"default"}
{"@timestamp":"2026-02-11T10:21:59.5114634+05:30","level":"INFO","logger_name":"com.netflix.discovery.DiscoveryClient","message":"Disable delta property : false","service":"fms-core","version":"1.0.0","environment":"default"}
{"@timestamp":"2026-02-11T10:21:59.5124636+05:30","level":"INFO","logger_name":"com.netflix.discovery.DiscoveryClient","message":"Single vip registry refresh property : null","service":"fms-core","version":"1.0.0","environment":"default"}
{"@timestamp":"2026-02-11T10:21:59.5134644+05:30","level":"INFO","logger_name":"com.netflix.discovery.DiscoveryClient","message":"Force full registry fetch : false","service":"fms-core","version":"1.0.0","environment":"default"}
{"@timestamp":"2026-02-11T10:21:59.5134644+05:30","level":"INFO","logger_name":"com.netflix.discovery.DiscoveryClient","message":"Application is null : false","service":"fms-core","version":"1.0.0","environment":"default"}
{"@timestamp":"2026-02-11T10:21:59.5134644+05:30","level":"INFO","logger_name":"com.netflix.discovery.DiscoveryClient","message":"Registered Applications size is zero : true","service":"fms-core","version":"1.0.0","environment":"default"}
{"@timestamp":"2026-02-11T10:21:59.5144644+05:30","level":"INFO","logger_name":"com.netflix.discovery.DiscoveryClient","message":"Application version is -1: true","service":"fms-core","version":"1.0.0","environment":"default"}
{"@timestamp":"2026-02-11T10:21:59.5144644+05:30","level":"INFO","logger_name":"com.netflix.discovery.DiscoveryClient","message":"Getting all instance registry info from the eureka server","service":"fms-core","version":"1.0.0","environment":"default"}
{"@timestamp":"2026-02-11T10:22:00.3748266+05:30","level":"INFO","logger_name":"com.netflix.discovery.DiscoveryClient","message":"The response status is 200","service":"fms-core","version":"1.0.0","environment":"default"}
{"@timestamp":"2026-02-11T10:22:00.3818297+05:30","level":"INFO","logger_name":"com.netflix.discovery.DiscoveryClient","message":"Starting heartbeat executor: renew interval is: 30","service":"fms-core","version":"1.0.0","environment":"default"}
{"@timestamp":"2026-02-11T10:22:00.3858266+05:30","level":"INFO","logger_name":"com.netflix.discovery.InstanceInfoReplicator","message":"InstanceInfoReplicator onDemand update allowed rate per min is 4","service":"fms-core","version":"1.0.0","environment":"default"}
{"@timestamp":"2026-02-11T10:22:00.3888237+05:30","level":"INFO","logger_name":"com.netflix.discovery.DiscoveryClient","message":"Discovery Client initialized at timestamp 1770785520387 with initial instances count: 4","service":"fms-core","version":"1.0.0","environment":"default"}
{"@timestamp":"2026-02-11T10:22:00.5638743+05:30","level":"INFO","logger_name":"org.springframework.cloud.netflix.eureka.serviceregistry.EurekaServiceRegistry","message":"Registering application FMS_CORE with eureka with status UP","service":"fms-core","version":"1.0.0","environment":"default"}
{"@timestamp":"2026-02-11T10:22:00.5668802+05:30","level":"INFO","logger_name":"com.netflix.discovery.DiscoveryClient","message":"Saw local status change event StatusChangeEvent [timestamp=1770785520566, current=UP, previous=STARTING]","service":"fms-core","version":"1.0.0","environment":"default"}
{"@timestamp":"2026-02-11T10:22:01.1374059+05:30","level":"INFO","logger_name":"com.netflix.discovery.DiscoveryClient","message":"DiscoveryClient_FMS_CORE/KAVINDA5242.mshome.net:fms_core:8084: registering service...","service":"fms-core","version":"1.0.0","environment":"default"}
{"@timestamp":"2026-02-11T10:22:01.2404042+05:30","level":"INFO","logger_name":"org.springframework.boot.web.embedded.tomcat.TomcatWebServer","message":"Tomcat started on port 8084 (http) with context path '/fms-core-service'","service":"fms-core","version":"1.0.0","environment":"default"}
{"@timestamp":"2026-02-11T10:22:01.241404+05:30","level":"INFO","logger_name":"org.springframework.cloud.netflix.eureka.serviceregistry.EurekaAutoServiceRegistration","message":"Updating port to 8084","service":"fms-core","version":"1.0.0","environment":"default"}
{"@timestamp":"2026-02-11T10:22:01.265404+05:30","level":"INFO","logger_name":"com.netflix.discovery.DiscoveryClient","message":"DiscoveryClient_FMS_CORE/KAVINDA5242.mshome.net:fms_core:8084 - registration status: 204","service":"fms-core","version":"1.0.0","environment":"default"}
{"@timestamp":"2026-02-11T10:22:01.300404+05:30","level":"INFO","logger_name":"net.com.fms_core.FmsCoreApplication","message":"Started FmsCoreApplication in 31.283 seconds (process running for 34.806)","service":"fms-core","version":"1.0.0","environment":"default"}
{"@timestamp":"2026-02-11T10:22:02.9444097+05:30","level":"WARN","logger_name":"org.drools.compiler.kie.builder.impl.KieProject","message":"No files found for KieBase defaultKieBase","service":"fms-core","version":"1.0.0","environment":"default"}
{"@timestamp":"2026-02-11T10:22:03.0874087+05:30","level":"WARN","logger_name":"org.drools.compiler.kie.builder.impl.KieProject","message":"No files found for KieBase defaultKieBase","service":"fms-core","version":"1.0.0","environment":"default"}
{"@timestamp":"2026-02-11T10:22:03.1064103+05:30","level":"INFO","logger_name":"org.drools.compiler.kie.builder.impl.KieContainerImpl","message":"Start creation of KieBase: defaultKieBase","service":"fms-core","version":"1.0.0","environment":"default"}
{"@timestamp":"2026-02-11T10:22:03.6834115+05:30","level":"INFO","logger_name":"org.drools.compiler.kie.builder.impl.KieContainerImpl","message":"End creation of KieBase: defaultKieBase","service":"fms-core","version":"1.0.0","environment":"default"}
{"@timestamp":"2026-02-11T10:22:04.2610227+05:30","level":"WARN","logger_name":"org.drools.compiler.kie.builder.impl.KieProject","message":"No files found for KieBase defaultKieBase","service":"fms-core","version":"1.0.0","environment":"default"}
{"@timestamp":"2026-02-11T10:22:04.2700227+05:30","level":"WARN","logger_name":"org.drools.compiler.kie.builder.impl.KieProject","message":"No files found for KieBase defaultKieBase","service":"fms-core","version":"1.0.0","environment":"default"}
{"@timestamp":"2026-02-11T10:22:04.2710283+05:30","level":"INFO","logger_name":"org.drools.compiler.kie.builder.impl.KieContainerImpl","message":"Start creation of KieBase: defaultKieBase","service":"fms-core","version":"1.0.0","environment":"default"}
{"@timestamp":"2026-02-11T10:22:04.272029+05:30","level":"INFO","logger_name":"org.drools.compiler.kie.builder.impl.KieContainerImpl","message":"End creation of KieBase: defaultKieBase","service":"fms-core","version":"1.0.0","environment":"default"}
{"@timestamp":"2026-02-11T10:22:04.2740221+05:30","level":"INFO","logger_name":"net.com.fms_core.config.SocketListener","message":"✅ FMS Receiver is listening on port 5000","service":"fms-core","version":"1.0.0","environment":"default"}
{"@timestamp":"2026-02-11T10:22:16.1410678+05:30","level":"INFO","logger_name":"org.apache.tomcat.util.http.parser.Cookie","message":"A cookie header was received [g_state={\"i_t\":1757581920389,\"i_l\":0};] that contained an invalid cookie. That cookie will be ignored.\n Note: further occurrences of this error will be logged at DEBUG level.","service":"fms-core","version":"1.0.0","environment":"default"}
{"@timestamp":"2026-02-11T10:22:16.158093+05:30","level":"INFO","logger_name":"org.apache.catalina.core.ContainerBase.[Tomcat].[localhost].[/fms-core-service]","message":"Initializing Spring DispatcherServlet 'dispatcherServlet'","service":"fms-core","version":"1.0.0","environment":"default"}
{"@timestamp":"2026-02-11T10:22:16.1590649+05:30","level":"INFO","logger_name":"org.springframework.web.servlet.DispatcherServlet","message":"Initializing Servlet 'dispatcherServlet'","service":"fms-core","version":"1.0.0","environment":"default"}
{"@timestamp":"2026-02-11T10:22:16.1650742+05:30","level":"INFO","logger_name":"org.springframework.web.servlet.DispatcherServlet","message":"Completed initialization in 5 ms","service":"fms-core","version":"1.0.0","environment":"default"}
{"@timestamp":"2026-02-11T10:22:17.2440697+05:30","level":"WARN","logger_name":"org.apache.catalina.util.SessionIdGeneratorBase","message":"Creation of SecureRandom instance for session ID generation using [SHA1PRNG] took [298] milliseconds.","service":"fms-core","version":"1.0.0","environment":"default"}
{"@timestamp":"2026-02-11T10:22:19.9940824+05:30","level":"WARN","logger_name":"org.hibernate.engine.jdbc.spi.SqlExceptionHelper","message":"SQL Error: 1054, SQLState: 42S22","service":"fms-core","version":"1.0.0","environment":"default"}
{"@timestamp":"2026-02-11T10:22:19.9940824+05:30","level":"ERROR","logger_name":"org.hibernate.engine.jdbc.spi.SqlExceptionHelper","message":"Unknown column 'fe1_0.payment_network' in 'field list'","service":"fms-core","version":"1.0.0","environment":"default"}
{"@timestamp":"2026-02-11T10:22:20.0530781+05:30","level":"ERROR","logger_name":"net.com.fms_core.exception.handler.GlobalExceptionHandler","message":"Exception: Transaction silently rolled back because it has been marked as rollback-only","service":"fms-core","version":"1.0.0","environment":"default"}
{"@timestamp":"2026-02-11T10:22:20.1030813+05:30","level":"WARN","logger_name":"org.springframework.web.servlet.mvc.method.annotation.ExceptionHandlerExceptionResolver","message":"Resolved [org.springframework.transaction.UnexpectedRollbackException: Transaction silently rolled back because it has been marked as rollback-only]","service":"fms-core","version":"1.0.0","environment":"default"}
{"@timestamp":"2026-02-11T10:22:59.2528453+05:30","level":"INFO","logger_name":"org.springframework.web.socket.config.WebSocketMessageBrokerStats","message":"WebSocketSession[0 current WS(0)-HttpStream(0)-HttpPoll(0), 0 total, 0 closed abnormally (0 connect failure, 0 send limit, 0 transport error)], stompSubProtocol[processed CONNECT(0)-CONNECTED(0)-DISCONNECT(0)], stompBrokerRelay[null], inboundChannel[pool size = 0, active threads = 0, queued tasks = 0, completed tasks = 0], outboundChannel[pool size = 0, active threads = 0, queued tasks = 0, completed tasks = 0], sockJsScheduler[pool size = 1, active threads = 1, queued tasks = 0, completed tasks = 0]","service":"fms-core","version":"1.0.0","environment":"default"}
{"@timestamp":"2026-02-11T10:24:03.2430457+05:30","level":"WARN","logger_name":"org.hibernate.engine.jdbc.spi.SqlExceptionHelper","message":"SQL Error: 1054, SQLState: 42S22","service":"fms-core","version":"1.0.0","environment":"default"}
{"@timestamp":"2026-02-11T10:24:03.2440457+05:30","level":"ERROR","logger_name":"org.hibernate.engine.jdbc.spi.SqlExceptionHelper","message":"Unknown column 'th1_0.block_reason' in 'field list'","service":"fms-core","version":"1.0.0","environment":"default"}
{"@timestamp":"2026-02-11T10:24:08.7050609+05:30","level":"ERROR","logger_name":"net.com.fms_core.service.impl.PaymentNetworkServiceIMPL","message":"0","service":"fms-core","version":"1.0.0","environment":"default"}
{"@timestamp":"2026-02-11T10:24:08.7050609+05:30","level":"ERROR","logger_name":"net.com.fms_core.service.impl.PaymentNetworkServiceIMPL","message":"5","service":"fms-core","version":"1.0.0","environment":"default"}
{"@timestamp":"2026-02-11T10:24:08.7240642+05:30","level":"INFO","logger_name":"net.com.fms_core.service.impl.PaymentNetworkServiceIMPL","message":"::::Returned All Payment Networks.","service":"fms-core","version":"1.0.0","environment":"default"}
{"@timestamp":"2026-02-11T10:24:08.7290663+05:30","level":"WARN","logger_name":"org.springframework.data.web.config.SpringDataJacksonConfiguration$PageModule$WarningLoggingModifier","message":"Serializing PageImpl instances as-is is not supported, meaning that there is no guarantee about the stability of the resulting JSON structure!\n\tFor a stable JSON structure, please use Spring Data's PagedModel (globally via @EnableSpringDataWebSupport(pageSerializationMode = VIA_DTO))\n\tor Spring HATEOAS and Spring Data's PagedResourcesAssembler as documented in https://docs.spring.io/spring-data/commons/reference/repositories/core-extensions.html#core.web.pageables.\n","service":"fms-core","version":"1.0.0","environment":"default"}
{"@timestamp":"2026-02-11T10:24:28.5397881+05:30","level":"INFO","logger_name":"net.com.fms_core.service.impl.PaymentNetworkServiceIMPL","message":"::::Payment Network Added - 1 - visa","service":"fms-core","version":"1.0.0","environment":"default"}
{"@timestamp":"2026-02-11T10:24:29.4377861+05:30","level":"ERROR","logger_name":"net.com.fms_core.service.impl.PaymentNetworkServiceIMPL","message":"0","service":"fms-core","version":"1.0.0","environment":"default"}
{"@timestamp":"2026-02-11T10:24:29.4387846+05:30","level":"ERROR","logger_name":"net.com.fms_core.service.impl.PaymentNetworkServiceIMPL","message":"5","service":"fms-core","version":"1.0.0","environment":"default"}
{"@timestamp":"2026-02-11T10:24:29.4687896+05:30","level":"INFO","logger_name":"net.com.fms_core.service.impl.PaymentNetworkServiceIMPL","message":"::::Returned All Payment Networks.","service":"fms-core","version":"1.0.0","environment":"default"}
{"@timestamp":"2026-02-11T10:24:32.4247966+05:30","level":"INFO","logger_name":"net.com.fms_core.service.impl.PaymentNetworkServiceIMPL","message":"::::Returned Payment Network - 1 - visa.","service":"fms-core","version":"1.0.0","environment":"default"}
{"@timestamp":"2026-02-11T10:24:34.4627974+05:30","level":"ERROR","logger_name":"net.com.fms_core.service.impl.PaymentNetworkServiceIMPL","message":"0","service":"fms-core","version":"1.0.0","environment":"default"}
{"@timestamp":"2026-02-11T10:24:34.4637949+05:30","level":"ERROR","logger_name":"net.com.fms_core.service.impl.PaymentNetworkServiceIMPL","message":"5","service":"fms-core","version":"1.0.0","environment":"default"}
{"@timestamp":"2026-02-11T10:24:34.4667971+05:30","level":"INFO","logger_name":"net.com.fms_core.service.impl.PaymentNetworkServiceIMPL","message":"::::Returned All Payment Networks.","service":"fms-core","version":"1.0.0","environment":"default"}
{"@timestamp":"2026-02-11T10:25:03.4499351+05:30","level":"WARN","logger_name":"org.hibernate.engine.jdbc.spi.SqlExceptionHelper","message":"SQL Error: 1054, SQLState: 42S22","service":"fms-core","version":"1.0.0","environment":"default"}
{"@timestamp":"2026-02-11T10:25:03.4499351+05:30","level":"ERROR","logger_name":"org.hibernate.engine.jdbc.spi.SqlExceptionHelper","message":"Unknown column 'fe1_0.payment_network' in 'field list'","service":"fms-core","version":"1.0.0","environment":"default"}
{"@timestamp":"2026-02-11T10:25:03.4589363+05:30","level":"ERROR","logger_name":"net.com.fms_core.exception.handler.GlobalExceptionHandler","message":"Exception: Transaction silently rolled back because it has been marked as rollback-only","service":"fms-core","version":"1.0.0","environment":"default"}
{"@timestamp":"2026-02-11T10:25:03.4609387+05:30","level":"WARN","logger_name":"org.springframework.web.servlet.mvc.method.annotation.ExceptionHandlerExceptionResolver","message":"Resolved [org.springframework.transaction.UnexpectedRollbackException: Transaction silently rolled back because it has been marked as rollback-only]","service":"fms-core","version":"1.0.0","environment":"default"}
{"@timestamp":"2026-02-11T10:25:16.6376262+05:30","level":"WARN","logger_name":"org.hibernate.engine.jdbc.spi.SqlExceptionHelper","message":"SQL Error: 1054, SQLState: 42S22","service":"fms-core","version":"1.0.0","environment":"default"}
{"@timestamp":"2026-02-11T10:25:16.6386259+05:30","level":"ERROR","logger_name":"org.hibernate.engine.jdbc.spi.SqlExceptionHelper","message":"Unknown column 'fe1_0.payment_network' in 'field list'","service":"fms-core","version":"1.0.0","environment":"default"}
{"@timestamp":"2026-02-11T10:25:16.6426252+05:30","level":"ERROR","logger_name":"net.com.fms_core.exception.handler.GlobalExceptionHandler","message":"Exception: Transaction silently rolled back because it has been marked as rollback-only","service":"fms-core","version":"1.0.0","environment":"default"}
{"@timestamp":"2026-02-11T10:25:16.6456275+05:30","level":"WARN","logger_name":"org.springframework.web.servlet.mvc.method.annotation.ExceptionHandlerExceptionResolver","message":"Resolved [org.springframework.transaction.UnexpectedRollbackException: Transaction silently rolled back because it has been marked as rollback-only]","service":"fms-core","version":"1.0.0","environment":"default"}
{"@timestamp":"2026-02-11T10:26:59.5336141+05:30","level":"INFO","logger_name":"com.netflix.discovery.shared.resolver.aws.ConfigClusterResolver","message":"Resolving eureka endpoints via configuration","service":"fms-core","version":"1.0.0","environment":"default"}
{"@timestamp":"2026-02-11T10:27:38.5568495+05:30","level":"WARN","logger_name":"org.hibernate.engine.jdbc.spi.SqlExceptionHelper","message":"SQL Error: 1054, SQLState: 42S22","service":"fms-core","version":"1.0.0","environment":"default"}
{"@timestamp":"2026-02-11T10:27:38.5568495+05:30","level":"ERROR","logger_name":"org.hibernate.engine.jdbc.spi.SqlExceptionHelper","message":"Unknown column 'fe1_0.validation_message' in 'field list'","service":"fms-core","version":"1.0.0","environment":"default"}
{"@timestamp":"2026-02-11T10:27:39.6598875+05:30","level":"ERROR","logger_name":"net.com.fms_core.exception.handler.GlobalExceptionHandler","message":"Exception: Transaction silently rolled back because it has been marked as rollback-only","service":"fms-core","version":"1.0.0","environment":"default"}
{"@timestamp":"2026-02-11T10:27:39.6628758+05:30","level":"WARN","logger_name":"org.springframework.web.servlet.mvc.method.annotation.ExceptionHandlerExceptionResolver","message":"Resolved [org.springframework.transaction.UnexpectedRollbackException: Transaction silently rolled back because it has been marked as rollback-only]","service":"fms-core","version":"1.0.0","environment":"default"}
{"@timestamp":"2026-02-11T10:27:46.4463712+05:30","level":"WARN","logger_name":"org.hibernate.engine.jdbc.spi.SqlExceptionHelper","message":"SQL Error: 1054, SQLState: 42S22","service":"fms-core","version":"1.0.0","environment":"default"}
{"@timestamp":"2026-02-11T10:27:46.4473709+05:30","level":"ERROR","logger_name":"org.hibernate.engine.jdbc.spi.SqlExceptionHelper","message":"Unknown column 'fe1_0.validation_message' in 'field list'","service":"fms-core","version":"1.0.0","environment":"default"}
{"@timestamp":"2026-02-11T10:27:46.4523712+05:30","level":"ERROR","logger_name":"net.com.fms_core.exception.handler.GlobalExceptionHandler","message":"Exception: Transaction silently rolled back because it has been marked as rollback-only","service":"fms-core","version":"1.0.0","environment":"default"}
{"@timestamp":"2026-02-11T10:27:46.4543923+05:30","level":"WARN","logger_name":"org.springframework.web.servlet.mvc.method.annotation.ExceptionHandlerExceptionResolver","message":"Resolved [org.springframework.transaction.UnexpectedRollbackException: Transaction silently rolled back because it has been marked as rollback-only]","service":"fms-core","version":"1.0.0","environment":"default"}
{"@timestamp":"2026-02-11T10:29:07.9803455+05:30","level":"WARN","logger_name":"org.hibernate.engine.jdbc.spi.SqlExceptionHelper","message":"SQL Error: 1054, SQLState: 42S22","service":"fms-core","version":"1.0.0","environment":"default"}
{"@timestamp":"2026-02-11T10:29:07.9803455+05:30","level":"ERROR","logger_name":"org.hibernate.engine.jdbc.spi.SqlExceptionHelper","message":"Unknown column 'fe1_0.variable_name' in 'field list'","service":"fms-core","version":"1.0.0","environment":"default"}
{"@timestamp":"2026-02-11T10:29:07.9853439+05:30","level":"ERROR","logger_name":"net.com.fms_core.exception.handler.GlobalExceptionHandler","message":"Exception: Transaction silently rolled back because it has been marked as rollback-only","service":"fms-core","version":"1.0.0","environment":"default"}
{"@timestamp":"2026-02-11T10:29:07.9863464+05:30","level":"WARN","logger_name":"org.springframework.web.servlet.mvc.method.annotation.ExceptionHandlerExceptionResolver","message":"Resolved [org.springframework.transaction.UnexpectedRollbackException: Transaction silently rolled back because it has been marked as rollback-only]","service":"fms-core","version":"1.0.0","environment":"default"}
{"@timestamp":"2026-02-11T10:31:59.5593221+05:30","level":"INFO","logger_name":"com.netflix.discovery.shared.resolver.aws.ConfigClusterResolver","message":"Resolving eureka endpoints via configuration","service":"fms-core","version":"1.0.0","environment":"default"}
{"@timestamp":"2026-02-11T10:36:59.6289231+05:30","level":"INFO","logger_name":"com.netflix.discovery.shared.resolver.aws.ConfigClusterResolver","message":"Resolving eureka endpoints via configuration","service":"fms-core","version":"1.0.0","environment":"default"}
{"@timestamp":"2026-02-11T10:41:59.6585436+05:30","level":"INFO","logger_name":"com.netflix.discovery.shared.resolver.aws.ConfigClusterResolver","message":"Resolving eureka endpoints via configuration","service":"fms-core","version":"1.0.0","environment":"default"}
{"@timestamp":"2026-02-11T10:44:28.6843152+05:30","level":"WARN","logger_name":"org.hibernate.engine.jdbc.spi.SqlExceptionHelper","message":"SQL Error: 1146, SQLState: 42S02","service":"fms-core","version":"1.0.0","environment":"default"}
{"@timestamp":"2026-02-11T10:44:28.6843152+05:30","level":"ERROR","logger_name":"org.hibernate.engine.jdbc.spi.SqlExceptionHelper","message":"Table 'fms.risk_metrix' doesn't exist","service":"fms-core","version":"1.0.0","environment":"default"}
{"@timestamp":"2026-02-11T10:44:29.5953364+05:30","level":"ERROR","logger_name":"net.com.fms_core.exception.handler.GlobalExceptionHandler","message":"Exception: Transaction silently rolled back because it has been marked as rollback-only","service":"fms-core","version":"1.0.0","environment":"default"}
{"@timestamp":"2026-02-11T10:44:29.6023364+05:30","level":"WARN","logger_name":"org.springframework.web.servlet.mvc.method.annotation.ExceptionHandlerExceptionResolver","message":"Failure in @ExceptionHandler net.com.fms_core.exception.handler.GlobalExceptionHandler#handleGlobalException(Exception)","service":"fms-core","version":"1.0.0","environment":"default"}
{"@timestamp":"2026-02-11T10:44:29.60634+05:30","level":"ERROR","logger_name":"org.apache.catalina.core.ContainerBase.[Tomcat].[localhost].[/fms-core-service].[dispatcherServlet]","message":"Servlet.service() for servlet [dispatcherServlet] in context with path [/fms-core-service] threw exception [Request processing failed: org.springframework.transaction.UnexpectedRollbackException: Transaction silently rolled back because it has been marked as rollback-only] with root cause","service":"fms-core","version":"1.0.0","environment":"default"}
{"@timestamp":"2026-02-11T10:44:29.6423382+05:30","level":"WARN","logger_name":"org.springframework.web.servlet.mvc.method.annotation.ExceptionHandlerExceptionResolver","message":"Resolved [org.springframework.web.HttpMediaTypeNotAcceptableException: No acceptable representation]","service":"fms-core","version":"1.0.0","environment":"default"}
{"@timestamp":"2026-02-11T10:46:59.669822+05:30","level":"INFO","logger_name":"com.netflix.discovery.shared.resolver.aws.ConfigClusterResolver","message":"Resolving eureka endpoints via configuration","service":"fms-core","version":"1.0.0","environment":"default"}
{"@timestamp":"2026-02-11T10:48:36.9355187+05:30","level":"INFO","logger_name":"org.drools.compiler.kie.builder.impl.KieContainerImpl","message":"Start creation of KieBase: defaultKieBase","service":"fms-core","version":"1.0.0","environment":"default"}
{"@timestamp":"2026-02-11T10:48:37.0325591+05:30","level":"INFO","logger_name":"org.drools.compiler.kie.builder.impl.KieContainerImpl","message":"End creation of KieBase: defaultKieBase","service":"fms-core","version":"1.0.0","environment":"default"}
{"@timestamp":"2026-02-11T10:48:37.0845184+05:30","level":"WARN","logger_name":"org.hibernate.engine.jdbc.spi.SqlExceptionHelper","message":"SQL Error: 1054, SQLState: 42S22","service":"fms-core","version":"1.0.0","environment":"default"}
{"@timestamp":"2026-02-11T10:48:37.0855204+05:30","level":"ERROR","logger_name":"org.hibernate.engine.jdbc.spi.SqlExceptionHelper","message":"Unknown column 'th1_0.block_reason' in 'field list'","service":"fms-core","version":"1.0.0","environment":"default"}
{"@timestamp":"2026-02-11T10:48:37.1185219+05:30","level":"ERROR","logger_name":"net.com.fms_core.exception.handler.GlobalExceptionHandler","message":"Exception: JDBC exception executing SQL [select th1_0.transaction_history_id,th1_0.block_reason,th1_0.created_at,th1_0.created_by,th1_0.fraud_percentage,th1_0.status,th1_0.tran_packet,th1_0.tran_uuid,th1_0.updated_at,th1_0.updated_by from transaction_history th1_0] [Unknown column 'th1_0.block_reason' in 'field list'] [n/a]; SQL [n/a]","service":"fms-core","version":"1.0.0","environment":"default"}
{"@timestamp":"2026-02-11T10:48:37.1195198+05:30","level":"WARN","logger_name":"org.springframework.web.servlet.mvc.method.annotation.ExceptionHandlerExceptionResolver","message":"Failure in @ExceptionHandler net.com.fms_core.exception.handler.GlobalExceptionHandler#handleGlobalException(Exception)","service":"fms-core","version":"1.0.0","environment":"default"}
{"@timestamp":"2026-02-11T10:48:37.1215535+05:30","level":"ERROR","logger_name":"org.apache.catalina.core.ContainerBase.[Tomcat].[localhost].[/fms-core-service].[dispatcherServlet]","message":"Servlet.service() for servlet [dispatcherServlet] threw exception","service":"fms-core","version":"1.0.0","environment":"default"}
{"@timestamp":"2026-02-11T10:48:37.1225198+05:30","level":"ERROR","logger_name":"org.apache.catalina.core.ContainerBase.[Tomcat].[localhost].[/fms-core-service].[dispatcherServlet]","message":"Servlet.service() for servlet [dispatcherServlet] in context with path [/fms-core-service] threw exception [Request processing failed: org.springframework.dao.InvalidDataAccessResourceUsageException: JDBC exception executing SQL [select th1_0.transaction_history_id,th1_0.block_reason,th1_0.created_at,th1_0.created_by,th1_0.fraud_percentage,th1_0.status,th1_0.tran_packet,th1_0.tran_uuid,th1_0.updated_at,th1_0.updated_by from transaction_history th1_0] [Unknown column 'th1_0.block_reason' in 'field list'] [n/a]; SQL [n/a]] with root cause","service":"fms-core","version":"1.0.0","environment":"default"}
{"@timestamp":"2026-02-11T10:48:37.1275211+05:30","level":"WARN","logger_name":"org.springframework.web.servlet.mvc.method.annotation.ExceptionHandlerExceptionResolver","message":"Resolved [org.springframework.web.HttpMediaTypeNotAcceptableException: No acceptable representation]","service":"fms-core","version":"1.0.0","environment":"default"}
{"@timestamp":"2026-02-11T10:51:50.2752899+05:30","level":"INFO","logger_name":"org.drools.compiler.kie.builder.impl.KieContainerImpl","message":"Start creation of KieBase: defaultKieBase","service":"fms-core","version":"1.0.0","environment":"default"}
{"@timestamp":"2026-02-11T10:51:50.4303355+05:30","level":"INFO","logger_name":"org.drools.compiler.kie.builder.impl.KieContainerImpl","message":"End creation of KieBase: defaultKieBase","service":"fms-core","version":"1.0.0","environment":"default"}
{"@timestamp":"2026-02-11T10:51:57.6909254+05:30","level":"WARN","logger_name":"org.hibernate.engine.jdbc.spi.SqlExceptionHelper","message":"SQL Error: 1406, SQLState: 22001","service":"fms-core","version":"1.0.0","environment":"default"}
{"@timestamp":"2026-02-11T10:51:57.7129257+05:30","level":"ERROR","logger_name":"org.hibernate.engine.jdbc.spi.SqlExceptionHelper","message":"Data truncation: Data too long for column 'final_rule' at row 1","service":"fms-core","version":"1.0.0","environment":"default"}
{"@timestamp":"2026-02-11T10:51:57.7159296+05:30","level":"ERROR","logger_name":"net.com.fms_core.service.impl.FmsRuleServiceIMPL","message":"could not execute statement [Data truncation: Data too long for column 'final_rule' at row 1] [insert into fms_rule (created_at,created_by,description,final_risk_score,final_rule,from_date,payment_network_id,rule_name,rule_uuid,status,to_date,updated_at,updated_by) values (?,?,?,?,?,?,?,?,?,?,?,?,?)]; SQL [insert into fms_rule (created_at,created_by,description,final_risk_score,final_rule,from_date,payment_network_id,rule_name,rule_uuid,status,to_date,updated_at,updated_by) values (?,?,?,?,?,?,?,?,?,?,?,?,?)]","service":"fms-core","version":"1.0.0","environment":"default"}
{"@timestamp":"2026-02-11T10:51:57.7289265+05:30","level":"INFO","logger_name":"org.springframework.scheduling.annotation.AnnotationAsyncExecutionInterceptor","message":"More than one TaskExecutor bean found within the context, and none is named 'taskExecutor'. Mark one of them as primary or name it 'taskExecutor' (possibly as an alias) in order to use it for async processing: [applicationTaskExecutor, clientInboundChannelExecutor, clientOutboundChannelExecutor, brokerChannelExecutor, messageBrokerTaskScheduler]","service":"fms-core","version":"1.0.0","environment":"default"}
{"@timestamp":"2026-02-11T10:51:57.7319286+05:30","level":"ERROR","logger_name":"net.com.fms_core.exception.handler.GlobalExceptionHandler","message":"Exception: could not execute statement [Data truncation: Data too long for column 'final_rule' at row 1] [insert into fms_rule (created_at,created_by,description,final_risk_score,final_rule,from_date,payment_network_id,rule_name,rule_uuid,status,to_date,updated_at,updated_by) values (?,?,?,?,?,?,?,?,?,?,?,?,?)]; SQL [insert into fms_rule (created_at,created_by,description,final_risk_score,final_rule,from_date,payment_network_id,rule_name,rule_uuid,status,to_date,updated_at,updated_by) values (?,?,?,?,?,?,?,?,?,?,?,?,?)]","service":"fms-core","version":"1.0.0","environment":"default"}
{"@timestamp":"2026-02-11T10:51:57.7359274+05:30","level":"WARN","logger_name":"org.springframework.web.servlet.mvc.method.annotation.ExceptionHandlerExceptionResolver","message":"Resolved [org.springframework.dao.DataIntegrityViolationException: could not execute statement [Data truncation: Data too long for column 'final_rule' at row 1] [insert into fms_rule (created_at,created_by,description,final_risk_score,final_rule,from_date,payment_network_id,rule_name,rule_uuid,status,to_date,updated_at,updated_by) values (?,?,?,?,?,?,?,?,?,?,?,?,?)]; SQL [insert into fms_rule (created_at,created_by,description,final_risk_score,final_rule,from_date,payment_network_id,rule_name,rule_uuid,status,to_date,updated_at,updated_by) values (?,?,?,?,?,?,?,?,?,?,?,?,?)]]","service":"fms-core","version":"1.0.0","environment":"default"}
{"@timestamp":"2026-02-11T10:51:57.7459361+05:30","level":"INFO","logger_name":"net.com.fms_core.monitoring.LoggingUtil","message":"Audit event: CREATE_RULE on FMS_RULE with ID: null","entityType":"FMS_RULE","auditAction":"CREATE_RULE","service":"fms-core","version":"1.0.0","environment":"default"}
{"@timestamp":"2026-02-11T10:51:57.7559288+05:30","level":"WARN","logger_name":"org.hibernate.engine.jdbc.spi.SqlExceptionHelper","message":"SQL Error: 1146, SQLState: 42S02","entityType":"FMS_RULE","auditAction":"CREATE_RULE","service":"fms-core","version":"1.0.0","environment":"default"}
{"@timestamp":"2026-02-11T10:51:57.7559288+05:30","level":"ERROR","logger_name":"org.hibernate.engine.jdbc.spi.SqlExceptionHelper","message":"Table 'fms.audit_log' doesn't exist","entityType":"FMS_RULE","auditAction":"CREATE_RULE","service":"fms-core","version":"1.0.0","environment":"default"}
{"@timestamp":"2026-02-11T10:51:57.7589312+05:30","level":"ERROR","logger_name":"net.com.fms_core.service.impl.AuditServiceImpl","message":"Failed to save audit log","entityType":"FMS_RULE","auditAction":"CREATE_RULE","service":"fms-core","version":"1.0.0","environment":"default"}
{"@timestamp":"2026-02-11T10:51:59.7039448+05:30","level":"INFO","logger_name":"com.netflix.discovery.shared.resolver.aws.ConfigClusterResolver","message":"Resolving eureka endpoints via configuration","service":"fms-core","version":"1.0.0","environment":"default"}
{"@timestamp":"2026-02-11T10:52:59.3026257+05:30","level":"INFO","logger_name":"org.springframework.web.socket.config.WebSocketMessageBrokerStats","message":"WebSocketSession[0 current WS(0)-HttpStream(0)-HttpPoll(0), 0 total, 0 closed abnormally (0 connect failure, 0 send limit, 0 transport error)], stompSubProtocol[processed CONNECT(0)-CONNECTED(0)-DISCONNECT(0)], stompBrokerRelay[null], inboundChannel[pool size = 0, active threads = 0, queued tasks = 0, completed tasks = 0], outboundChannel[pool size = 0, active threads = 0, queued tasks = 0, completed tasks = 0], sockJsScheduler[pool size = 2, active threads = 1, queued tasks = 0, completed tasks = 1]","service":"fms-core","version":"1.0.0","environment":"default"}
{"@timestamp":"2026-02-11T10:55:41.2936675+05:30","level":"WARN","logger_name":"org.hibernate.engine.jdbc.spi.SqlExceptionHelper","message":"SQL Error: 1406, SQLState: 22001","service":"fms-core","version":"1.0.0","environment":"default"}
{"@timestamp":"2026-02-11T10:55:41.2946699+05:30","level":"ERROR","logger_name":"org.hibernate.engine.jdbc.spi.SqlExceptionHelper","message":"Data truncation: Data too long for column 'final_rule' at row 1","service":"fms-core","version":"1.0.0","environment":"default"}
{"@timestamp":"2026-02-11T10:55:41.295669+05:30","level":"ERROR","logger_name":"net.com.fms_core.service.impl.FmsRuleServiceIMPL","message":"could not execute statement [Data truncation: Data too long for column 'final_rule' at row 1] [insert into fms_rule (created_at,created_by,description,final_risk_score,final_rule,from_date,payment_network_id,rule_name,rule_uuid,status,to_date,updated_at,updated_by) values (?,?,?,?,?,?,?,?,?,?,?,?,?)]; SQL [insert into fms_rule (created_at,created_by,description,final_risk_score,final_rule,from_date,payment_network_id,rule_name,rule_uuid,status,to_date,updated_at,updated_by) values (?,?,?,?,?,?,?,?,?,?,?,?,?)]","service":"fms-core","version":"1.0.0","environment":"default"}
{"@timestamp":"2026-02-11T10:55:41.2976677+05:30","level":"ERROR","logger_name":"net.com.fms_core.exception.handler.GlobalExceptionHandler","message":"Exception: could not execute statement [Data truncation: Data too long for column 'final_rule' at row 1] [insert into fms_rule (created_at,created_by,description,final_risk_score,final_rule,from_date,payment_network_id,rule_name,rule_uuid,status,to_date,updated_at,updated_by) values (?,?,?,?,?,?,?,?,?,?,?,?,?)]; SQL [insert into fms_rule (created_at,created_by,description,final_risk_score,final_rule,from_date,payment_network_id,rule_name,rule_uuid,status,to_date,updated_at,updated_by) values (?,?,?,?,?,?,?,?,?,?,?,?,?)]","service":"fms-core","version":"1.0.0","environment":"default"}
{"@timestamp":"2026-02-11T10:55:41.302668+05:30","level":"WARN","logger_name":"org.springframework.web.servlet.mvc.method.annotation.ExceptionHandlerExceptionResolver","message":"Resolved [org.springframework.dao.DataIntegrityViolationException: could not execute statement [Data truncation: Data too long for column 'final_rule' at row 1] [insert into fms_rule (created_at,created_by,description,final_risk_score,final_rule,from_date,payment_network_id,rule_name,rule_uuid,status,to_date,updated_at,updated_by) values (?,?,?,?,?,?,?,?,?,?,?,?,?)]; SQL [insert into fms_rule (created_at,created_by,description,final_risk_score,final_rule,from_date,payment_network_id,rule_name,rule_uuid,status,to_date,updated_at,updated_by) values (?,?,?,?,?,?,?,?,?,?,?,?,?)]]","service":"fms-core","version":"1.0.0","environment":"default"}
{"@timestamp":"2026-02-11T10:55:41.9726692+05:30","level":"INFO","logger_name":"net.com.fms_core.monitoring.LoggingUtil","message":"Audit event: CREATE_RULE on FMS_RULE with ID: null","entityType":"FMS_RULE","auditAction":"CREATE_RULE","service":"fms-core","version":"1.0.0","environment":"default"}
{"@timestamp":"2026-02-11T10:56:59.7179996+05:30","level":"INFO","logger_name":"com.netflix.discovery.shared.resolver.aws.ConfigClusterResolver","message":"Resolving eureka endpoints via configuration","service":"fms-core","version":"1.0.0","environment":"default"}
{"@timestamp":"2026-02-11T10:59:56.8502504+05:30","level":"INFO","logger_name":"net.com.fms_core.monitoring.LoggingUtil","message":"Audit event: CREATE_RULE on FMS_RULE with ID: null","entityType":"FMS_RULE","auditAction":"CREATE_RULE","service":"fms-core","version":"1.0.0","environment":"default"}
{"@timestamp":"2026-02-11T11:00:10.842276+05:30","level":"INFO","logger_name":"net.com.fms_core.monitoring.LoggingUtil","message":"Audit event: UPDATE_RULE on FMS_RULE with ID: null","entityType":"FMS_RULE","auditAction":"UPDATE_RULE","service":"fms-core","version":"1.0.0","environment":"default"}
{"@timestamp":"2026-02-11T11:00:56.5676732+05:30","level":"INFO","logger_name":"org.drools.compiler.kie.builder.impl.KieContainerImpl","message":"Start creation of KieBase: defaultKieBase","service":"fms-core","version":"1.0.0","environment":"default"}
{"@timestamp":"2026-02-11T11:00:56.654679+05:30","level":"INFO","logger_name":"org.drools.compiler.kie.builder.impl.KieContainerImpl","message":"End creation of KieBase: defaultKieBase","service":"fms-core","version":"1.0.0","environment":"default"}
{"@timestamp":"2026-02-11T11:01:21.218006+05:30","level":"INFO","logger_name":"net.com.fms_core.service.impl.ValidationServiceIMPL","message":"Validation result: ValidationResultDTO(isValid=false, errorMessages=[invalid numbers])","service":"fms-core","version":"1.0.0","environment":"default"}
{"@timestamp":"2026-02-11T11:01:21.2450059+05:30","level":"WARN","logger_name":"org.hibernate.engine.jdbc.spi.SqlExceptionHelper","message":"SQL Error: 1146, SQLState: 42S02","service":"fms-core","version":"1.0.0","environment":"default"}
{"@timestamp":"2026-02-11T11:01:21.2450059+05:30","level":"ERROR","logger_name":"org.hibernate.engine.jdbc.spi.SqlExceptionHelper","message":"Table 'fms.validate_transaction' doesn't exist","service":"fms-core","version":"1.0.0","environment":"default"}
{"@timestamp":"2026-02-11T11:01:21.2480073+05:30","level":"ERROR","logger_name":"net.com.fms_core.service.impl.ValidationServiceIMPL","message":"Failed to save transaction: could not execute statement [Table 'fms.validate_transaction' doesn't exist] [insert into validate_transaction (error_message,is_valid,iso_message,transaction_time) values (?,?,?,?)]; SQL [insert into validate_transaction (error_message,is_valid,iso_message,transaction_time) values (?,?,?,?)]","service":"fms-core","version":"1.0.0","environment":"default"}
{"@timestamp":"2026-02-11T11:01:21.2540087+05:30","level":"ERROR","logger_name":"net.com.fms_core.exception.handler.GlobalExceptionHandler","message":"Exception: Transaction silently rolled back because it has been marked as rollback-only","service":"fms-core","version":"1.0.0","environment":"default"}
{"@timestamp":"2026-02-11T11:01:21.2550052+05:30","level":"WARN","logger_name":"org.springframework.web.servlet.mvc.method.annotation.ExceptionHandlerExceptionResolver","message":"Resolved [org.springframework.transaction.UnexpectedRollbackException: Transaction silently rolled back because it has been marked as rollback-only]","service":"fms-core","version":"1.0.0","environment":"default"}
{"@timestamp":"2026-02-11T11:01:59.7307476+05:30","level":"INFO","logger_name":"com.netflix.discovery.shared.resolver.aws.ConfigClusterResolver","message":"Resolving eureka endpoints via configuration","service":"fms-core","version":"1.0.0","environment":"default"}
{"@timestamp":"2026-02-11T11:02:09.2159156+05:30","level":"INFO","logger_name":"org.springframework.cloud.netflix.eureka.serviceregistry.EurekaServiceRegistry","message":"Unregistering application FMS_CORE with eureka with status DOWN","service":"fms-core","version":"1.0.0","environment":"default"}
{"@timestamp":"2026-02-11T11:02:09.2169138+05:30","level":"INFO","logger_name":"com.netflix.discovery.DiscoveryClient","message":"Saw local status change event StatusChangeEvent [timestamp=1770787929216, current=DOWN, previous=UP]","service":"fms-core","version":"1.0.0","environment":"default"}
{"@timestamp":"2026-02-11T11:02:09.2179229+05:30","level":"INFO","logger_name":"com.netflix.discovery.DiscoveryClient","message":"DiscoveryClient_FMS_CORE/KAVINDA5242.mshome.net:fms_core:8084: registering service...","service":"fms-core","version":"1.0.0","environment":"default"}
{"@timestamp":"2026-02-11T11:02:09.2269149+05:30","level":"INFO","logger_name":"org.springframework.boot.web.embedded.tomcat.GracefulShutdown","message":"Commencing graceful shutdown. Waiting for active requests to complete","service":"fms-core","version":"1.0.0","environment":"default"}
{"@timestamp":"2026-02-11T11:02:09.2739148+05:30","level":"INFO","logger_name":"com.netflix.discovery.DiscoveryClient","message":"DiscoveryClient_FMS_CORE/KAVINDA5242.mshome.net:fms_core:8084 - registration status: 204","service":"fms-core","version":"1.0.0","environment":"default"}
{"@timestamp":"2026-02-11T11:02:39.3372582+05:30","level":"INFO","logger_name":"org.springframework.context.support.DefaultLifecycleProcessor","message":"Shutdown phase 2147482623 ends with 1 bean still running after timeout of 30000ms: [webServerGracefulShutdown]","service":"fms-core","version":"1.0.0","environment":"default"}
{"@timestamp":"2026-02-11T11:02:39.3442541+05:30","level":"INFO","logger_name":"org.springframework.messaging.simp.broker.SimpleBrokerMessageHandler","message":"Stopping...","service":"fms-core","version":"1.0.0","environment":"default"}
{"@timestamp":"2026-02-11T11:02:39.3442541+05:30","level":"INFO","logger_name":"org.springframework.messaging.simp.broker.SimpleBrokerMessageHandler","message":"BrokerAvailabilityEvent[available=false, SimpleBrokerMessageHandler [org.springframework.messaging.simp.broker.DefaultSubscriptionRegistry@520aab0c]]","service":"fms-core","version":"1.0.0","environment":"default"}
{"@timestamp":"2026-02-11T11:02:39.3452526+05:30","level":"INFO","logger_name":"org.springframework.messaging.simp.broker.SimpleBrokerMessageHandler","message":"Stopped.","service":"fms-core","version":"1.0.0","environment":"default"}
{"@timestamp":"2026-02-11T11:02:39.3622532+05:30","level":"INFO","logger_name":"org.springframework.boot.web.embedded.tomcat.GracefulShutdown","message":"Graceful shutdown aborted with one or more requests still active","service":"fms-core","version":"1.0.0","environment":"default"}
{"@timestamp":"2026-02-11T11:02:39.373253+05:30","level":"INFO","logger_name":"org.springframework.orm.jpa.LocalContainerEntityManagerFactoryBean","message":"Closing JPA EntityManagerFactory for persistence unit 'default'","service":"fms-core","version":"1.0.0","environment":"default"}
{"@timestamp":"2026-02-11T11:02:39.3882544+05:30","level":"INFO","logger_name":"com.zaxxer.hikari.HikariDataSource","message":"HikariPool-1 - Shutdown initiated...","service":"fms-core","version":"1.0.0","environment":"default"}
{"@timestamp":"2026-02-11T11:02:39.401259+05:30","level":"INFO","logger_name":"com.zaxxer.hikari.HikariDataSource","message":"HikariPool-1 - Shutdown completed.","service":"fms-core","version":"1.0.0","environment":"default"}
{"@timestamp":"2026-02-11T11:02:39.4032548+05:30","level":"INFO","logger_name":"com.netflix.discovery.DiscoveryClient","message":"Shutting down DiscoveryClient ...","service":"fms-core","version":"1.0.0","environment":"default"}
{"@timestamp":"2026-02-11T11:02:42.4176513+05:30","level":"INFO","logger_name":"com.netflix.discovery.DiscoveryClient","message":"Unregistering ...","service":"fms-core","version":"1.0.0","environment":"default"}
{"@timestamp":"2026-02-11T11:02:42.4346537+05:30","level":"INFO","logger_name":"com.netflix.discovery.DiscoveryClient","message":"DiscoveryClient_FMS_CORE/KAVINDA5242.mshome.net:fms_core:8084 - deregister  status: 200","service":"fms-core","version":"1.0.0","environment":"default"}
{"@timestamp":"2026-02-11T11:02:42.4346537+05:30","level":"INFO","logger_name":"com.netflix.discovery.DiscoveryClient","message":"Completed shut down of DiscoveryClient","service":"fms-core","version":"1.0.0","environment":"default"}
{"@timestamp":"2026-02-11T11:03:28.65668+05:30","level":"INFO","logger_name":"net.com.fms_core.FmsCoreApplication","message":"Starting FmsCoreApplication using Java 21.0.2 with PID 29520 (C:\\Users\\kavinda_d\\Documents\\e soft\\final project\\project\\fms backend\\fms_core\\target\\classes started by kavinda_d in C:\\Users\\kavinda_d\\Documents\\e soft\\final project\\project\\fms backend)","service":"fms-core","version":"1.0.0","environment":"default"}
{"@timestamp":"2026-02-11T11:03:28.6686786+05:30","level":"DEBUG","logger_name":"net.com.fms_core.FmsCoreApplication","message":"Running with Spring Boot v3.4.4, Spring v6.2.5","service":"fms-core","version":"1.0.0","environment":"default"}
{"@timestamp":"2026-02-11T11:03:28.6696775+05:30","level":"INFO","logger_name":"net.com.fms_core.FmsCoreApplication","message":"The following 1 profile is active: \"dev\"","service":"fms-core","version":"1.0.0","environment":"default"}
{"@timestamp":"2026-02-11T11:03:28.7846827+05:30","level":"INFO","logger_name":"org.springframework.cloud.config.client.ConfigServerConfigDataLoader","message":"Fetching config from server at : http://localhost:8888","service":"fms-core","version":"1.0.0","environment":"default"}
{"@timestamp":"2026-02-11T11:03:28.7856847+05:30","level":"INFO","logger_name":"org.springframework.cloud.config.client.ConfigServerConfigDataLoader","message":"Located environment: name=fms_core, profiles=[dev], label=null, version=null, state=null","service":"fms-core","version":"1.0.0","environment":"default"}
{"@timestamp":"2026-02-11T11:03:28.7896813+05:30","level":"INFO","logger_name":"org.springframework.boot.devtools.env.DevToolsPropertyDefaultsPostProcessor","message":"Devtools property defaults active! Set 'spring.devtools.add-properties' to 'false' to disable","service":"fms-core","version":"1.0.0","environment":"default"}
{"@timestamp":"2026-02-11T11:03:28.7906829+05:30","level":"INFO","logger_name":"org.springframework.boot.devtools.env.DevToolsPropertyDefaultsPostProcessor","message":"For additional web related logging consider setting the 'logging.level.web' property to 'DEBUG'","service":"fms-core","version":"1.0.0","environment":"default"}
{"@timestamp":"2026-02-11T11:03:32.0307368+05:30","level":"INFO","logger_name":"org.springframework.data.repository.config.RepositoryConfigurationDelegate","message":"Bootstrapping Spring Data JPA repositories in DEFAULT mode.","service":"fms-core","version":"1.0.0","environment":"default"}
{"@timestamp":"2026-02-11T11:03:32.5517475+05:30","level":"INFO","logger_name":"org.springframework.data.repository.config.RepositoryConfigurationDelegate","message":"Finished Spring Data repository scanning in 507 ms. Found 19 JPA repository interfaces.","service":"fms-core","version":"1.0.0","environment":"default"}
{"@timestamp":"2026-02-11T11:03:33.0997518+05:30","level":"INFO","logger_name":"org.springframework.cloud.context.scope.GenericScope","message":"BeanFactory id=10a06e1a-2004-3de4-b0bc-71e62f26c2cc","service":"fms-core","version":"1.0.0","environment":"default"}
{"@timestamp":"2026-02-11T11:03:34.6447817+05:30","level":"INFO","logger_name":"org.springframework.boot.web.embedded.tomcat.TomcatWebServer","message":"Tomcat initialized with port 8084 (http)","service":"fms-core","version":"1.0.0","environment":"default"}
{"@timestamp":"2026-02-11T11:03:34.6667823+05:30","level":"INFO","logger_name":"org.apache.catalina.core.StandardService","message":"Starting service [Tomcat]","service":"fms-core","version":"1.0.0","environment":"default"}
{"@timestamp":"2026-02-11T11:03:34.6677805+05:30","level":"INFO","logger_name":"org.apache.catalina.core.StandardEngine","message":"Starting Servlet engine: [Apache Tomcat/10.1.39]","service":"fms-core","version":"1.0.0","environment":"default"}
{"@timestamp":"2026-02-11T11:03:34.7957835+05:30","level":"INFO","logger_name":"org.apache.catalina.core.ContainerBase.[Tomcat].[localhost].[/fms-core-service]","message":"Initializing Spring embedded WebApplicationContext","service":"fms-core","version":"1.0.0","environment":"default"}
{"@timestamp":"2026-02-11T11:03:34.7967848+05:30","level":"INFO","logger_name":"org.springframework.boot.web.servlet.context.ServletWebServerApplicationContext","message":"Root WebApplicationContext: initialization completed in 6003 ms","service":"fms-core","version":"1.0.0","environment":"default"}
{"@timestamp":"2026-02-11T11:03:36.2738143+05:30","level":"INFO","logger_name":"com.zaxxer.hikari.HikariDataSource","message":"HikariPool-1 - Starting...","service":"fms-core","version":"1.0.0","environment":"default"}
{"@timestamp":"2026-02-11T11:03:36.5878159+05:30","level":"INFO","logger_name":"com.zaxxer.hikari.pool.HikariPool","message":"HikariPool-1 - Added connection com.mysql.cj.jdbc.ConnectionImpl@33d63362","service":"fms-core","version":"1.0.0","environment":"default"}
{"@timestamp":"2026-02-11T11:03:36.5898171+05:30","level":"INFO","logger_name":"com.zaxxer.hikari.HikariDataSource","message":"HikariPool-1 - Start completed.","service":"fms-core","version":"1.0.0","environment":"default"}
{"@timestamp":"2026-02-11T11:03:36.6548163+05:30","level":"INFO","logger_name":"org.hibernate.jpa.internal.util.LogHelper","message":"HHH000204: Processing PersistenceUnitInfo [name: default]","service":"fms-core","version":"1.0.0","environment":"default"}
{"@timestamp":"2026-02-11T11:03:36.7738222+05:30","level":"INFO","logger_name":"org.hibernate.Version","message":"HHH000412: Hibernate ORM core version 6.6.11.Final","service":"fms-core","version":"1.0.0","environment":"default"}
{"@timestamp":"2026-02-11T11:03:36.9138217+05:30","level":"INFO","logger_name":"org.hibernate.cache.internal.RegionFactoryInitiator","message":"HHH000026: Second-level cache disabled","service":"fms-core","version":"1.0.0","environment":"default"}
{"@timestamp":"2026-02-11T11:03:37.4878332+05:30","level":"INFO","logger_name":"org.springframework.orm.jpa.persistenceunit.SpringPersistenceUnitInfo","message":"No LoadTimeWeaver setup: ignoring JPA class transformer","service":"fms-core","version":"1.0.0","environment":"default"}
{"@timestamp":"2026-02-11T11:03:37.6518325+05:30","level":"INFO","logger_name":"org.hibernate.orm.connections.pooling","message":"HHH10001005: Database info:\n\tDatabase JDBC URL [Connecting through datasource 'HikariDataSource (HikariPool-1)']\n\tDatabase driver: undefined/unknown\n\tDatabase version: 8.1\n\tAutocommit mode: undefined/unknown\n\tIsolation level: undefined/unknown\n\tMinimum pool size: undefined/unknown\n\tMaximum pool size: undefined/unknown","service":"fms-core","version":"1.0.0","environment":"default"}
{"@timestamp":"2026-02-11T11:03:39.8928745+05:30","level":"INFO","logger_name":"org.hibernate.engine.transaction.jta.platform.internal.JtaPlatformInitiator","message":"HHH000489: No JTA platform available (set 'hibernate.transaction.jta.platform' to enable JTA platform integration)","service":"fms-core","version":"1.0.0","environment":"default"}
{"@timestamp":"2026-02-11T11:03:40.6058827+05:30","level":"INFO","logger_name":"org.springframework.orm.jpa.LocalContainerEntityManagerFactoryBean","message":"Initialized JPA EntityManagerFactory for persistence unit 'default'","service":"fms-core","version":"1.0.0","environment":"default"}
{"@timestamp":"2026-02-11T11:03:40.9809223+05:30","level":"INFO","logger_name":"org.springframework.data.jpa.repository.query.QueryEnhancerFactory","message":"Hibernate is in classpath; If applicable, HQL parser will be used.","service":"fms-core","version":"1.0.0","environment":"default"}
{"@timestamp":"2026-02-11T11:03:44.5669539+05:30","level":"WARN","logger_name":"org.springframework.boot.autoconfigure.orm.jpa.JpaBaseConfiguration$JpaWebConfiguration","message":"spring.jpa.open-in-view is enabled by default. Therefore, database queries may be performed during view rendering. Explicitly configure spring.jpa.open-in-view to disable this warning","service":"fms-core","version":"1.0.0","environment":"default"}
{"@timestamp":"2026-02-11T11:03:44.6139555+05:30","level":"INFO","logger_name":"org.springframework.validation.beanvalidation.OptionalValidatorFactoryBean","message":"Failed to set up a Bean Validation provider: jakarta.validation.NoProviderFoundException: Unable to create a Configuration, because no Jakarta Bean Validation provider could be found. Add a provider like Hibernate Validator (RI) to your classpath.","service":"fms-core","version":"1.0.0","environment":"default"}
{"@timestamp":"2026-02-11T11:03:46.8949935+05:30","level":"WARN","logger_name":"org.springframework.boot.devtools.autoconfigure.OptionalLiveReloadServer","message":"Unable to start LiveReload server","service":"fms-core","version":"1.0.0","environment":"default"}
{"@timestamp":"2026-02-11T11:03:46.9719962+05:30","level":"INFO","logger_name":"org.springframework.cloud.netflix.eureka.config.DiscoveryClientOptionalArgsConfiguration","message":"Eureka HTTP Client uses RestTemplate.","service":"fms-core","version":"1.0.0","environment":"default"}
{"@timestamp":"2026-02-11T11:03:47.1080017+05:30","level":"WARN","logger_name":"org.springframework.cloud.loadbalancer.config.LoadBalancerCacheAutoConfiguration$LoadBalancerCaffeineWarnLogger","message":"Spring Cloud LoadBalancer is currently working with the default cache. While this cache implementation is useful for development and tests, it's recommended to use Caffeine cache in production.You can switch to using Caffeine cache, by adding it and org.springframework.cache.caffeine.CaffeineCacheManager to the classpath.","service":"fms-core","version":"1.0.0","environment":"default"}
{"@timestamp":"2026-02-11T11:03:47.1390004+05:30","level":"INFO","logger_name":"org.springframework.boot.actuate.endpoint.web.EndpointLinksResolver","message":"Exposing 6 endpoints beneath base path '/actuator'","service":"fms-core","version":"1.0.0","environment":"default"}
{"@timestamp":"2026-02-11T11:03:47.3000006+05:30","level":"INFO","logger_name":"org.springframework.messaging.simp.broker.SimpleBrokerMessageHandler","message":"Starting...","service":"fms-core","version":"1.0.0","environment":"default"}
{"@timestamp":"2026-02-11T11:03:47.3020013+05:30","level":"INFO","logger_name":"org.springframework.messaging.simp.broker.SimpleBrokerMessageHandler","message":"BrokerAvailabilityEvent[available=true, SimpleBrokerMessageHandler [org.springframework.messaging.simp.broker.DefaultSubscriptionRegistry@14c0ed8]]","service":"fms-core","version":"1.0.0","environment":"default"}
{"@timestamp":"2026-02-11T11:03:47.304+05:30","level":"INFO","logger_name":"org.springframework.messaging.simp.broker.SimpleBrokerMessageHandler","message":"Started.","service":"fms-core","version":"1.0.0","environment":"default"}
{"@timestamp":"2026-02-11T11:03:47.325004+05:30","level":"INFO","logger_name":"org.springframework.cloud.netflix.eureka.InstanceInfoFactory","message":"Setting initial instance status as: STARTING","service":"fms-core","version":"1.0.0","environment":"default"}
{"@timestamp":"2026-02-11T11:03:47.4000098+05:30","level":"INFO","logger_name":"com.netflix.discovery.DiscoveryClient","message":"Initializing Eureka in region us-east-1","service":"fms-core","version":"1.0.0","environment":"default"}
{"@timestamp":"2026-02-11T11:03:47.4090022+05:30","level":"INFO","logger_name":"com.netflix.discovery.shared.resolver.aws.ConfigClusterResolver","message":"Resolving eureka endpoints via configuration","service":"fms-core","version":"1.0.0","environment":"default"}
{"@timestamp":"2026-02-11T11:03:47.4250037+05:30","level":"INFO","logger_name":"com.netflix.discovery.DiscoveryClient","message":"Disable delta property : false","service":"fms-core","version":"1.0.0","environment":"default"}
{"@timestamp":"2026-02-11T11:03:47.4250037+05:30","level":"INFO","logger_name":"com.netflix.discovery.DiscoveryClient","message":"Single vip registry refresh property : null","service":"fms-core","version":"1.0.0","environment":"default"}
{"@timestamp":"2026-02-11T11:03:47.4260037+05:30","level":"INFO","logger_name":"com.netflix.discovery.DiscoveryClient","message":"Force full registry fetch : false","service":"fms-core","version":"1.0.0","environment":"default"}
{"@timestamp":"2026-02-11T11:03:47.4260037+05:30","level":"INFO","logger_name":"com.netflix.discovery.DiscoveryClient","message":"Application is null : false","service":"fms-core","version":"1.0.0","environment":"default"}
{"@timestamp":"2026-02-11T11:03:47.4260037+05:30","level":"INFO","logger_name":"com.netflix.discovery.DiscoveryClient","message":"Registered Applications size is zero : true","service":"fms-core","version":"1.0.0","environment":"default"}
{"@timestamp":"2026-02-11T11:03:47.4260037+05:30","level":"INFO","logger_name":"com.netflix.discovery.DiscoveryClient","message":"Application version is -1: true","service":"fms-core","version":"1.0.0","environment":"default"}
{"@timestamp":"2026-02-11T11:03:47.4270287+05:30","level":"INFO","logger_name":"com.netflix.discovery.DiscoveryClient","message":"Getting all instance registry info from the eureka server","service":"fms-core","version":"1.0.0","environment":"default"}
{"@timestamp":"2026-02-11T11:03:47.9790152+05:30","level":"INFO","logger_name":"com.netflix.discovery.DiscoveryClient","message":"The response status is 200","service":"fms-core","version":"1.0.0","environment":"default"}
{"@timestamp":"2026-02-11T11:03:47.9820131+05:30","level":"INFO","logger_name":"com.netflix.discovery.DiscoveryClient","message":"Starting heartbeat executor: renew interval is: 30","service":"fms-core","version":"1.0.0","environment":"default"}
{"@timestamp":"2026-02-11T11:03:47.985014+05:30","level":"INFO","logger_name":"com.netflix.discovery.InstanceInfoReplicator","message":"InstanceInfoReplicator onDemand update allowed rate per min is 4","service":"fms-core","version":"1.0.0","environment":"default"}
{"@timestamp":"2026-02-11T11:03:47.9870119+05:30","level":"INFO","logger_name":"com.netflix.discovery.DiscoveryClient","message":"Discovery Client initialized at timestamp 1770788027987 with initial instances count: 3","service":"fms-core","version":"1.0.0","environment":"default"}
{"@timestamp":"2026-02-11T11:03:48.0010108+05:30","level":"INFO","logger_name":"org.springframework.cloud.netflix.eureka.serviceregistry.EurekaServiceRegistry","message":"Registering application FMS_CORE with eureka with status UP","service":"fms-core","version":"1.0.0","environment":"default"}
{"@timestamp":"2026-02-11T11:03:48.0030231+05:30","level":"INFO","logger_name":"com.netflix.discovery.DiscoveryClient","message":"Saw local status change event StatusChangeEvent [timestamp=1770788028003, current=UP, previous=STARTING]","service":"fms-core","version":"1.0.0","environment":"default"}
{"@timestamp":"2026-02-11T11:03:48.0060149+05:30","level":"INFO","logger_name":"com.netflix.discovery.DiscoveryClient","message":"DiscoveryClient_FMS_CORE/KAVINDA5242.mshome.net:fms_core:8084: registering service...","service":"fms-core","version":"1.0.0","environment":"default"}
{"@timestamp":"2026-02-11T11:03:48.0420134+05:30","level":"INFO","logger_name":"org.springframework.boot.web.embedded.tomcat.TomcatWebServer","message":"Tomcat started on port 8084 (http) with context path '/fms-core-service'","service":"fms-core","version":"1.0.0","environment":"default"}
{"@timestamp":"2026-02-11T11:03:48.0440141+05:30","level":"INFO","logger_name":"org.springframework.cloud.netflix.eureka.serviceregistry.EurekaAutoServiceRegistration","message":"Updating port to 8084","service":"fms-core","version":"1.0.0","environment":"default"}
{"@timestamp":"2026-02-11T11:03:48.0680147+05:30","level":"INFO","logger_name":"com.netflix.discovery.DiscoveryClient","message":"DiscoveryClient_FMS_CORE/KAVINDA5242.mshome.net:fms_core:8084 - registration status: 204","service":"fms-core","version":"1.0.0","environment":"default"}
{"@timestamp":"2026-02-11T11:03:48.0730131+05:30","level":"INFO","logger_name":"net.com.fms_core.FmsCoreApplication","message":"Started FmsCoreApplication in 22.009 seconds (process running for 24.794)","service":"fms-core","version":"1.0.0","environment":"default"}
{"@timestamp":"2026-02-11T11:03:51.1080658+05:30","level":"INFO","logger_name":"org.drools.compiler.kie.builder.impl.KieContainerImpl","message":"Start creation of KieBase: defaultKieBase","service":"fms-core","version":"1.0.0","environment":"default"}
{"@timestamp":"2026-02-11T11:03:51.2031008+05:30","level":"INFO","logger_name":"org.drools.compiler.kie.builder.impl.KieContainerImpl","message":"End creation of KieBase: defaultKieBase","service":"fms-core","version":"1.0.0","environment":"default"}
{"@timestamp":"2026-02-11T11:03:51.8080775+05:30","level":"INFO","logger_name":"org.drools.compiler.kie.builder.impl.KieContainerImpl","message":"Start creation of KieBase: defaultKieBase","service":"fms-core","version":"1.0.0","environment":"default"}
{"@timestamp":"2026-02-11T11:03:51.8520808+05:30","level":"INFO","logger_name":"org.drools.compiler.kie.builder.impl.KieContainerImpl","message":"End creation of KieBase: defaultKieBase","service":"fms-core","version":"1.0.0","environment":"default"}
{"@timestamp":"2026-02-11T11:03:51.8530803+05:30","level":"INFO","logger_name":"net.com.fms_core.config.SocketListener","message":"✅ FMS Receiver is listening on port 5000","service":"fms-core","version":"1.0.0","environment":"default"}
{"@timestamp":"2026-02-11T11:04:06.1862846+05:30","level":"INFO","logger_name":"org.apache.catalina.core.ContainerBase.[Tomcat].[localhost].[/fms-core-service]","message":"Initializing Spring DispatcherServlet 'dispatcherServlet'","service":"fms-core","version":"1.0.0","environment":"default"}
{"@timestamp":"2026-02-11T11:04:06.1872856+05:30","level":"INFO","logger_name":"org.springframework.web.servlet.DispatcherServlet","message":"Initializing Servlet 'dispatcherServlet'","service":"fms-core","version":"1.0.0","environment":"default"}
{"@timestamp":"2026-02-11T11:04:06.1922845+05:30","level":"INFO","logger_name":"org.springframework.web.servlet.DispatcherServlet","message":"Completed initialization in 5 ms","service":"fms-core","version":"1.0.0","environment":"default"}
{"@timestamp":"2026-02-11T11:04:06.2912813+05:30","level":"INFO","logger_name":"net.com.fms_core.service.impl.ImpossibleDistanceServiceImpl","message":"Using Java + Python model for distance analysis","service":"fms-core","version":"1.0.0","environment":"default"}
{"@timestamp":"2026-02-11T11:04:06.4352908+05:30","level":"INFO","logger_name":"net.com.fms_core.controller.RiskController","message":"Distance: 0.0km, Time: 0min, Required Speed: 0.0km/h","service":"fms-core","version":"1.0.0","environment":"default"}
{"@timestamp":"2026-02-11T11:04:08.8043299+05:30","level":"WARN","logger_name":"org.hibernate.engine.jdbc.spi.SqlExceptionHelper","message":"SQL Error: 1406, SQLState: 22001","service":"fms-core","version":"1.0.0","environment":"default"}
{"@timestamp":"2026-02-11T11:04:08.8053286+05:30","level":"ERROR","logger_name":"org.hibernate.engine.jdbc.spi.SqlExceptionHelper","message":"Data truncation: Data too long for column 'tran_packet' at row 1","service":"fms-core","version":"1.0.0","environment":"default"}
{"@timestamp":"2026-02-11T11:04:45.3931268+05:30","level":"INFO","logger_name":"net.com.fms_core.service.impl.ImpossibleDistanceServiceImpl","message":"Using Java + Python model for distance analysis","service":"fms-core","version":"1.0.0","environment":"default"}
{"@timestamp":"2026-02-11T11:04:45.3991245+05:30","level":"INFO","logger_name":"net.com.fms_core.controller.RiskController","message":"Distance: 0.0km, Time: 0min, Required Speed: 0.0km/h","service":"fms-core","version":"1.0.0","environment":"default"}
{"@timestamp":"2026-02-11T11:04:47.2351554+05:30","level":"INFO","logger_name":"org.springframework.web.socket.config.WebSocketMessageBrokerStats","message":"WebSocketSession[0 current WS(0)-HttpStream(0)-HttpPoll(0), 0 total, 0 closed abnormally (0 connect failure, 0 send limit, 0 transport error)], stompSubProtocol[processed CONNECT(0)-CONNECTED(0)-DISCONNECT(0)], stompBrokerRelay[null], inboundChannel[pool size = 2, active threads = 0, queued tasks = 0, completed tasks = 2], outboundChannel[pool size = 2, active threads = 0, queued tasks = 0, completed tasks = 2], sockJsScheduler[pool size = 1, active threads = 1, queued tasks = 0, completed tasks = 0]","service":"fms-core","version":"1.0.0","environment":"default"}
{"@timestamp":"2026-02-11T11:05:06.0441896+05:30","level":"INFO","logger_name":"net.com.fms_core.service.impl.ImpossibleDistanceServiceImpl","message":"Using Java + Python model for distance analysis","service":"fms-core","version":"1.0.0","environment":"default"}
{"@timestamp":"2026-02-11T11:05:06.0721859+05:30","level":"WARN","logger_name":"org.hibernate.engine.jdbc.spi.SqlExceptionHelper","message":"SQL Error: 1146, SQLState: 42S02","service":"fms-core","version":"1.0.0","environment":"default"}
{"@timestamp":"2026-02-11T11:05:06.073187+05:30","level":"ERROR","logger_name":"org.hibernate.engine.jdbc.spi.SqlExceptionHelper","message":"Table 'fms.geo_cache' doesn't exist","service":"fms-core","version":"1.0.0","environment":"default"}
{"@timestamp":"2026-02-11T11:05:06.0742083+05:30","level":"INFO","logger_name":"org.hibernate.event.internal.DefaultLoadEventListener","message":"HHH000327: Error performing load command","service":"fms-core","version":"1.0.0","environment":"default"}
{"@timestamp":"2026-02-11T11:05:06.0831893+05:30","level":"DEBUG","logger_name":"net.com.fms_core.service.impl.ImpossibleDistanceServiceImpl","message":"GeoService failed, trying manual parsing: JDBC exception executing SQL [select gc1_0.location,gc1_0.latitude,gc1_0.longitude from geo_cache gc1_0 where gc1_0.location=?] [Table 'fms.geo_cache' doesn't exist] [n/a]; SQL [n/a]","service":"fms-core","version":"1.0.0","environment":"default"}
{"@timestamp":"2026-02-11T11:05:07.4502093+05:30","level":"WARN","logger_name":"net.com.fms_core.service.impl.ImpossibleDistanceServiceImpl","message":"No valid location found, using fallback","service":"fms-core","version":"1.0.0","environment":"default"}
{"@timestamp":"2026-02-11T11:05:07.4542105+05:30","level":"WARN","logger_name":"org.hibernate.engine.jdbc.spi.SqlExceptionHelper","message":"SQL Error: 1146, SQLState: 42S02","service":"fms-core","version":"1.0.0","environment":"default"}
{"@timestamp":"2026-02-11T11:05:07.4542105+05:30","level":"ERROR","logger_name":"org.hibernate.engine.jdbc.spi.SqlExceptionHelper","message":"Table 'fms.geo_cache' doesn't exist","service":"fms-core","version":"1.0.0","environment":"default"}
{"@timestamp":"2026-02-11T11:05:07.4542105+05:30","level":"INFO","logger_name":"org.hibernate.event.internal.DefaultLoadEventListener","message":"HHH000327: Error performing load command","service":"fms-core","version":"1.0.0","environment":"default"}
{"@timestamp":"2026-02-11T11:05:07.4582124+05:30","level":"DEBUG","logger_name":"net.com.fms_core.service.impl.ImpossibleDistanceServiceImpl","message":"GeoService failed, trying manual parsing: JDBC exception executing SQL [select gc1_0.location,gc1_0.latitude,gc1_0.longitude from geo_cache gc1_0 where gc1_0.location=?] [Table 'fms.geo_cache' doesn't exist] [n/a]; SQL [n/a]","service":"fms-core","version":"1.0.0","environment":"default"}
{"@timestamp":"2026-02-11T11:05:08.4422264+05:30","level":"WARN","logger_name":"net.com.fms_core.service.impl.ImpossibleDistanceServiceImpl","message":"No valid location found, using fallback","service":"fms-core","version":"1.0.0","environment":"default"}
{"@timestamp":"2026-02-11T11:05:08.4432273+05:30","level":"INFO","logger_name":"net.com.fms_core.controller.RiskController","message":"Distance: 0.0km, Time: 0min, Required Speed: 0.0km/h","service":"fms-core","version":"1.0.0","environment":"default"}
{"@timestamp":"2026-02-11T11:05:26.5246004+05:30","level":"INFO","logger_name":"net.com.fms_core.service.impl.ImpossibleDistanceServiceImpl","message":"Using Java + Python model for distance analysis","service":"fms-core","version":"1.0.0","environment":"default"}
{"@timestamp":"2026-02-11T11:05:26.5346018+05:30","level":"WARN","logger_name":"org.hibernate.engine.jdbc.spi.SqlExceptionHelper","message":"SQL Error: 1146, SQLState: 42S02","service":"fms-core","version":"1.0.0","environment":"default"}
{"@timestamp":"2026-02-11T11:05:26.5355999+05:30","level":"ERROR","logger_name":"org.hibernate.engine.jdbc.spi.SqlExceptionHelper","message":"Table 'fms.geo_cache' doesn't exist","service":"fms-core","version":"1.0.0","environment":"default"}
{"@timestamp":"2026-02-11T11:05:26.5355999+05:30","level":"INFO","logger_name":"org.hibernate.event.internal.DefaultLoadEventListener","message":"HHH000327: Error performing load command","service":"fms-core","version":"1.0.0","environment":"default"}
{"@timestamp":"2026-02-11T11:05:26.5395988+05:30","level":"DEBUG","logger_name":"net.com.fms_core.service.impl.ImpossibleDistanceServiceImpl","message":"GeoService failed, trying manual parsing: JDBC exception executing SQL [select gc1_0.location,gc1_0.latitude,gc1_0.longitude from geo_cache gc1_0 where gc1_0.location=?] [Table 'fms.geo_cache' doesn't exist] [n/a]; SQL [n/a]","service":"fms-core","version":"1.0.0","environment":"default"}
{"@timestamp":"2026-02-11T11:05:27.410617+05:30","level":"WARN","logger_name":"net.com.fms_core.service.impl.ImpossibleDistanceServiceImpl","message":"No valid location found, using fallback","service":"fms-core","version":"1.0.0","environment":"default"}
{"@timestamp":"2026-02-11T11:05:27.4146197+05:30","level":"WARN","logger_name":"org.hibernate.engine.jdbc.spi.SqlExceptionHelper","message":"SQL Error: 1146, SQLState: 42S02","service":"fms-core","version":"1.0.0","environment":"default"}
{"@timestamp":"2026-02-11T11:05:27.4146197+05:30","level":"ERROR","logger_name":"org.hibernate.engine.jdbc.spi.SqlExceptionHelper","message":"Table 'fms.geo_cache' doesn't exist","service":"fms-core","version":"1.0.0","environment":"default"}
{"@timestamp":"2026-02-11T11:05:27.415618+05:30","level":"INFO","logger_name":"org.hibernate.event.internal.DefaultLoadEventListener","message":"HHH000327: Error performing load command","service":"fms-core","version":"1.0.0","environment":"default"}
{"@timestamp":"2026-02-11T11:05:27.4186264+05:30","level":"DEBUG","logger_name":"net.com.fms_core.service.impl.ImpossibleDistanceServiceImpl","message":"GeoService failed, trying manual parsing: JDBC exception executing SQL [select gc1_0.location,gc1_0.latitude,gc1_0.longitude from geo_cache gc1_0 where gc1_0.location=?] [Table 'fms.geo_cache' doesn't exist] [n/a]; SQL [n/a]","service":"fms-core","version":"1.0.0","environment":"default"}
{"@timestamp":"2026-02-11T11:05:28.4116331+05:30","level":"WARN","logger_name":"net.com.fms_core.service.impl.ImpossibleDistanceServiceImpl","message":"No valid location found, using fallback","service":"fms-core","version":"1.0.0","environment":"default"}
{"@timestamp":"2026-02-11T11:05:28.4126349+05:30","level":"INFO","logger_name":"net.com.fms_core.controller.RiskController","message":"Distance: 0.0km, Time: 0min, Required Speed: 0.0km/h","service":"fms-core","version":"1.0.0","environment":"default"}
{"@timestamp":"2026-02-11T11:06:41.8733607+05:30","level":"INFO","logger_name":"net.com.fms_core.service.impl.ImpossibleDistanceServiceImpl","message":"Using Java + Python model for distance analysis","service":"fms-core","version":"1.0.0","environment":"default"}
{"@timestamp":"2026-02-11T11:06:41.8813635+05:30","level":"WARN","logger_name":"org.hibernate.engine.jdbc.spi.SqlExceptionHelper","message":"SQL Error: 1146, SQLState: 42S02","service":"fms-core","version":"1.0.0","environment":"default"}
{"@timestamp":"2026-02-11T11:06:41.8813635+05:30","level":"ERROR","logger_name":"org.hibernate.engine.jdbc.spi.SqlExceptionHelper","message":"Table 'fms.geo_cache' doesn't exist","service":"fms-core","version":"1.0.0","environment":"default"}
{"@timestamp":"2026-02-11T11:06:41.8813635+05:30","level":"INFO","logger_name":"org.hibernate.event.internal.DefaultLoadEventListener","message":"HHH000327: Error performing load command","service":"fms-core","version":"1.0.0","environment":"default"}
{"@timestamp":"2026-02-11T11:06:41.8843628+05:30","level":"DEBUG","logger_name":"net.com.fms_core.service.impl.ImpossibleDistanceServiceImpl","message":"GeoService failed, trying manual parsing: JDBC exception executing SQL [select gc1_0.location,gc1_0.latitude,gc1_0.longitude from geo_cache gc1_0 where gc1_0.location=?] [Table 'fms.geo_cache' doesn't exist] [n/a]; SQL [n/a]","service":"fms-core","version":"1.0.0","environment":"default"}
{"@timestamp":"2026-02-11T11:06:43.4923748+05:30","level":"WARN","logger_name":"net.com.fms_core.service.impl.ImpossibleDistanceServiceImpl","message":"No valid location found, using fallback","service":"fms-core","version":"1.0.0","environment":"default"}
{"@timestamp":"2026-02-11T11:06:43.4973755+05:30","level":"WARN","logger_name":"org.hibernate.engine.jdbc.spi.SqlExceptionHelper","message":"SQL Error: 1146, SQLState: 42S02","service":"fms-core","version":"1.0.0","environment":"default"}
{"@timestamp":"2026-02-11T11:06:43.4983771+05:30","level":"ERROR","logger_name":"org.hibernate.engine.jdbc.spi.SqlExceptionHelper","message":"Table 'fms.geo_cache' doesn't exist","service":"fms-core","version":"1.0.0","environment":"default"}
{"@timestamp":"2026-02-11T11:06:43.4983771+05:30","level":"INFO","logger_name":"org.hibernate.event.internal.DefaultLoadEventListener","message":"HHH000327: Error performing load command","service":"fms-core","version":"1.0.0","environment":"default"}
{"@timestamp":"2026-02-11T11:06:43.5733764+05:30","level":"DEBUG","logger_name":"net.com.fms_core.service.impl.ImpossibleDistanceServiceImpl","message":"GeoService failed, trying manual parsing: JDBC exception executing SQL [select gc1_0.location,gc1_0.latitude,gc1_0.longitude from geo_cache gc1_0 where gc1_0.location=?] [Table 'fms.geo_cache' doesn't exist] [n/a]; SQL [n/a]","service":"fms-core","version":"1.0.0","environment":"default"}
{"@timestamp":"2026-02-11T11:06:43.7759019+05:30","level":"WARN","logger_name":"net.com.fms_core.service.impl.ImpossibleDistanceServiceImpl","message":"No valid location found, using fallback","service":"fms-core","version":"1.0.0","environment":"default"}
{"@timestamp":"2026-02-11T11:06:43.7769027+05:30","level":"INFO","logger_name":"net.com.fms_core.controller.RiskController","message":"Distance: 0.0km, Time: 0min, Required Speed: 0.0km/h","service":"fms-core","version":"1.0.0","environment":"default"}
{"@timestamp":"2026-02-11T11:08:47.4613752+05:30","level":"INFO","logger_name":"com.netflix.discovery.shared.resolver.aws.ConfigClusterResolver","message":"Resolving eureka endpoints via configuration","service":"fms-core","version":"1.0.0","environment":"default"}
{"@timestamp":"2026-02-11T11:11:09.4463196+05:30","level":"INFO","logger_name":"org.apache.tomcat.util.http.parser.Cookie","message":"A cookie header was received [g_state={\"i_t\":1757581920389,\"i_l\":0};] that contained an invalid cookie. That cookie will be ignored.\n Note: further occurrences of this error will be logged at DEBUG level.","service":"fms-core","version":"1.0.0","environment":"default"}
{"@timestamp":"2026-02-11T11:13:27.0743675+05:30","level":"INFO","logger_name":"net.com.fms_core.service.impl.ImpossibleDistanceServiceImpl","message":"Using Java + Python model for distance analysis","service":"fms-core","version":"1.0.0","environment":"default"}
{"@timestamp":"2026-02-11T11:13:27.086365+05:30","level":"WARN","logger_name":"org.hibernate.engine.jdbc.spi.SqlExceptionHelper","message":"SQL Error: 1146, SQLState: 42S02","service":"fms-core","version":"1.0.0","environment":"default"}
{"@timestamp":"2026-02-11T11:13:27.086365+05:30","level":"ERROR","logger_name":"org.hibernate.engine.jdbc.spi.SqlExceptionHelper","message":"Table 'fms.geo_cache' doesn't exist","service":"fms-core","version":"1.0.0","environment":"default"}
{"@timestamp":"2026-02-11T11:13:27.086365+05:30","level":"INFO","logger_name":"org.hibernate.event.internal.DefaultLoadEventListener","message":"HHH000327: Error performing load command","service":"fms-core","version":"1.0.0","environment":"default"}
{"@timestamp":"2026-02-11T11:13:27.0893703+05:30","level":"DEBUG","logger_name":"net.com.fms_core.service.impl.ImpossibleDistanceServiceImpl","message":"GeoService failed, trying manual parsing: JDBC exception executing SQL [select gc1_0.location,gc1_0.latitude,gc1_0.longitude from geo_cache gc1_0 where gc1_0.location=?] [Table 'fms.geo_cache' doesn't exist] [n/a]; SQL [n/a]","service":"fms-core","version":"1.0.0","environment":"default"}
{"@timestamp":"2026-02-11T11:13:28.0133699+05:30","level":"WARN","logger_name":"net.com.fms_core.service.impl.ImpossibleDistanceServiceImpl","message":"No valid location found, using fallback","service":"fms-core","version":"1.0.0","environment":"default"}
{"@timestamp":"2026-02-11T11:13:28.0183709+05:30","level":"WARN","logger_name":"org.hibernate.engine.jdbc.spi.SqlExceptionHelper","message":"SQL Error: 1146, SQLState: 42S02","service":"fms-core","version":"1.0.0","environment":"default"}
{"@timestamp":"2026-02-11T11:13:28.0183709+05:30","level":"ERROR","logger_name":"org.hibernate.engine.jdbc.spi.SqlExceptionHelper","message":"Table 'fms.geo_cache' doesn't exist","service":"fms-core","version":"1.0.0","environment":"default"}
{"@timestamp":"2026-02-11T11:13:28.0183709+05:30","level":"INFO","logger_name":"org.hibernate.event.internal.DefaultLoadEventListener","message":"HHH000327: Error performing load command","service":"fms-core","version":"1.0.0","environment":"default"}
{"@timestamp":"2026-02-11T11:13:28.0213721+05:30","level":"DEBUG","logger_name":"net.com.fms_core.service.impl.ImpossibleDistanceServiceImpl","message":"GeoService failed, trying manual parsing: JDBC exception executing SQL [select gc1_0.location,gc1_0.latitude,gc1_0.longitude from geo_cache gc1_0 where gc1_0.location=?] [Table 'fms.geo_cache' doesn't exist] [n/a]; SQL [n/a]","service":"fms-core","version":"1.0.0","environment":"default"}
{"@timestamp":"2026-02-11T11:13:29.0263744+05:30","level":"WARN","logger_name":"net.com.fms_core.service.impl.ImpossibleDistanceServiceImpl","message":"No valid location found, using fallback","service":"fms-core","version":"1.0.0","environment":"default"}
{"@timestamp":"2026-02-11T11:13:29.0263744+05:30","level":"INFO","logger_name":"net.com.fms_core.controller.RiskController","message":"Distance: 0.0km, Time: 0min, Required Speed: 0.0km/h","service":"fms-core","version":"1.0.0","environment":"default"}
{"@timestamp":"2026-02-11T11:13:47.4690293+05:30","level":"INFO","logger_name":"com.netflix.discovery.shared.resolver.aws.ConfigClusterResolver","message":"Resolving eureka endpoints via configuration","service":"fms-core","version":"1.0.0","environment":"default"}
{"@timestamp":"2026-02-11T11:18:47.4852258+05:30","level":"INFO","logger_name":"com.netflix.discovery.shared.resolver.aws.ConfigClusterResolver","message":"Resolving eureka endpoints via configuration","service":"fms-core","version":"1.0.0","environment":"default"}
{"@timestamp":"2026-02-11T11:23:47.5398094+05:30","level":"INFO","logger_name":"com.netflix.discovery.shared.resolver.aws.ConfigClusterResolver","message":"Resolving eureka endpoints via configuration","service":"fms-core","version":"1.0.0","environment":"default"}
{"@timestamp":"2026-02-11T11:28:47.5448423+05:30","level":"INFO","logger_name":"com.netflix.discovery.shared.resolver.aws.ConfigClusterResolver","message":"Resolving eureka endpoints via configuration","service":"fms-core","version":"1.0.0","environment":"default"}
{"@timestamp":"2026-02-11T11:42:15.0633369+05:30","level":"WARN","logger_name":"com.zaxxer.hikari.pool.HikariPool","message":"HikariPool-1 - Thread starvation or clock leap detected (housekeeper delta=11m33s113ms812µs).","service":"fms-core","version":"1.0.0","environment":"default"}
{"@timestamp":"2026-02-11T11:44:48.0473668+05:30","level":"INFO","logger_name":"com.netflix.discovery.shared.resolver.aws.ConfigClusterResolver","message":"Resolving eureka endpoints via configuration","service":"fms-core","version":"1.0.0","environment":"default"}
{"@timestamp":"2026-02-11T11:45:47.7663687+05:30","level":"INFO","logger_name":"org.springframework.web.socket.config.WebSocketMessageBrokerStats","message":"WebSocketSession[0 current WS(0)-HttpStream(0)-HttpPoll(0), 0 total, 0 closed abnormally (0 connect failure, 0 send limit, 0 transport error)], stompSubProtocol[processed CONNECT(0)-CONNECTED(0)-DISCONNECT(0)], stompBrokerRelay[null], inboundChannel[pool size = 6, active threads = 0, queued tasks = 0, completed tasks = 6], outboundChannel[pool size = 6, active threads = 0, queued tasks = 0, completed tasks = 6], sockJsScheduler[pool size = 2, active threads = 1, queued tasks = 0, completed tasks = 1]","service":"fms-core","version":"1.0.0","environment":"default"}
{"@timestamp":"2026-02-11T11:49:48.0512904+05:30","level":"INFO","logger_name":"com.netflix.discovery.shared.resolver.aws.ConfigClusterResolver","message":"Resolving eureka endpoints via configuration","service":"fms-core","version":"1.0.0","environment":"default"}
{"@timestamp":"2026-02-11T11:52:56.7715411+05:30","level":"WARN","logger_name":"org.apache.catalina.util.SessionIdGeneratorBase","message":"Creation of SecureRandom instance for session ID generation using [SHA1PRNG] took [278] milliseconds.","service":"fms-core","version":"1.0.0","environment":"default"}
{"@timestamp":"2026-02-11T11:53:33.4755404+05:30","level":"INFO","logger_name":"org.springframework.scheduling.annotation.AnnotationAsyncExecutionInterceptor","message":"More than one TaskExecutor bean found within the context, and none is named 'taskExecutor'. Mark one of them as primary or name it 'taskExecutor' (possibly as an alias) in order to use it for async processing: [applicationTaskExecutor, clientInboundChannelExecutor, clientOutboundChannelExecutor, brokerChannelExecutor, messageBrokerTaskScheduler]","service":"fms-core","version":"1.0.0","environment":"default"}
{"@timestamp":"2026-02-11T11:53:33.5355372+05:30","level":"INFO","logger_name":"net.com.fms_core.monitoring.LoggingUtil","message":"Audit event: UPDATE_RULE on FMS_RULE with ID: null","entityType":"FMS_RULE","auditAction":"UPDATE_RULE","service":"fms-core","version":"1.0.0","environment":"default"}
{"@timestamp":"2026-02-11T11:53:50.4727263+05:30","level":"INFO","logger_name":"org.drools.compiler.kie.builder.impl.KieContainerImpl","message":"Start creation of KieBase: defaultKieBase","service":"fms-core","version":"1.0.0","environment":"default"}
{"@timestamp":"2026-02-11T11:53:50.5287213+05:30","level":"INFO","logger_name":"org.drools.compiler.kie.builder.impl.KieContainerImpl","message":"End creation of KieBase: defaultKieBase","service":"fms-core","version":"1.0.0","environment":"default"}
{"@timestamp":"2026-02-11T11:54:34.6826615+05:30","level":"INFO","logger_name":"org.drools.compiler.kie.builder.impl.KieContainerImpl","message":"Start creation of KieBase: defaultKieBase","service":"fms-core","version":"1.0.0","environment":"default"}
{"@timestamp":"2026-02-11T11:54:34.7626619+05:30","level":"INFO","logger_name":"org.drools.compiler.kie.builder.impl.KieContainerImpl","message":"End creation of KieBase: defaultKieBase","service":"fms-core","version":"1.0.0","environment":"default"}
{"@timestamp":"2026-02-11T11:54:44.4608049+05:30","level":"INFO","logger_name":"net.com.fms_core.service.impl.ImpossibleDistanceServiceImpl","message":"Using Java + Python model for distance analysis","service":"fms-core","version":"1.0.0","environment":"default"}
{"@timestamp":"2026-02-11T11:54:44.4988025+05:30","level":"WARN","logger_name":"org.hibernate.engine.jdbc.spi.SqlExceptionHelper","message":"SQL Error: 1146, SQLState: 42S02","service":"fms-core","version":"1.0.0","environment":"default"}
{"@timestamp":"2026-02-11T11:54:44.4988025+05:30","level":"ERROR","logger_name":"org.hibernate.engine.jdbc.spi.SqlExceptionHelper","message":"Table 'fms.geo_cache' doesn't exist","service":"fms-core","version":"1.0.0","environment":"default"}
{"@timestamp":"2026-02-11T11:54:44.4998026+05:30","level":"INFO","logger_name":"org.hibernate.event.internal.DefaultLoadEventListener","message":"HHH000327: Error performing load command","service":"fms-core","version":"1.0.0","environment":"default"}
{"@timestamp":"2026-02-11T11:54:44.5058034+05:30","level":"DEBUG","logger_name":"net.com.fms_core.service.impl.ImpossibleDistanceServiceImpl","message":"GeoService failed, trying manual parsing: JDBC exception executing SQL [select gc1_0.location,gc1_0.latitude,gc1_0.longitude from geo_cache gc1_0 where gc1_0.location=?] [Table 'fms.geo_cache' doesn't exist] [n/a]; SQL [n/a]","service":"fms-core","version":"1.0.0","environment":"default"}
{"@timestamp":"2026-02-11T11:54:45.5268011+05:30","level":"WARN","logger_name":"net.com.fms_core.service.impl.ImpossibleDistanceServiceImpl","message":"No valid location found, using fallback","service":"fms-core","version":"1.0.0","environment":"default"}
{"@timestamp":"2026-02-11T11:54:45.5308062+05:30","level":"WARN","logger_name":"org.hibernate.engine.jdbc.spi.SqlExceptionHelper","message":"SQL Error: 1146, SQLState: 42S02","service":"fms-core","version":"1.0.0","environment":"default"}
{"@timestamp":"2026-02-11T11:54:45.5308062+05:30","level":"ERROR","logger_name":"org.hibernate.engine.jdbc.spi.SqlExceptionHelper","message":"Table 'fms.geo_cache' doesn't exist","service":"fms-core","version":"1.0.0","environment":"default"}
{"@timestamp":"2026-02-11T11:54:45.5308062+05:30","level":"INFO","logger_name":"org.hibernate.event.internal.DefaultLoadEventListener","message":"HHH000327: Error performing load command","service":"fms-core","version":"1.0.0","environment":"default"}
{"@timestamp":"2026-02-11T11:54:45.5598033+05:30","level":"DEBUG","logger_name":"net.com.fms_core.service.impl.ImpossibleDistanceServiceImpl","message":"GeoService failed, trying manual parsing: JDBC exception executing SQL [select gc1_0.location,gc1_0.latitude,gc1_0.longitude from geo_cache gc1_0 where gc1_0.location=?] [Table 'fms.geo_cache' doesn't exist] [n/a]; SQL [n/a]","service":"fms-core","version":"1.0.0","environment":"default"}
{"@timestamp":"2026-02-11T11:54:46.5328165+05:30","level":"WARN","logger_name":"net.com.fms_core.service.impl.ImpossibleDistanceServiceImpl","message":"No valid location found, using fallback","service":"fms-core","version":"1.0.0","environment":"default"}
{"@timestamp":"2026-02-11T11:54:46.5338027+05:30","level":"INFO","logger_name":"net.com.fms_core.controller.RiskController","message":"Distance: 0.0km, Time: 0min, Required Speed: 0.0km/h","service":"fms-core","version":"1.0.0","environment":"default"}
{"@timestamp":"2026-02-11T11:54:48.0708037+05:30","level":"INFO","logger_name":"com.netflix.discovery.shared.resolver.aws.ConfigClusterResolver","message":"Resolving eureka endpoints via configuration","service":"fms-core","version":"1.0.0","environment":"default"}
{"@timestamp":"2026-02-11T11:55:03.9908885+05:30","level":"INFO","logger_name":"net.com.fms_core.service.impl.ImpossibleDistanceServiceImpl","message":"Using Java + Python model for distance analysis","service":"fms-core","version":"1.0.0","environment":"default"}
{"@timestamp":"2026-02-11T11:55:04.001886+05:30","level":"WARN","logger_name":"org.hibernate.engine.jdbc.spi.SqlExceptionHelper","message":"SQL Error: 1146, SQLState: 42S02","service":"fms-core","version":"1.0.0","environment":"default"}
{"@timestamp":"2026-02-11T11:55:04.0028866+05:30","level":"ERROR","logger_name":"org.hibernate.engine.jdbc.spi.SqlExceptionHelper","message":"Table 'fms.geo_cache' doesn't exist","service":"fms-core","version":"1.0.0","environment":"default"}
{"@timestamp":"2026-02-11T11:55:04.0028866+05:30","level":"INFO","logger_name":"org.hibernate.event.internal.DefaultLoadEventListener","message":"HHH000327: Error performing load command","service":"fms-core","version":"1.0.0","environment":"default"}
{"@timestamp":"2026-02-11T11:55:04.0058881+05:30","level":"DEBUG","logger_name":"net.com.fms_core.service.impl.ImpossibleDistanceServiceImpl","message":"GeoService failed, trying manual parsing: JDBC exception executing SQL [select gc1_0.location,gc1_0.latitude,gc1_0.longitude from geo_cache gc1_0 where gc1_0.location=?] [Table 'fms.geo_cache' doesn't exist] [n/a]; SQL [n/a]","service":"fms-core","version":"1.0.0","environment":"default"}
{"@timestamp":"2026-02-11T11:55:04.9208877+05:30","level":"WARN","logger_name":"net.com.fms_core.service.impl.ImpossibleDistanceServiceImpl","message":"No valid location found, using fallback","service":"fms-core","version":"1.0.0","environment":"default"}
{"@timestamp":"2026-02-11T11:55:04.9238848+05:30","level":"WARN","logger_name":"org.hibernate.engine.jdbc.spi.SqlExceptionHelper","message":"SQL Error: 1146, SQLState: 42S02","service":"fms-core","version":"1.0.0","environment":"default"}
{"@timestamp":"2026-02-11T11:55:04.9238848+05:30","level":"ERROR","logger_name":"org.hibernate.engine.jdbc.spi.SqlExceptionHelper","message":"Table 'fms.geo_cache' doesn't exist","service":"fms-core","version":"1.0.0","environment":"default"}
{"@timestamp":"2026-02-11T11:55:04.9238848+05:30","level":"INFO","logger_name":"org.hibernate.event.internal.DefaultLoadEventListener","message":"HHH000327: Error performing load command","service":"fms-core","version":"1.0.0","environment":"default"}
{"@timestamp":"2026-02-11T11:55:04.926885+05:30","level":"DEBUG","logger_name":"net.com.fms_core.service.impl.ImpossibleDistanceServiceImpl","message":"GeoService failed, trying manual parsing: JDBC exception executing SQL [select gc1_0.location,gc1_0.latitude,gc1_0.longitude from geo_cache gc1_0 where gc1_0.location=?] [Table 'fms.geo_cache' doesn't exist] [n/a]; SQL [n/a]","service":"fms-core","version":"1.0.0","environment":"default"}
{"@timestamp":"2026-02-11T11:55:05.9068874+05:30","level":"WARN","logger_name":"net.com.fms_core.service.impl.ImpossibleDistanceServiceImpl","message":"No valid location found, using fallback","service":"fms-core","version":"1.0.0","environment":"default"}
{"@timestamp":"2026-02-11T11:55:05.9068874+05:30","level":"INFO","logger_name":"net.com.fms_core.controller.RiskController","message":"Distance: 0.0km, Time: 0min, Required Speed: 0.0km/h","service":"fms-core","version":"1.0.0","environment":"default"}
{"@timestamp":"2026-02-11T11:55:52.2236683+05:30","level":"INFO","logger_name":"net.com.fms_core.monitoring.LoggingUtil","message":"Audit event: UPDATE_RULE on FMS_RULE with ID: null","entityType":"FMS_RULE","auditAction":"UPDATE_RULE","service":"fms-core","version":"1.0.0","environment":"default"}
{"@timestamp":"2026-02-11T11:56:03.4016643+05:30","level":"INFO","logger_name":"org.drools.compiler.kie.builder.impl.KieContainerImpl","message":"Start creation of KieBase: defaultKieBase","service":"fms-core","version":"1.0.0","environment":"default"}
{"@timestamp":"2026-02-11T11:56:03.4196626+05:30","level":"INFO","logger_name":"org.drools.compiler.kie.builder.impl.KieContainerImpl","message":"End creation of KieBase: defaultKieBase","service":"fms-core","version":"1.0.0","environment":"default"}
{"@timestamp":"2026-02-11T11:56:09.4836641+05:30","level":"INFO","logger_name":"net.com.fms_core.service.impl.ImpossibleDistanceServiceImpl","message":"Using Java + Python model for distance analysis","service":"fms-core","version":"1.0.0","environment":"default"}
{"@timestamp":"2026-02-11T11:56:09.5016627+05:30","level":"WARN","logger_name":"org.hibernate.engine.jdbc.spi.SqlExceptionHelper","message":"SQL Error: 1146, SQLState: 42S02","service":"fms-core","version":"1.0.0","environment":"default"}
{"@timestamp":"2026-02-11T11:56:09.5026643+05:30","level":"ERROR","logger_name":"org.hibernate.engine.jdbc.spi.SqlExceptionHelper","message":"Table 'fms.geo_cache' doesn't exist","service":"fms-core","version":"1.0.0","environment":"default"}
{"@timestamp":"2026-02-11T11:56:09.5026643+05:30","level":"INFO","logger_name":"org.hibernate.event.internal.DefaultLoadEventListener","message":"HHH000327: Error performing load command","service":"fms-core","version":"1.0.0","environment":"default"}
{"@timestamp":"2026-02-11T11:56:09.5056646+05:30","level":"DEBUG","logger_name":"net.com.fms_core.service.impl.ImpossibleDistanceServiceImpl","message":"GeoService failed, trying manual parsing: JDBC exception executing SQL [select gc1_0.location,gc1_0.latitude,gc1_0.longitude from geo_cache gc1_0 where gc1_0.location=?] [Table 'fms.geo_cache' doesn't exist] [n/a]; SQL [n/a]","service":"fms-core","version":"1.0.0","environment":"default"}
{"@timestamp":"2026-02-11T11:56:10.6026618+05:30","level":"WARN","logger_name":"net.com.fms_core.service.impl.ImpossibleDistanceServiceImpl","message":"No valid location found, using fallback","service":"fms-core","version":"1.0.0","environment":"default"}
{"@timestamp":"2026-02-11T11:56:10.6056655+05:30","level":"WARN","logger_name":"org.hibernate.engine.jdbc.spi.SqlExceptionHelper","message":"SQL Error: 1146, SQLState: 42S02","service":"fms-core","version":"1.0.0","environment":"default"}
{"@timestamp":"2026-02-11T11:56:10.6056655+05:30","level":"ERROR","logger_name":"org.hibernate.engine.jdbc.spi.SqlExceptionHelper","message":"Table 'fms.geo_cache' doesn't exist","service":"fms-core","version":"1.0.0","environment":"default"}
{"@timestamp":"2026-02-11T11:56:10.6056655+05:30","level":"INFO","logger_name":"org.hibernate.event.internal.DefaultLoadEventListener","message":"HHH000327: Error performing load command","service":"fms-core","version":"1.0.0","environment":"default"}
{"@timestamp":"2026-02-11T11:56:10.607663+05:30","level":"DEBUG","logger_name":"net.com.fms_core.service.impl.ImpossibleDistanceServiceImpl","message":"GeoService failed, trying manual parsing: JDBC exception executing SQL [select gc1_0.location,gc1_0.latitude,gc1_0.longitude from geo_cache gc1_0 where gc1_0.location=?] [Table 'fms.geo_cache' doesn't exist] [n/a]; SQL [n/a]","service":"fms-core","version":"1.0.0","environment":"default"}
{"@timestamp":"2026-02-11T11:56:11.600663+05:30","level":"WARN","logger_name":"net.com.fms_core.service.impl.ImpossibleDistanceServiceImpl","message":"No valid location found, using fallback","service":"fms-core","version":"1.0.0","environment":"default"}
{"@timestamp":"2026-02-11T11:56:11.600663+05:30","level":"INFO","logger_name":"net.com.fms_core.controller.RiskController","message":"Distance: 0.0km, Time: 0min, Required Speed: 0.0km/h","service":"fms-core","version":"1.0.0","environment":"default"}
{"@timestamp":"2026-02-11T11:56:21.3186826+05:30","level":"INFO","logger_name":"net.com.fms_core.service.impl.ImpossibleDistanceServiceImpl","message":"Using Java + Python model for distance analysis","service":"fms-core","version":"1.0.0","environment":"default"}
{"@timestamp":"2026-02-11T11:56:21.3276639+05:30","level":"WARN","logger_name":"org.hibernate.engine.jdbc.spi.SqlExceptionHelper","message":"SQL Error: 1146, SQLState: 42S02","service":"fms-core","version":"1.0.0","environment":"default"}
{"@timestamp":"2026-02-11T11:56:21.3276639+05:30","level":"ERROR","logger_name":"org.hibernate.engine.jdbc.spi.SqlExceptionHelper","message":"Table 'fms.geo_cache' doesn't exist","service":"fms-core","version":"1.0.0","environment":"default"}
{"@timestamp":"2026-02-11T11:56:21.3286643+05:30","level":"INFO","logger_name":"org.hibernate.event.internal.DefaultLoadEventListener","message":"HHH000327: Error performing load command","service":"fms-core","version":"1.0.0","environment":"default"}
{"@timestamp":"2026-02-11T11:56:21.330663+05:30","level":"DEBUG","logger_name":"net.com.fms_core.service.impl.ImpossibleDistanceServiceImpl","message":"GeoService failed, trying manual parsing: JDBC exception executing SQL [select gc1_0.location,gc1_0.latitude,gc1_0.longitude from geo_cache gc1_0 where gc1_0.location=?] [Table 'fms.geo_cache' doesn't exist] [n/a]; SQL [n/a]","service":"fms-core","version":"1.0.0","environment":"default"}
{"@timestamp":"2026-02-11T11:56:21.7856629+05:30","level":"WARN","logger_name":"net.com.fms_core.service.impl.ImpossibleDistanceServiceImpl","message":"No valid location found, using fallback","service":"fms-core","version":"1.0.0","environment":"default"}
{"@timestamp":"2026-02-11T11:56:21.7886652+05:30","level":"WARN","logger_name":"org.hibernate.engine.jdbc.spi.SqlExceptionHelper","message":"SQL Error: 1146, SQLState: 42S02","service":"fms-core","version":"1.0.0","environment":"default"}
{"@timestamp":"2026-02-11T11:56:21.7886652+05:30","level":"ERROR","logger_name":"org.hibernate.engine.jdbc.spi.SqlExceptionHelper","message":"Table 'fms.geo_cache' doesn't exist","service":"fms-core","version":"1.0.0","environment":"default"}
{"@timestamp":"2026-02-11T11:56:21.7896621+05:30","level":"INFO","logger_name":"org.hibernate.event.internal.DefaultLoadEventListener","message":"HHH000327: Error performing load command","service":"fms-core","version":"1.0.0","environment":"default"}
{"@timestamp":"2026-02-11T11:56:21.7916639+05:30","level":"DEBUG","logger_name":"net.com.fms_core.service.impl.ImpossibleDistanceServiceImpl","message":"GeoService failed, trying manual parsing: JDBC exception executing SQL [select gc1_0.location,gc1_0.latitude,gc1_0.longitude from geo_cache gc1_0 where gc1_0.location=?] [Table 'fms.geo_cache' doesn't exist] [n/a]; SQL [n/a]","service":"fms-core","version":"1.0.0","environment":"default"}
{"@timestamp":"2026-02-11T11:56:22.8136626+05:30","level":"WARN","logger_name":"net.com.fms_core.service.impl.ImpossibleDistanceServiceImpl","message":"No valid location found, using fallback","service":"fms-core","version":"1.0.0","environment":"default"}
{"@timestamp":"2026-02-11T11:56:22.8146613+05:30","level":"INFO","logger_name":"net.com.fms_core.controller.RiskController","message":"Distance: 0.0km, Time: 0min, Required Speed: 0.0km/h","service":"fms-core","version":"1.0.0","environment":"default"}
{"@timestamp":"2026-02-11T11:56:23.9916672+05:30","level":"INFO","logger_name":"net.com.fms_core.client.NotificationClient","message":"Medium risk notification sent for transaction: 123.0","service":"fms-core","version":"1.0.0","environment":"default"}
{"@timestamp":"2026-02-11T11:56:23.9916672+05:30","level":"INFO","logger_name":"net.com.fms_core.service.impl.DynamicDroolsServiceImpl","message":"MEDIUM RISK transaction detected: ID=123.0, Score=MID","service":"fms-core","version":"1.0.0","environment":"default"}
{"@timestamp":"2026-02-11T11:59:48.0746264+05:30","level":"INFO","logger_name":"com.netflix.discovery.shared.resolver.aws.ConfigClusterResolver","message":"Resolving eureka endpoints via configuration","service":"fms-core","version":"1.0.0","environment":"default"}
{"@timestamp":"2026-02-11T12:04:48.1180933+05:30","level":"INFO","logger_name":"com.netflix.discovery.shared.resolver.aws.ConfigClusterResolver","message":"Resolving eureka endpoints via configuration","service":"fms-core","version":"1.0.0","environment":"default"}
{"@timestamp":"2026-02-11T12:09:48.1226058+05:30","level":"INFO","logger_name":"com.netflix.discovery.shared.resolver.aws.ConfigClusterResolver","message":"Resolving eureka endpoints via configuration","service":"fms-core","version":"1.0.0","environment":"default"}
{"@timestamp":"2026-02-11T12:14:48.1556485+05:30","level":"INFO","logger_name":"com.netflix.discovery.shared.resolver.aws.ConfigClusterResolver","message":"Resolving eureka endpoints via configuration","service":"fms-core","version":"1.0.0","environment":"default"}
{"@timestamp":"2026-02-11T12:15:47.7970052+05:30","level":"INFO","logger_name":"org.springframework.web.socket.config.WebSocketMessageBrokerStats","message":"WebSocketSession[0 current WS(0)-HttpStream(0)-HttpPoll(0), 0 total, 0 closed abnormally (0 connect failure, 0 send limit, 0 transport error)], stompSubProtocol[processed CONNECT(0)-CONNECTED(0)-DISCONNECT(0)], stompBrokerRelay[null], inboundChannel[pool size = 10, active threads = 0, queued tasks = 0, completed tasks = 10], outboundChannel[pool size = 10, active threads = 0, queued tasks = 0, completed tasks = 10], sockJsScheduler[pool size = 3, active threads = 1, queued tasks = 0, completed tasks = 2]","service":"fms-core","version":"1.0.0","environment":"default"}
{"@timestamp":"2026-02-11T12:19:48.2506582+05:30","level":"INFO","logger_name":"com.netflix.discovery.shared.resolver.aws.ConfigClusterResolver","message":"Resolving eureka endpoints via configuration","service":"fms-core","version":"1.0.0","environment":"default"}
{"@timestamp":"2026-02-11T12:24:48.267739+05:30","level":"INFO","logger_name":"com.netflix.discovery.shared.resolver.aws.ConfigClusterResolver","message":"Resolving eureka endpoints via configuration","service":"fms-core","version":"1.0.0","environment":"default"}
{"@timestamp":"2026-02-11T12:29:48.2785652+05:30","level":"INFO","logger_name":"com.netflix.discovery.shared.resolver.aws.ConfigClusterResolver","message":"Resolving eureka endpoints via configuration","service":"fms-core","version":"1.0.0","environment":"default"}
{"@timestamp":"2026-02-11T12:35:33.7557747+05:30","level":"WARN","logger_name":"com.zaxxer.hikari.pool.HikariPool","message":"HikariPool-1 - Thread starvation or clock leap detected (housekeeper delta=4m44s162ms1µs200ns).","service":"fms-core","version":"1.0.0","environment":"default"}
{"@timestamp":"2026-02-11T12:39:02.3662831+05:30","level":"INFO","logger_name":"com.netflix.discovery.shared.resolver.aws.ConfigClusterResolver","message":"Resolving eureka endpoints via configuration","service":"fms-core","version":"1.0.0","environment":"default"}
{"@timestamp":"2026-02-11T12:44:02.5968206+05:30","level":"INFO","logger_name":"com.netflix.discovery.shared.resolver.aws.ConfigClusterResolver","message":"Resolving eureka endpoints via configuration","service":"fms-core","version":"1.0.0","environment":"default"}
{"@timestamp":"2026-02-11T12:49:02.7498608+05:30","level":"INFO","logger_name":"com.netflix.discovery.shared.resolver.aws.ConfigClusterResolver","message":"Resolving eureka endpoints via configuration","service":"fms-core","version":"1.0.0","environment":"default"}
{"@timestamp":"2026-02-11T12:50:02.2559442+05:30","level":"INFO","logger_name":"org.springframework.web.socket.config.WebSocketMessageBrokerStats","message":"WebSocketSession[0 current WS(0)-HttpStream(0)-HttpPoll(0), 0 total, 0 closed abnormally (0 connect failure, 0 send limit, 0 transport error)], stompSubProtocol[processed CONNECT(0)-CONNECTED(0)-DISCONNECT(0)], stompBrokerRelay[null], inboundChannel[pool size = 10, active threads = 0, queued tasks = 0, completed tasks = 10], outboundChannel[pool size = 10, active threads = 0, queued tasks = 0, completed tasks = 10], sockJsScheduler[pool size = 4, active threads = 1, queued tasks = 0, completed tasks = 3]","service":"fms-core","version":"1.0.0","environment":"default"}
{"@timestamp":"2026-02-11T12:54:02.7609082+05:30","level":"INFO","logger_name":"com.netflix.discovery.shared.resolver.aws.ConfigClusterResolver","message":"Resolving eureka endpoints via configuration","service":"fms-core","version":"1.0.0","environment":"default"}
{"@timestamp":"2026-02-11T12:57:45.6049453+05:30","level":"WARN","logger_name":"com.zaxxer.hikari.pool.HikariPool","message":"HikariPool-1 - Thread starvation or clock leap detected (housekeeper delta=1m10s573ms571µs700ns).","service":"fms-core","version":"1.0.0","environment":"default"}
{"@timestamp":"2026-02-11T12:59:43.1445446+05:30","level":"INFO","logger_name":"com.netflix.discovery.shared.resolver.aws.ConfigClusterResolver","message":"Resolving eureka endpoints via configuration","service":"fms-core","version":"1.0.0","environment":"default"}
{"@timestamp":"2026-02-11T13:04:43.245678+05:30","level":"INFO","logger_name":"com.netflix.discovery.shared.resolver.aws.ConfigClusterResolver","message":"Resolving eureka endpoints via configuration","service":"fms-core","version":"1.0.0","environment":"default"}
{"@timestamp":"2026-02-11T13:09:43.5254956+05:30","level":"INFO","logger_name":"com.netflix.discovery.shared.resolver.aws.ConfigClusterResolver","message":"Resolving eureka endpoints via configuration","service":"fms-core","version":"1.0.0","environment":"default"}
{"@timestamp":"2026-02-11T13:14:43.5548263+05:30","level":"INFO","logger_name":"com.netflix.discovery.shared.resolver.aws.ConfigClusterResolver","message":"Resolving eureka endpoints via configuration","service":"fms-core","version":"1.0.0","environment":"default"}
{"@timestamp":"2026-02-11T13:19:43.571581+05:30","level":"INFO","logger_name":"com.netflix.discovery.shared.resolver.aws.ConfigClusterResolver","message":"Resolving eureka endpoints via configuration","service":"fms-core","version":"1.0.0","environment":"default"}
{"@timestamp":"2026-02-11T13:20:43.0315068+05:30","level":"INFO","logger_name":"org.springframework.web.socket.config.WebSocketMessageBrokerStats","message":"WebSocketSession[0 current WS(0)-HttpStream(0)-HttpPoll(0), 0 total, 0 closed abnormally (0 connect failure, 0 send limit, 0 transport error)], stompSubProtocol[processed CONNECT(0)-CONNECTED(0)-DISCONNECT(0)], stompBrokerRelay[null], inboundChannel[pool size = 10, active threads = 0, queued tasks = 0, completed tasks = 10], outboundChannel[pool size = 10, active threads = 0, queued tasks = 0, completed tasks = 10], sockJsScheduler[pool size = 4, active threads = 1, queued tasks = 0, completed tasks = 4]","service":"fms-core","version":"1.0.0","environment":"default"}
{"@timestamp":"2026-02-11T13:24:43.5843565+05:30","level":"INFO","logger_name":"com.netflix.discovery.shared.resolver.aws.ConfigClusterResolver","message":"Resolving eureka endpoints via configuration","service":"fms-core","version":"1.0.0","environment":"default"}
{"@timestamp":"2026-02-11T14:28:17.1807825+05:30","level":"WARN","logger_name":"com.zaxxer.hikari.pool.HikariPool","message":"HikariPool-1 - Thread starvation or clock leap detected (housekeeper delta=1h2m28s327ms792µs700ns).","service":"fms-core","version":"1.0.0","environment":"default"}
{"@timestamp":"2026-02-11T14:31:41.6518564+05:30","level":"INFO","logger_name":"com.netflix.discovery.shared.resolver.aws.ConfigClusterResolver","message":"Resolving eureka endpoints via configuration","service":"fms-core","version":"1.0.0","environment":"default"}
{"@timestamp":"2026-02-11T14:36:41.5932728+05:30","level":"INFO","logger_name":"com.netflix.discovery.shared.resolver.aws.ConfigClusterResolver","message":"Resolving eureka endpoints via configuration","service":"fms-core","version":"1.0.0","environment":"default"}
{"@timestamp":"2026-02-11T14:41:41.5254118+05:30","level":"INFO","logger_name":"com.netflix.discovery.shared.resolver.aws.ConfigClusterResolver","message":"Resolving eureka endpoints via configuration","service":"fms-core","version":"1.0.0","environment":"default"}
{"@timestamp":"2026-02-11T14:46:41.5404474+05:30","level":"INFO","logger_name":"com.netflix.discovery.shared.resolver.aws.ConfigClusterResolver","message":"Resolving eureka endpoints via configuration","service":"fms-core","version":"1.0.0","environment":"default"}
{"@timestamp":"2026-02-11T14:51:41.5610701+05:30","level":"INFO","logger_name":"com.netflix.discovery.shared.resolver.aws.ConfigClusterResolver","message":"Resolving eureka endpoints via configuration","service":"fms-core","version":"1.0.0","environment":"default"}
{"@timestamp":"2026-02-11T14:52:40.9523386+05:30","level":"INFO","logger_name":"org.springframework.web.socket.config.WebSocketMessageBrokerStats","message":"WebSocketSession[0 current WS(0)-HttpStream(0)-HttpPoll(0), 0 total, 0 closed abnormally (0 connect failure, 0 send limit, 0 transport error)], stompSubProtocol[processed CONNECT(0)-CONNECTED(0)-DISCONNECT(0)], stompBrokerRelay[null], inboundChannel[pool size = 10, active threads = 0, queued tasks = 0, completed tasks = 10], outboundChannel[pool size = 10, active threads = 0, queued tasks = 0, completed tasks = 10], sockJsScheduler[pool size = 4, active threads = 1, queued tasks = 0, completed tasks = 5]","service":"fms-core","version":"1.0.0","environment":"default"}
{"@timestamp":"2026-02-11T14:56:41.576199+05:30","level":"INFO","logger_name":"com.netflix.discovery.shared.resolver.aws.ConfigClusterResolver","message":"Resolving eureka endpoints via configuration","service":"fms-core","version":"1.0.0","environment":"default"}
{"@timestamp":"2026-02-11T15:01:41.5931201+05:30","level":"INFO","logger_name":"com.netflix.discovery.shared.resolver.aws.ConfigClusterResolver","message":"Resolving eureka endpoints via configuration","service":"fms-core","version":"1.0.0","environment":"default"}
{"@timestamp":"2026-02-11T15:06:41.6018184+05:30","level":"INFO","logger_name":"com.netflix.discovery.shared.resolver.aws.ConfigClusterResolver","message":"Resolving eureka endpoints via configuration","service":"fms-core","version":"1.0.0","environment":"default"}
{"@timestamp":"2026-02-11T15:11:41.7297534+05:30","level":"INFO","logger_name":"com.netflix.discovery.shared.resolver.aws.ConfigClusterResolver","message":"Resolving eureka endpoints via configuration","service":"fms-core","version":"1.0.0","environment":"default"}
{"@timestamp":"2026-02-11T15:16:41.731933+05:30","level":"INFO","logger_name":"com.netflix.discovery.shared.resolver.aws.ConfigClusterResolver","message":"Resolving eureka endpoints via configuration","service":"fms-core","version":"1.0.0","environment":"default"}
{"@timestamp":"2026-02-11T15:21:41.8131718+05:30","level":"INFO","logger_name":"com.netflix.discovery.shared.resolver.aws.ConfigClusterResolver","message":"Resolving eureka endpoints via configuration","service":"fms-core","version":"1.0.0","environment":"default"}
{"@timestamp":"2026-02-11T15:22:41.0239241+05:30","level":"INFO","logger_name":"org.springframework.web.socket.config.WebSocketMessageBrokerStats","message":"WebSocketSession[0 current WS(0)-HttpStream(0)-HttpPoll(0), 0 total, 0 closed abnormally (0 connect failure, 0 send limit, 0 transport error)], stompSubProtocol[processed CONNECT(0)-CONNECTED(0)-DISCONNECT(0)], stompBrokerRelay[null], inboundChannel[pool size = 10, active threads = 0, queued tasks = 0, completed tasks = 10], outboundChannel[pool size = 10, active threads = 0, queued tasks = 0, completed tasks = 10], sockJsScheduler[pool size = 4, active threads = 1, queued tasks = 0, completed tasks = 6]","service":"fms-core","version":"1.0.0","environment":"default"}
{"@timestamp":"2026-02-11T15:26:41.8455112+05:30","level":"INFO","logger_name":"com.netflix.discovery.shared.resolver.aws.ConfigClusterResolver","message":"Resolving eureka endpoints via configuration","service":"fms-core","version":"1.0.0","environment":"default"}
{"@timestamp":"2026-02-11T15:31:41.8596002+05:30","level":"INFO","logger_name":"com.netflix.discovery.shared.resolver.aws.ConfigClusterResolver","message":"Resolving eureka endpoints via configuration","service":"fms-core","version":"1.0.0","environment":"default"}
{"@timestamp":"2026-02-11T15:36:41.8830947+05:30","level":"INFO","logger_name":"com.netflix.discovery.shared.resolver.aws.ConfigClusterResolver","message":"Resolving eureka endpoints via configuration","service":"fms-core","version":"1.0.0","environment":"default"}
{"@timestamp":"2026-02-11T15:41:41.9045337+05:30","level":"INFO","logger_name":"com.netflix.discovery.shared.resolver.aws.ConfigClusterResolver","message":"Resolving eureka endpoints via configuration","service":"fms-core","version":"1.0.0","environment":"default"}
{"@timestamp":"2026-02-11T15:46:41.929413+05:30","level":"INFO","logger_name":"com.netflix.discovery.shared.resolver.aws.ConfigClusterResolver","message":"Resolving eureka endpoints via configuration","service":"fms-core","version":"1.0.0","environment":"default"}
{"@timestamp":"2026-02-11T15:51:41.9390979+05:30","level":"INFO","logger_name":"com.netflix.discovery.shared.resolver.aws.ConfigClusterResolver","message":"Resolving eureka endpoints via configuration","service":"fms-core","version":"1.0.0","environment":"default"}
{"@timestamp":"2026-02-11T15:52:41.0633861+05:30","level":"INFO","logger_name":"org.springframework.web.socket.config.WebSocketMessageBrokerStats","message":"WebSocketSession[0 current WS(0)-HttpStream(0)-HttpPoll(0), 0 total, 0 closed abnormally (0 connect failure, 0 send limit, 0 transport error)], stompSubProtocol[processed CONNECT(0)-CONNECTED(0)-DISCONNECT(0)], stompBrokerRelay[null], inboundChannel[pool size = 10, active threads = 0, queued tasks = 0, completed tasks = 10], outboundChannel[pool size = 10, active threads = 0, queued tasks = 0, completed tasks = 10], sockJsScheduler[pool size = 4, active threads = 1, queued tasks = 0, completed tasks = 7]","service":"fms-core","version":"1.0.0","environment":"default"}
{"@timestamp":"2026-02-11T15:56:41.9479418+05:30","level":"INFO","logger_name":"com.netflix.discovery.shared.resolver.aws.ConfigClusterResolver","message":"Resolving eureka endpoints via configuration","service":"fms-core","version":"1.0.0","environment":"default"}
{"@timestamp":"2026-02-11T16:01:41.9643253+05:30","level":"INFO","logger_name":"com.netflix.discovery.shared.resolver.aws.ConfigClusterResolver","message":"Resolving eureka endpoints via configuration","service":"fms-core","version":"1.0.0","environment":"default"}
{"@timestamp":"2026-02-11T16:06:42.0189956+05:30","level":"INFO","logger_name":"com.netflix.discovery.shared.resolver.aws.ConfigClusterResolver","message":"Resolving eureka endpoints via configuration","service":"fms-core","version":"1.0.0","environment":"default"}
{"@timestamp":"2026-02-11T16:11:42.0419211+05:30","level":"INFO","logger_name":"com.netflix.discovery.shared.resolver.aws.ConfigClusterResolver","message":"Resolving eureka endpoints via configuration","service":"fms-core","version":"1.0.0","environment":"default"}
{"@timestamp":"2026-02-11T16:16:42.0654981+05:30","level":"INFO","logger_name":"com.netflix.discovery.shared.resolver.aws.ConfigClusterResolver","message":"Resolving eureka endpoints via configuration","service":"fms-core","version":"1.0.0","environment":"default"}
{"@timestamp":"2026-02-11T16:21:42.0786587+05:30","level":"INFO","logger_name":"com.netflix.discovery.shared.resolver.aws.ConfigClusterResolver","message":"Resolving eureka endpoints via configuration","service":"fms-core","version":"1.0.0","environment":"default"}
{"@timestamp":"2026-02-11T16:22:41.0880713+05:30","level":"INFO","logger_name":"org.springframework.web.socket.config.WebSocketMessageBrokerStats","message":"WebSocketSession[0 current WS(0)-HttpStream(0)-HttpPoll(0), 0 total, 0 closed abnormally (0 connect failure, 0 send limit, 0 transport error)], stompSubProtocol[processed CONNECT(0)-CONNECTED(0)-DISCONNECT(0)], stompBrokerRelay[null], inboundChannel[pool size = 10, active threads = 0, queued tasks = 0, completed tasks = 10], outboundChannel[pool size = 10, active threads = 0, queued tasks = 0, completed tasks = 10], sockJsScheduler[pool size = 4, active threads = 1, queued tasks = 0, completed tasks = 8]","service":"fms-core","version":"1.0.0","environment":"default"}
{"@timestamp":"2026-02-11T16:26:42.0951653+05:30","level":"INFO","logger_name":"com.netflix.discovery.shared.resolver.aws.ConfigClusterResolver","message":"Resolving eureka endpoints via configuration","service":"fms-core","version":"1.0.0","environment":"default"}
{"@timestamp":"2026-02-11T16:31:42.1112235+05:30","level":"INFO","logger_name":"com.netflix.discovery.shared.resolver.aws.ConfigClusterResolver","message":"Resolving eureka endpoints via configuration","service":"fms-core","version":"1.0.0","environment":"default"}
{"@timestamp":"2026-02-11T16:36:42.2523869+05:30","level":"INFO","logger_name":"com.netflix.discovery.shared.resolver.aws.ConfigClusterResolver","message":"Resolving eureka endpoints via configuration","service":"fms-core","version":"1.0.0","environment":"default"}
{"@timestamp":"2026-02-11T16:41:42.2640073+05:30","level":"INFO","logger_name":"com.netflix.discovery.shared.resolver.aws.ConfigClusterResolver","message":"Resolving eureka endpoints via configuration","service":"fms-core","version":"1.0.0","environment":"default"}
{"@timestamp":"2026-02-11T16:46:42.3946693+05:30","level":"INFO","logger_name":"com.netflix.discovery.shared.resolver.aws.ConfigClusterResolver","message":"Resolving eureka endpoints via configuration","service":"fms-core","version":"1.0.0","environment":"default"}
{"@timestamp":"2026-02-11T16:51:42.414715+05:30","level":"INFO","logger_name":"com.netflix.discovery.shared.resolver.aws.ConfigClusterResolver","message":"Resolving eureka endpoints via configuration","service":"fms-core","version":"1.0.0","environment":"default"}
{"@timestamp":"2026-02-11T16:52:41.3055756+05:30","level":"INFO","logger_name":"org.springframework.web.socket.config.WebSocketMessageBrokerStats","message":"WebSocketSession[0 current WS(0)-HttpStream(0)-HttpPoll(0), 0 total, 0 closed abnormally (0 connect failure, 0 send limit, 0 transport error)], stompSubProtocol[processed CONNECT(0)-CONNECTED(0)-DISCONNECT(0)], stompBrokerRelay[null], inboundChannel[pool size = 10, active threads = 0, queued tasks = 0, completed tasks = 10], outboundChannel[pool size = 10, active threads = 0, queued tasks = 0, completed tasks = 10], sockJsScheduler[pool size = 4, active threads = 1, queued tasks = 0, completed tasks = 9]","service":"fms-core","version":"1.0.0","environment":"default"}
{"@timestamp":"2026-02-11T16:56:42.5685274+05:30","level":"INFO","logger_name":"com.netflix.discovery.shared.resolver.aws.ConfigClusterResolver","message":"Resolving eureka endpoints via configuration","service":"fms-core","version":"1.0.0","environment":"default"}
{"@timestamp":"2026-02-11T16:59:27.915914+05:30","level":"INFO","logger_name":"org.springframework.cloud.netflix.eureka.serviceregistry.EurekaServiceRegistry","message":"Unregistering application FMS_CORE with eureka with status DOWN","service":"fms-core","version":"1.0.0","environment":"default"}
{"@timestamp":"2026-02-11T16:59:27.9179141+05:30","level":"INFO","logger_name":"com.netflix.discovery.DiscoveryClient","message":"Saw local status change event StatusChangeEvent [timestamp=1770809367917, current=DOWN, previous=UP]","service":"fms-core","version":"1.0.0","environment":"default"}
{"@timestamp":"2026-02-11T16:59:27.9189134+05:30","level":"INFO","logger_name":"com.netflix.discovery.DiscoveryClient","message":"DiscoveryClient_FMS_CORE/KAVINDA5242.mshome.net:fms_core:8084: registering service...","service":"fms-core","version":"1.0.0","environment":"default"}
{"@timestamp":"2026-02-11T16:59:28.3649185+05:30","level":"INFO","logger_name":"com.netflix.discovery.shared.transport.decorator.RedirectingEurekaHttpClient","message":"Request execution error. endpoint=DefaultEndpoint{ serviceUrl='http://localhost:8761/eureka/} exception=I/O error on PUT request for \"http://localhost:8761/eureka/apps/FMS_CORE/KAVINDA5242.mshome.net:fms_core:8084\": Connect to http://localhost:8761 [localhost/127.0.0.1, localhost/0:0:0:0:0:0:0:1] failed: Connection refused: getsockopt stacktrace=org.springframework.web.client.ResourceAccessException: I/O error on PUT request for \"http://localhost:8761/eureka/apps/FMS_CORE/KAVINDA5242.mshome.net:fms_core:8084\": Connect to http://localhost:8761 [localhost/127.0.0.1, localhost/0:0:0:0:0:0:0:1] failed: Connection refused: getsockopt\r\n\tat org.springframework.web.client.RestTemplate.createResourceAccessException(RestTemplate.java:926)\r\n\tat org.springframework.web.client.RestTemplate.doExecute(RestTemplate.java:906)\r\n\tat org.springframework.web.client.RestTemplate.execute(RestTemplate.java:841)\r\n\tat org.springframework.web.client.RestTemplate.exchange(RestTemplate.java:702)\r\n\tat org.springframework.cloud.netflix.eureka.http.RestTemplateEurekaHttpClient.sendHeartBeat(RestTemplateEurekaHttpClient.java:119)\r\n\tat com.netflix.discovery.shared.transport.decorator.EurekaHttpClientDecorator$3.execute(EurekaHttpClientDecorator.java:92)\r\n\tat com.netflix.discovery.shared.transport.decorator.RedirectingEurekaHttpClient.execute(RedirectingEurekaHttpClient.java:91)\r\n\tat com.netflix.discovery.shared.transport.decorator.EurekaHttpClientDecorator.sendHeartBeat(EurekaHttpClientDecorator.java:89)\r\n\tat com.netflix.discovery.shared.transport.decorator.EurekaHttpClientDecorator$3.execute(EurekaHttpClientDecorator.java:92)\r\n\tat com.netflix.discovery.shared.transport.decorator.RetryableEurekaHttpClient.execute(RetryableEurekaHttpClient.java:120)\r\n\tat com.netflix.discovery.shared.transport.decorator.EurekaHttpClientDecorator.sendHeartBeat(EurekaHttpClientDecorator.java:89)\r\n\tat com.netflix.discovery.shared.transport.decorator.EurekaHttpClientDecorator$3.execute(EurekaHttpClientDecorator.java:92)\r\n\tat com.netflix.discovery.shared.transport.decorator.SessionedEurekaHttpClient.execute(SessionedEurekaHttpClient.java:76)\r\n\tat com.netflix.discovery.shared.transport.decorator.EurekaHttpClientDecorator.sendHeartBeat(EurekaHttpClientDecorator.java:89)\r\n\tat com.netflix.discovery.DiscoveryClient.renew(DiscoveryClient.java:845)\r\n\tat com.netflix.discovery.DiscoveryClient$HeartbeatThread.run(DiscoveryClient.java:1402)\r\n\tat java.base/java.util.concurrent.Executors$RunnableAdapter.call(Executors.java:572)\r\n\tat java.base/java.util.concurrent.FutureTask.run(FutureTask.java:317)\r\n\tat java.base/java.util.concurrent.ThreadPoolExecutor.runWorker(ThreadPoolExecutor.java:1144)\r\n\tat java.base/java.util.concurrent.ThreadPoolExecutor$Worker.run(ThreadPoolExecutor.java:642)\r\n\tat java.base/java.lang.Thread.run(Thread.java:1583)\r\nCaused by: org.apache.hc.client5.http.HttpHostConnectException: Connect to http://localhost:8761 [localhost/127.0.0.1, localhost/0:0:0:0:0:0:0:1] failed: Connection refused: getsockopt\r\n\tat java.base/sun.nio.ch.Net.pollConnect(Native Method)\r\n\tat java.base/sun.nio.ch.Net.pollConnectNow(Net.java:682)\r\n\tat java.base/sun.nio.ch.NioSocketImpl.timedFinishConnect(NioSocketImpl.java:542)\r\n\tat java.base/sun.nio.ch.NioSocketImpl.connect(NioSocketImpl.java:592)\r\n\tat java.base/java.net.SocksSocketImpl.connect(SocksSocketImpl.java:327)\r\n\tat java.base/java.net.Socket.connect(Socket.java:751)\r\n\tat org.apache.hc.client5.http.impl.io.DefaultHttpClientConnectionOperator.connect(DefaultHttpClientConnectionOperator.java:216)\r\n\tat org.apache.hc.client5.http.impl.io.PoolingHttpClientConnectionManager.connect(PoolingHttpClientConnectionManager.java:490)\r\n\tat org.apache.hc.client5.http.impl.classic.InternalExecRuntime.connectEndpoint(InternalExecRuntime.java:164)\r\n\tat org.apache.hc.client5.http.impl.classic.InternalExecRuntime.connectEndpoint(InternalExecRuntime.java:174)\r\n\tat org.apache.hc.client5.http.impl.classic.ConnectExec.execute(ConnectExec.java:144)\r\n\tat org.apache.hc.client5.http.impl.classic.ExecChainElement.execute(ExecChainElement.java:51)\r\n\tat org.apache.hc.client5.http.impl.classic.ProtocolExec.execute(ProtocolExec.java:192)\r\n\tat org.apache.hc.client5.http.impl.classic.ExecChainElement.execute(ExecChainElement.java:51)\r\n\tat org.apache.hc.client5.http.impl.classic.ContentCompressionExec.execute(ContentCompressionExec.java:150)\r\n\tat org.apache.hc.client5.http.impl.classic.ExecChainElement.execute(ExecChainElement.java:51)\r\n\tat org.apache.hc.client5.http.impl.classic.HttpRequestRetryExec.execute(HttpRequestRetryExec.java:113)\r\n\tat org.apache.hc.client5.http.impl.classic.ExecChainElement.execute(ExecChainElement.java:51)\r\n\tat org.apache.hc.client5.http.impl.classic.RedirectExec.execute(RedirectExec.java:110)\r\n\tat org.apache.hc.client5.http.impl.classic.ExecChainElement.execute(ExecChainElement.java:51)\r\n\tat org.apache.hc.client5.http.impl.classic.InternalHttpClient.doExecute(InternalHttpClient.java:174)\r\n\tat org.apache.hc.client5.http.impl.classic.CloseableHttpClient.execute(CloseableHttpClient.java:87)\r\n\tat org.apache.hc.client5.http.impl.classic.CloseableHttpClient.execute(CloseableHttpClient.java:55)\r\n\tat org.apache.hc.client5.http.classic.HttpClient.executeOpen(HttpClient.java:183)\r\n\tat org.springframework.http.client.HttpComponentsClientHttpRequest.executeInternal(HttpComponentsClientHttpRequest.java:99)\r\n\tat org.springframework.http.client.AbstractStreamingClientHttpRequest.executeInternal(AbstractStreamingClientHttpRequest.java:71)\r\n\tat org.springframework.http.client.AbstractClientHttpRequest.execute(AbstractClientHttpRequest.java:81)\r\n\tat org.springframework.http.client.InterceptingClientHttpRequest$InterceptingRequestExecution.execute(InterceptingClientHttpRequest.java:117)\r\n\tat org.springframework.cloud.netflix.eureka.http.RestTemplateTransportClientFactory.lambda$restTemplate$2(RestTemplateTransportClientFactory.java:145)\r\n\tat org.springframework.http.client.InterceptingClientHttpRequest$InterceptingRequestExecution.execute(InterceptingClientHttpRequest.java:88)\r\n\tat org.springframework.http.client.InterceptingClientHttpRequest.executeInternal(InterceptingClientHttpRequest.java:72)\r\n\tat org.springframework.http.client.AbstractBufferingClientHttpRequest.executeInternal(AbstractBufferingClientHttpRequest.java:48)\r\n\tat org.springframework.http.client.AbstractClientHttpRequest.execute(AbstractClientHttpRequest.java:81)\r\n\tat org.springframework.web.client.RestTemplate.doExecute(RestTemplate.java:900)\r\n\t... 19 more\r\n","service":"fms-core","version":"1.0.0","environment":"default"}
{"@timestamp":"2026-02-11T16:59:28.3669183+05:30","level":"WARN","logger_name":"com.netflix.discovery.shared.transport.decorator.RetryableEurekaHttpClient","message":"Request execution failed with message: I/O error on PUT request for \"http://localhost:8761/eureka/apps/FMS_CORE/KAVINDA5242.mshome.net:fms_core:8084\": Connect to http://localhost:8761 [localhost/127.0.0.1, localhost/0:0:0:0:0:0:0:1] failed: Connection refused: getsockopt","service":"fms-core","version":"1.0.0","environment":"default"}
{"@timestamp":"2026-02-11T16:59:28.4249178+05:30","level":"INFO","logger_name":"org.springframework.boot.web.embedded.tomcat.GracefulShutdown","message":"Commencing graceful shutdown. Waiting for active requests to complete","service":"fms-core","version":"1.0.0","environment":"default"}
{"@timestamp":"2026-02-11T16:59:28.4259164+05:30","level":"INFO","logger_name":"com.netflix.discovery.shared.transport.decorator.RedirectingEurekaHttpClient","message":"Request execution error. endpoint=DefaultEndpoint{ serviceUrl='http://localhost:8761/eureka/} exception=I/O error on POST request for \"http://localhost:8761/eureka/apps/FMS_CORE\": Connect to http://localhost:8761 [localhost/127.0.0.1, localhost/0:0:0:0:0:0:0:1] failed: Connection refused: getsockopt stacktrace=org.springframework.web.client.ResourceAccessException: I/O error on POST request for \"http://localhost:8761/eureka/apps/FMS_CORE\": Connect to http://localhost:8761 [localhost/127.0.0.1, localhost/0:0:0:0:0:0:0:1] failed: Connection refused: getsockopt\r\n\tat org.springframework.web.client.RestTemplate.createResourceAccessException(RestTemplate.java:926)\r\n\tat org.springframework.web.client.RestTemplate.doExecute(RestTemplate.java:906)\r\n\tat org.springframework.web.client.RestTemplate.execute(RestTemplate.java:841)\r\n\tat org.springframework.web.client.RestTemplate.exchange(RestTemplate.java:702)\r\n\tat org.springframework.cloud.netflix.eureka.http.RestTemplateEurekaHttpClient.register(RestTemplateEurekaHttpClient.java:87)\r\n\tat com.netflix.discovery.shared.transport.decorator.EurekaHttpClientDecorator$1.execute(EurekaHttpClientDecorator.java:59)\r\n\tat com.netflix.discovery.shared.transport.decorator.RedirectingEurekaHttpClient.execute(RedirectingEurekaHttpClient.java:91)\r\n\tat com.netflix.discovery.shared.transport.decorator.EurekaHttpClientDecorator.register(EurekaHttpClientDecorator.java:56)\r\n\tat com.netflix.discovery.shared.transport.decorator.EurekaHttpClientDecorator$1.execute(EurekaHttpClientDecorator.java:59)\r\n\tat com.netflix.discovery.shared.transport.decorator.RetryableEurekaHttpClient.execute(RetryableEurekaHttpClient.java:120)\r\n\tat com.netflix.discovery.shared.transport.decorator.EurekaHttpClientDecorator.register(EurekaHttpClientDecorator.java:56)\r\n\tat com.netflix.discovery.shared.transport.decorator.EurekaHttpClientDecorator$1.execute(EurekaHttpClientDecorator.java:59)\r\n\tat com.netflix.discovery.shared.transport.decorator.SessionedEurekaHttpClient.execute(SessionedEurekaHttpClient.java:76)\r\n\tat com.netflix.discovery.shared.transport.decorator.EurekaHttpClientDecorator.register(EurekaHttpClientDecorator.java:56)\r\n\tat com.netflix.discovery.DiscoveryClient.register(DiscoveryClient.java:828)\r\n\tat com.netflix.discovery.InstanceInfoReplicator.run(InstanceInfoReplicator.java:125)\r\n\tat com.netflix.discovery.InstanceInfoReplicator$2.run(InstanceInfoReplicator.java:105)\r\n\tat java.base/java.util.concurrent.Executors$RunnableAdapter.call(Executors.java:572)\r\n\tat java.base/java.util.concurrent.FutureTask.run(FutureTask.java:317)\r\n\tat java.base/java.util.concurrent.ScheduledThreadPoolExecutor$ScheduledFutureTask.run(ScheduledThreadPoolExecutor.java:304)\r\n\tat java.base/java.util.concurrent.ThreadPoolExecutor.runWorker(ThreadPoolExecutor.java:1144)\r\n\tat java.base/java.util.concurrent.ThreadPoolExecutor$Worker.run(ThreadPoolExecutor.java:642)\r\n\tat java.base/java.lang.Thread.run(Thread.java:1583)\r\nCaused by: org.apache.hc.client5.http.HttpHostConnectException: Connect to http://localhost:8761 [localhost/127.0.0.1, localhost/0:0:0:0:0:0:0:1] failed: Connection refused: getsockopt\r\n\tat java.base/sun.nio.ch.Net.pollConnect(Native Method)\r\n\tat java.base/sun.nio.ch.Net.pollConnectNow(Net.java:682)\r\n\tat java.base/sun.nio.ch.NioSocketImpl.timedFinishConnect(NioSocketImpl.java:542)\r\n\tat java.base/sun.nio.ch.NioSocketImpl.connect(NioSocketImpl.java:592)\r\n\tat java.base/java.net.SocksSocketImpl.connect(SocksSocketImpl.java:327)\r\n\tat java.base/java.net.Socket.connect(Socket.java:751)\r\n\tat org.apache.hc.client5.http.impl.io.DefaultHttpClientConnectionOperator.connect(DefaultHttpClientConnectionOperator.java:216)\r\n\tat org.apache.hc.client5.http.impl.io.PoolingHttpClientConnectionManager.connect(PoolingHttpClientConnectionManager.java:490)\r\n\tat org.apache.hc.client5.http.impl.classic.InternalExecRuntime.connectEndpoint(InternalExecRuntime.java:164)\r\n\tat org.apache.hc.client5.http.impl.classic.InternalExecRuntime.connectEndpoint(InternalExecRuntime.java:174)\r\n\tat org.apache.hc.client5.http.impl.classic.ConnectExec.execute(ConnectExec.java:144)\r\n\tat org.apache.hc.client5.http.impl.classic.ExecChainElement.execute(ExecChainElement.java:51)\r\n\tat org.apache.hc.client5.http.impl.classic.ProtocolExec.execute(ProtocolExec.java:192)\r\n\tat org.apache.hc.client5.http.impl.classic.ExecChainElement.execute(ExecChainElement.java:51)\r\n\tat org.apache.hc.client5.http.impl.classic.ContentCompressionExec.execute(ContentCompressionExec.java:150)\r\n\tat org.apache.hc.client5.http.impl.classic.ExecChainElement.execute(ExecChainElement.java:51)\r\n\tat org.apache.hc.client5.http.impl.classic.HttpRequestRetryExec.execute(HttpRequestRetryExec.java:113)\r\n\tat org.apache.hc.client5.http.impl.classic.ExecChainElement.execute(ExecChainElement.java:51)\r\n\tat org.apache.hc.client5.http.impl.classic.RedirectExec.execute(RedirectExec.java:110)\r\n\tat org.apache.hc.client5.http.impl.classic.ExecChainElement.execute(ExecChainElement.java:51)\r\n\tat org.apache.hc.client5.http.impl.classic.InternalHttpClient.doExecute(InternalHttpClient.java:174)\r\n\tat org.apache.hc.client5.http.impl.classic.CloseableHttpClient.execute(CloseableHttpClient.java:87)\r\n\tat org.apache.hc.client5.http.impl.classic.CloseableHttpClient.execute(CloseableHttpClient.java:55)\r\n\tat org.apache.hc.client5.http.classic.HttpClient.executeOpen(HttpClient.java:183)\r\n\tat org.springframework.http.client.HttpComponentsClientHttpRequest.executeInternal(HttpComponentsClientHttpRequest.java:99)\r\n\tat org.springframework.http.client.AbstractStreamingClientHttpRequest.executeInternal(AbstractStreamingClientHttpRequest.java:71)\r\n\tat org.springframework.http.client.AbstractClientHttpRequest.execute(AbstractClientHttpRequest.java:81)\r\n\tat org.springframework.http.client.InterceptingClientHttpRequest$InterceptingRequestExecution.execute(InterceptingClientHttpRequest.java:117)\r\n\tat org.springframework.cloud.netflix.eureka.http.RestTemplateTransportClientFactory.lambda$restTemplate$2(RestTemplateTransportClientFactory.java:145)\r\n\tat org.springframework.http.client.InterceptingClientHttpRequest$InterceptingRequestExecution.execute(InterceptingClientHttpRequest.java:88)\r\n\tat org.springframework.http.client.InterceptingClientHttpRequest.executeInternal(InterceptingClientHttpRequest.java:72)\r\n\tat org.springframework.http.client.AbstractBufferingClientHttpRequest.executeInternal(AbstractBufferingClientHttpRequest.java:48)\r\n\tat org.springframework.http.client.AbstractClientHttpRequest.execute(AbstractClientHttpRequest.java:81)\r\n\tat org.springframework.web.client.RestTemplate.doExecute(RestTemplate.java:900)\r\n\t... 21 more\r\n","service":"fms-core","version":"1.0.0","environment":"default"}
{"@timestamp":"2026-02-11T16:59:28.4329163+05:30","level":"WARN","logger_name":"com.netflix.discovery.shared.transport.decorator.RetryableEurekaHttpClient","message":"Request execution failed with message: I/O error on POST request for \"http://localhost:8761/eureka/apps/FMS_CORE\": Connect to http://localhost:8761 [localhost/127.0.0.1, localhost/0:0:0:0:0:0:0:1] failed: Connection refused: getsockopt","service":"fms-core","version":"1.0.0","environment":"default"}
{"@timestamp":"2026-02-11T16:59:28.437919+05:30","level":"INFO","logger_name":"com.netflix.discovery.shared.transport.decorator.RedirectingEurekaHttpClient","message":"Request execution error. endpoint=DefaultEndpoint{ serviceUrl='http://localhost:8761/eureka/} exception=I/O error on GET request for \"http://localhost:8761/eureka/apps/delta\": Connect to http://localhost:8761 [localhost/127.0.0.1, localhost/0:0:0:0:0:0:0:1] failed: Connection refused: getsockopt stacktrace=org.springframework.web.client.ResourceAccessException: I/O error on GET request for \"http://localhost:8761/eureka/apps/delta\": Connect to http://localhost:8761 [localhost/127.0.0.1, localhost/0:0:0:0:0:0:0:1] failed: Connection refused: getsockopt\r\n\tat org.springframework.web.client.RestTemplate.createResourceAccessException(RestTemplate.java:926)\r\n\tat org.springframework.web.client.RestTemplate.doExecute(RestTemplate.java:906)\r\n\tat org.springframework.web.client.RestTemplate.execute(RestTemplate.java:841)\r\n\tat org.springframework.web.client.RestTemplate.exchange(RestTemplate.java:702)\r\n\tat org.springframework.cloud.netflix.eureka.http.RestTemplateEurekaHttpClient.getApplicationsInternal(RestTemplateEurekaHttpClient.java:174)\r\n\tat org.springframework.cloud.netflix.eureka.http.RestTemplateEurekaHttpClient.getDelta(RestTemplateEurekaHttpClient.java:186)\r\n\tat com.netflix.discovery.shared.transport.decorator.EurekaHttpClientDecorator$7.execute(EurekaHttpClientDecorator.java:152)\r\n\tat com.netflix.discovery.shared.transport.decorator.RedirectingEurekaHttpClient.execute(RedirectingEurekaHttpClient.java:91)\r\n\tat com.netflix.discovery.shared.transport.decorator.EurekaHttpClientDecorator.getDelta(EurekaHttpClientDecorator.java:149)\r\n\tat com.netflix.discovery.shared.transport.decorator.EurekaHttpClientDecorator$7.execute(EurekaHttpClientDecorator.java:152)\r\n\tat com.netflix.discovery.shared.transport.decorator.RetryableEurekaHttpClient.execute(RetryableEurekaHttpClient.java:120)\r\n\tat com.netflix.discovery.shared.transport.decorator.EurekaHttpClientDecorator.getDelta(EurekaHttpClientDecorator.java:149)\r\n\tat com.netflix.discovery.shared.transport.decorator.EurekaHttpClientDecorator$7.execute(EurekaHttpClientDecorator.java:152)\r\n\tat com.netflix.discovery.shared.transport.decorator.SessionedEurekaHttpClient.execute(SessionedEurekaHttpClient.java:76)\r\n\tat com.netflix.discovery.shared.transport.decorator.EurekaHttpClientDecorator.getDelta(EurekaHttpClientDecorator.java:149)\r\n\tat com.netflix.discovery.DiscoveryClient.getAndUpdateDelta(DiscoveryClient.java:1080)\r\n\tat com.netflix.discovery.DiscoveryClient.fetchRegistry(DiscoveryClient.java:963)\r\n\tat com.netflix.discovery.DiscoveryClient.refreshRegistry(DiscoveryClient.java:1473)\r\n\tat com.netflix.discovery.DiscoveryClient$CacheRefreshThread.run(DiscoveryClient.java:1441)\r\n\tat java.base/java.util.concurrent.Executors$RunnableAdapter.call(Executors.java:572)\r\n\tat java.base/java.util.concurrent.FutureTask.run(FutureTask.java:317)\r\n\tat java.base/java.util.concurrent.ThreadPoolExecutor.runWorker(ThreadPoolExecutor.java:1144)\r\n\tat java.base/java.util.concurrent.ThreadPoolExecutor$Worker.run(ThreadPoolExecutor.java:642)\r\n\tat java.base/java.lang.Thread.run(Thread.java:1583)\r\nCaused by: org.apache.hc.client5.http.HttpHostConnectException: Connect to http://localhost:8761 [localhost/127.0.0.1, localhost/0:0:0:0:0:0:0:1] failed: Connection refused: getsockopt\r\n\tat java.base/sun.nio.ch.Net.pollConnect(Native Method)\r\n\tat java.base/sun.nio.ch.Net.pollConnectNow(Net.java:682)\r\n\tat java.base/sun.nio.ch.NioSocketImpl.timedFinishConnect(NioSocketImpl.java:542)\r\n\tat java.base/sun.nio.ch.NioSocketImpl.connect(NioSocketImpl.java:592)\r\n\tat java.base/java.net.SocksSocketImpl.connect(SocksSocketImpl.java:327)\r\n\tat java.base/java.net.Socket.connect(Socket.java:751)\r\n\tat org.apache.hc.client5.http.impl.io.DefaultHttpClientConnectionOperator.connect(DefaultHttpClientConnectionOperator.java:216)\r\n\tat org.apache.hc.client5.http.impl.io.PoolingHttpClientConnectionManager.connect(PoolingHttpClientConnectionManager.java:490)\r\n\tat org.apache.hc.client5.http.impl.classic.InternalExecRuntime.connectEndpoint(InternalExecRuntime.java:164)\r\n\tat org.apache.hc.client5.http.impl.classic.InternalExecRuntime.connectEndpoint(InternalExecRuntime.java:174)\r\n\tat org.apache.hc.client5.http.impl.classic.ConnectExec.execute(ConnectExec.java:144)\r\n\tat org.apache.hc.client5.http.impl.classic.ExecChainElement.execute(ExecChainElement.java:51)\r\n\tat org.apache.hc.client5.http.impl.classic.ProtocolExec.execute(ProtocolExec.java:192)\r\n\tat org.apache.hc.client5.http.impl.classic.ExecChainElement.execute(ExecChainElement.java:51)\r\n\tat org.apache.hc.client5.http.impl.classic.ContentCompressionExec.execute(ContentCompressionExec.java:150)\r\n\tat org.apache.hc.client5.http.impl.classic.ExecChainElement.execute(ExecChainElement.java:51)\r\n\tat org.apache.hc.client5.http.impl.classic.HttpRequestRetryExec.execute(HttpRequestRetryExec.java:113)\r\n\tat org.apache.hc.client5.http.impl.classic.ExecChainElement.execute(ExecChainElement.java:51)\r\n\tat org.apache.hc.client5.http.impl.classic.RedirectExec.execute(RedirectExec.java:110)\r\n\tat org.apache.hc.client5.http.impl.classic.ExecChainElement.execute(ExecChainElement.java:51)\r\n\tat org.apache.hc.client5.http.impl.classic.InternalHttpClient.doExecute(InternalHttpClient.java:174)\r\n\tat org.apache.hc.client5.http.impl.classic.CloseableHttpClient.execute(CloseableHttpClient.java:87)\r\n\tat org.apache.hc.client5.http.impl.classic.CloseableHttpClient.execute(CloseableHttpClient.java:55)\r\n\tat org.apache.hc.client5.http.classic.HttpClient.executeOpen(HttpClient.java:183)\r\n\tat org.springframework.http.client.HttpComponentsClientHttpRequest.executeInternal(HttpComponentsClientHttpRequest.java:99)\r\n\tat org.springframework.http.client.AbstractStreamingClientHttpRequest.executeInternal(AbstractStreamingClientHttpRequest.java:71)\r\n\tat org.springframework.http.client.AbstractClientHttpRequest.execute(AbstractClientHttpRequest.java:81)\r\n\tat org.springframework.http.client.InterceptingClientHttpRequest$InterceptingRequestExecution.execute(InterceptingClientHttpRequest.java:117)\r\n\tat org.springframework.cloud.netflix.eureka.http.RestTemplateTransportClientFactory.lambda$restTemplate$2(RestTemplateTransportClientFactory.java:145)\r\n\tat org.springframework.http.client.InterceptingClientHttpRequest$InterceptingRequestExecution.execute(InterceptingClientHttpRequest.java:88)\r\n\tat org.springframework.http.client.InterceptingClientHttpRequest.executeInternal(InterceptingClientHttpRequest.java:72)\r\n\tat org.springframework.http.client.AbstractBufferingClientHttpRequest.executeInternal(AbstractBufferingClientHttpRequest.java:48)\r\n\tat org.springframework.http.client.AbstractClientHttpRequest.execute(AbstractClientHttpRequest.java:81)\r\n\tat org.springframework.web.client.RestTemplate.doExecute(RestTemplate.java:900)\r\n\t... 22 more\r\n","service":"fms-core","version":"1.0.0","environment":"default"}
{"@timestamp":"2026-02-11T16:59:28.4389161+05:30","level":"WARN","logger_name":"com.netflix.discovery.shared.transport.decorator.RetryableEurekaHttpClient","message":"Request execution failed with message: I/O error on GET request for \"http://localhost:8761/eureka/apps/delta\": Connect to http://localhost:8761 [localhost/127.0.0.1, localhost/0:0:0:0:0:0:0:1] failed: Connection refused: getsockopt","service":"fms-core","version":"1.0.0","environment":"default"}
{"@timestamp":"2026-02-11T16:59:28.4569166+05:30","level":"INFO","logger_name":"com.netflix.discovery.shared.transport.decorator.RedirectingEurekaHttpClient","message":"Request execution error. endpoint=DefaultEndpoint{ serviceUrl='http://localhost:8761/eureka/}, exception=I/O error on GET request for \"http://localhost:8761/eureka/apps/delta\": Connect to http://localhost:8761 [localhost/127.0.0.1, localhost/0:0:0:0:0:0:0:1] failed: Connection refused: getsockopt stacktrace=org.springframework.web.client.ResourceAccessException: I/O error on GET request for \"http://localhost:8761/eureka/apps/delta\": Connect to http://localhost:8761 [localhost/127.0.0.1, localhost/0:0:0:0:0:0:0:1] failed: Connection refused: getsockopt\r\n\tat org.springframework.web.client.RestTemplate.createResourceAccessException(RestTemplate.java:926)\r\n\tat org.springframework.web.client.RestTemplate.doExecute(RestTemplate.java:906)\r\n\tat org.springframework.web.client.RestTemplate.execute(RestTemplate.java:841)\r\n\tat org.springframework.web.client.RestTemplate.exchange(RestTemplate.java:702)\r\n\tat org.springframework.cloud.netflix.eureka.http.RestTemplateEurekaHttpClient.getApplicationsInternal(RestTemplateEurekaHttpClient.java:174)\r\n\tat org.springframework.cloud.netflix.eureka.http.RestTemplateEurekaHttpClient.getDelta(RestTemplateEurekaHttpClient.java:186)\r\n\tat com.netflix.discovery.shared.transport.decorator.EurekaHttpClientDecorator$7.execute(EurekaHttpClientDecorator.java:152)\r\n\tat com.netflix.discovery.shared.transport.decorator.RedirectingEurekaHttpClient.executeOnNewServer(RedirectingEurekaHttpClient.java:121)\r\n\tat com.netflix.discovery.shared.transport.decorator.RedirectingEurekaHttpClient.execute(RedirectingEurekaHttpClient.java:80)\r\n\tat com.netflix.discovery.shared.transport.decorator.EurekaHttpClientDecorator.getDelta(EurekaHttpClientDecorator.java:149)\r\n\tat com.netflix.discovery.shared.transport.decorator.EurekaHttpClientDecorator$7.execute(EurekaHttpClientDecorator.java:152)\r\n\tat com.netflix.discovery.shared.transport.decorator.RetryableEurekaHttpClient.execute(RetryableEurekaHttpClient.java:120)\r\n\tat com.netflix.discovery.shared.transport.decorator.EurekaHttpClientDecorator.getDelta(EurekaHttpClientDecorator.java:149)\r\n\tat com.netflix.discovery.shared.transport.decorator.EurekaHttpClientDecorator$7.execute(EurekaHttpClientDecorator.java:152)\r\n\tat com.netflix.discovery.shared.transport.decorator.SessionedEurekaHttpClient.execute(SessionedEurekaHttpClient.java:76)\r\n\tat com.netflix.discovery.shared.transport.decorator.EurekaHttpClientDecorator.getDelta(EurekaHttpClientDecorator.java:149)\r\n\tat com.netflix.discovery.DiscoveryClient.getAndUpdateDelta(DiscoveryClient.java:1080)\r\n\tat com.netflix.discovery.DiscoveryClient.fetchRegistry(DiscoveryClient.java:963)\r\n\tat com.netflix.discovery.DiscoveryClient.refreshRegistry(DiscoveryClient.java:1473)\r\n\tat com.netflix.discovery.DiscoveryClient$CacheRefreshThread.run(DiscoveryClient.java:1441)\r\n\tat java.base/java.util.concurrent.Executors$RunnableAdapter.call(Executors.java:572)\r\n\tat java.base/java.util.concurrent.FutureTask.run(FutureTask.java:317)\r\n\tat java.base/java.util.concurrent.ThreadPoolExecutor.runWorker(ThreadPoolExecutor.java:1144)\r\n\tat java.base/java.util.concurrent.ThreadPoolExecutor$Worker.run(ThreadPoolExecutor.java:642)\r\n\tat java.base/java.lang.Thread.run(Thread.java:1583)\r\nCaused by: org.apache.hc.client5.http.HttpHostConnectException: Connect to http://localhost:8761 [localhost/127.0.0.1, localhost/0:0:0:0:0:0:0:1] failed: Connection refused: getsockopt\r\n\tat java.base/sun.nio.ch.Net.pollConnect(Native Method)\r\n\tat java.base/sun.nio.ch.Net.pollConnectNow(Net.java:682)\r\n\tat java.base/sun.nio.ch.NioSocketImpl.timedFinishConnect(NioSocketImpl.java:542)\r\n\tat java.base/sun.nio.ch.NioSocketImpl.connect(NioSocketImpl.java:592)\r\n\tat java.base/java.net.SocksSocketImpl.connect(SocksSocketImpl.java:327)\r\n\tat java.base/java.net.Socket.connect(Socket.java:751)\r\n\tat org.apache.hc.client5.http.impl.io.DefaultHttpClientConnectionOperator.connect(DefaultHttpClientConnectionOperator.java:216)\r\n\tat org.apache.hc.client5.http.impl.io.PoolingHttpClientConnectionManager.connect(PoolingHttpClientConnectionManager.java:490)\r\n\tat org.apache.hc.client5.http.impl.classic.InternalExecRuntime.connectEndpoint(InternalExecRuntime.java:164)\r\n\tat org.apache.hc.client5.http.impl.classic.InternalExecRuntime.connectEndpoint(InternalExecRuntime.java:174)\r\n\tat org.apache.hc.client5.http.impl.classic.ConnectExec.execute(ConnectExec.java:144)\r\n\tat org.apache.hc.client5.http.impl.classic.ExecChainElement.execute(ExecChainElement.java:51)\r\n\tat org.apache.hc.client5.http.impl.classic.ProtocolExec.execute(ProtocolExec.java:192)\r\n\tat org.apache.hc.client5.http.impl.classic.ExecChainElement.execute(ExecChainElement.java:51)\r\n\tat org.apache.hc.client5.http.impl.classic.ContentCompressionExec.execute(ContentCompressionExec.java:150)\r\n\tat org.apache.hc.client5.http.impl.classic.ExecChainElement.execute(ExecChainElement.java:51)\r\n\tat org.apache.hc.client5.http.impl.classic.HttpRequestRetryExec.execute(HttpRequestRetryExec.java:113)\r\n\tat org.apache.hc.client5.http.impl.classic.ExecChainElement.execute(ExecChainElement.java:51)\r\n\tat org.apache.hc.client5.http.impl.classic.RedirectExec.execute(RedirectExec.java:110)\r\n\tat org.apache.hc.client5.http.impl.classic.ExecChainElement.execute(ExecChainElement.java:51)\r\n\tat org.apache.hc.client5.http.impl.classic.InternalHttpClient.doExecute(InternalHttpClient.java:174)\r\n\tat org.apache.hc.client5.http.impl.classic.CloseableHttpClient.execute(CloseableHttpClient.java:87)\r\n\tat org.apache.hc.client5.http.impl.classic.CloseableHttpClient.execute(CloseableHttpClient.java:55)\r\n\tat org.apache.hc.client5.http.classic.HttpClient.executeOpen(HttpClient.java:183)\r\n\tat org.springframework.http.client.HttpComponentsClientHttpRequest.executeInternal(HttpComponentsClientHttpRequest.java:99)\r\n\tat org.springframework.http.client.AbstractStreamingClientHttpRequest.executeInternal(AbstractStreamingClientHttpRequest.java:71)\r\n\tat org.springframework.http.client.AbstractClientHttpRequest.execute(AbstractClientHttpRequest.java:81)\r\n\tat org.springframework.http.client.InterceptingClientHttpRequest$InterceptingRequestExecution.execute(InterceptingClientHttpRequest.java:117)\r\n\tat org.springframework.cloud.netflix.eureka.http.RestTemplateTransportClientFactory.lambda$restTemplate$2(RestTemplateTransportClientFactory.java:145)\r\n\tat org.springframework.http.client.InterceptingClientHttpRequest$InterceptingRequestExecution.execute(InterceptingClientHttpRequest.java:88)\r\n\tat org.springframework.http.client.InterceptingClientHttpRequest.executeInternal(InterceptingClientHttpRequest.java:72)\r\n\tat org.springframework.http.client.AbstractBufferingClientHttpRequest.executeInternal(AbstractBufferingClientHttpRequest.java:48)\r\n\tat org.springframework.http.client.AbstractClientHttpRequest.execute(AbstractClientHttpRequest.java:81)\r\n\tat org.springframework.web.client.RestTemplate.doExecute(RestTemplate.java:900)\r\n\t... 23 more\r\n","service":"fms-core","version":"1.0.0","environment":"default"}
{"@timestamp":"2026-02-11T16:59:28.4579177+05:30","level":"WARN","logger_name":"com.netflix.discovery.shared.transport.decorator.RetryableEurekaHttpClient","message":"Request execution failed with message: I/O error on GET request for \"http://localhost:8761/eureka/apps/delta\": Connect to http://localhost:8761 [localhost/127.0.0.1, localhost/0:0:0:0:0:0:0:1] failed: Connection refused: getsockopt","service":"fms-core","version":"1.0.0","environment":"default"}
{"@timestamp":"2026-02-11T16:59:28.4589155+05:30","level":"INFO","logger_name":"com.netflix.discovery.DiscoveryClient","message":"DiscoveryClient_FMS_CORE/KAVINDA5242.mshome.net:fms_core:8084 - was unable to refresh its cache! This periodic background refresh will be retried in 30 seconds. status = Cannot execute request on any known server stacktrace = com.netflix.discovery.shared.transport.TransportException: Cannot execute request on any known server\r\n\tat com.netflix.discovery.shared.transport.decorator.RetryableEurekaHttpClient.execute(RetryableEurekaHttpClient.java:112)\r\n\tat com.netflix.discovery.shared.transport.decorator.EurekaHttpClientDecorator.getDelta(EurekaHttpClientDecorator.java:149)\r\n\tat com.netflix.discovery.shared.transport.decorator.EurekaHttpClientDecorator$7.execute(EurekaHttpClientDecorator.java:152)\r\n\tat com.netflix.discovery.shared.transport.decorator.SessionedEurekaHttpClient.execute(SessionedEurekaHttpClient.java:76)\r\n\tat com.netflix.discovery.shared.transport.decorator.EurekaHttpClientDecorator.getDelta(EurekaHttpClientDecorator.java:149)\r\n\tat com.netflix.discovery.DiscoveryClient.getAndUpdateDelta(DiscoveryClient.java:1080)\r\n\tat com.netflix.discovery.DiscoveryClient.fetchRegistry(DiscoveryClient.java:963)\r\n\tat com.netflix.discovery.DiscoveryClient.refreshRegistry(DiscoveryClient.java:1473)\r\n\tat com.netflix.discovery.DiscoveryClient$CacheRefreshThread.run(DiscoveryClient.java:1441)\r\n\tat java.base/java.util.concurrent.Executors$RunnableAdapter.call(Executors.java:572)\r\n\tat java.base/java.util.concurrent.FutureTask.run(FutureTask.java:317)\r\n\tat java.base/java.util.concurrent.ThreadPoolExecutor.runWorker(ThreadPoolExecutor.java:1144)\r\n\tat java.base/java.util.concurrent.ThreadPoolExecutor$Worker.run(ThreadPoolExecutor.java:642)\r\n\tat java.base/java.lang.Thread.run(Thread.java:1583)\r\n","service":"fms-core","version":"1.0.0","environment":"default"}
{"@timestamp":"2026-02-11T16:59:28.5059191+05:30","level":"INFO","logger_name":"com.netflix.discovery.shared.transport.decorator.RedirectingEurekaHttpClient","message":"Request execution error. endpoint=DefaultEndpoint{ serviceUrl='http://localhost:8761/eureka/}, exception=I/O error on PUT request for \"http://localhost:8761/eureka/apps/FMS_CORE/KAVINDA5242.mshome.net:fms_core:8084\": Connect to http://localhost:8761 [localhost/127.0.0.1, localhost/0:0:0:0:0:0:0:1] failed: Connection refused: getsockopt stacktrace=org.springframework.web.client.ResourceAccessException: I/O error on PUT request for \"http://localhost:8761/eureka/apps/FMS_CORE/KAVINDA5242.mshome.net:fms_core:8084\": Connect to http://localhost:8761 [localhost/127.0.0.1, localhost/0:0:0:0:0:0:0:1] failed: Connection refused: getsockopt\r\n\tat org.springframework.web.client.RestTemplate.createResourceAccessException(RestTemplate.java:926)\r\n\tat org.springframework.web.client.RestTemplate.doExecute(RestTemplate.java:906)\r\n\tat org.springframework.web.client.RestTemplate.execute(RestTemplate.java:841)\r\n\tat org.springframework.web.client.RestTemplate.exchange(RestTemplate.java:702)\r\n\tat org.springframework.cloud.netflix.eureka.http.RestTemplateEurekaHttpClient.sendHeartBeat(RestTemplateEurekaHttpClient.java:119)\r\n\tat com.netflix.discovery.shared.transport.decorator.EurekaHttpClientDecorator$3.execute(EurekaHttpClientDecorator.java:92)\r\n\tat com.netflix.discovery.shared.transport.decorator.RedirectingEurekaHttpClient.executeOnNewServer(RedirectingEurekaHttpClient.java:121)\r\n\tat com.netflix.discovery.shared.transport.decorator.RedirectingEurekaHttpClient.execute(RedirectingEurekaHttpClient.java:80)\r\n\tat com.netflix.discovery.shared.transport.decorator.EurekaHttpClientDecorator.sendHeartBeat(EurekaHttpClientDecorator.java:89)\r\n\tat com.netflix.discovery.shared.transport.decorator.EurekaHttpClientDecorator$3.execute(EurekaHttpClientDecorator.java:92)\r\n\tat com.netflix.discovery.shared.transport.decorator.RetryableEurekaHttpClient.execute(RetryableEurekaHttpClient.java:120)\r\n\tat com.netflix.discovery.shared.transport.decorator.EurekaHttpClientDecorator.sendHeartBeat(EurekaHttpClientDecorator.java:89)\r\n\tat com.netflix.discovery.shared.transport.decorator.EurekaHttpClientDecorator$3.execute(EurekaHttpClientDecorator.java:92)\r\n\tat com.netflix.discovery.shared.transport.decorator.SessionedEurekaHttpClient.execute(SessionedEurekaHttpClient.java:76)\r\n\tat com.netflix.discovery.shared.transport.decorator.EurekaHttpClientDecorator.sendHeartBeat(EurekaHttpClientDecorator.java:89)\r\n\tat com.netflix.discovery.DiscoveryClient.renew(DiscoveryClient.java:845)\r\n\tat com.netflix.discovery.DiscoveryClient$HeartbeatThread.run(DiscoveryClient.java:1402)\r\n\tat java.base/java.util.concurrent.Executors$RunnableAdapter.call(Executors.java:572)\r\n\tat java.base/java.util.concurrent.FutureTask.run(FutureTask.java:317)\r\n\tat java.base/java.util.concurrent.ThreadPoolExecutor.runWorker(ThreadPoolExecutor.java:1144)\r\n\tat java.base/java.util.concurrent.ThreadPoolExecutor$Worker.run(ThreadPoolExecutor.java:642)\r\n\tat java.base/java.lang.Thread.run(Thread.java:1583)\r\nCaused by: org.apache.hc.client5.http.HttpHostConnectException: Connect to http://localhost:8761 [localhost/127.0.0.1, localhost/0:0:0:0:0:0:0:1] failed: Connection refused: getsockopt\r\n\tat java.base/sun.nio.ch.Net.pollConnect(Native Method)\r\n\tat java.base/sun.nio.ch.Net.pollConnectNow(Net.java:682)\r\n\tat java.base/sun.nio.ch.NioSocketImpl.timedFinishConnect(NioSocketImpl.java:542)\r\n\tat java.base/sun.nio.ch.NioSocketImpl.connect(NioSocketImpl.java:592)\r\n\tat java.base/java.net.SocksSocketImpl.connect(SocksSocketImpl.java:327)\r\n\tat java.base/java.net.Socket.connect(Socket.java:751)\r\n\tat org.apache.hc.client5.http.impl.io.DefaultHttpClientConnectionOperator.connect(DefaultHttpClientConnectionOperator.java:216)\r\n\tat org.apache.hc.client5.http.impl.io.PoolingHttpClientConnectionManager.connect(PoolingHttpClientConnectionManager.java:490)\r\n\tat org.apache.hc.client5.http.impl.classic.InternalExecRuntime.connectEndpoint(InternalExecRuntime.java:164)\r\n\tat org.apache.hc.client5.http.impl.classic.InternalExecRuntime.connectEndpoint(InternalExecRuntime.java:174)\r\n\tat org.apache.hc.client5.http.impl.classic.ConnectExec.execute(ConnectExec.java:144)\r\n\tat org.apache.hc.client5.http.impl.classic.ExecChainElement.execute(ExecChainElement.java:51)\r\n\tat org.apache.hc.client5.http.impl.classic.ProtocolExec.execute(ProtocolExec.java:192)\r\n\tat org.apache.hc.client5.http.impl.classic.ExecChainElement.execute(ExecChainElement.java:51)\r\n\tat org.apache.hc.client5.http.impl.classic.ContentCompressionExec.execute(ContentCompressionExec.java:150)\r\n\tat org.apache.hc.client5.http.impl.classic.ExecChainElement.execute(ExecChainElement.java:51)\r\n\tat org.apache.hc.client5.http.impl.classic.HttpRequestRetryExec.execute(HttpRequestRetryExec.java:113)\r\n\tat org.apache.hc.client5.http.impl.classic.ExecChainElement.execute(ExecChainElement.java:51)\r\n\tat org.apache.hc.client5.http.impl.classic.RedirectExec.execute(RedirectExec.java:110)\r\n\tat org.apache.hc.client5.http.impl.classic.ExecChainElement.execute(ExecChainElement.java:51)\r\n\tat org.apache.hc.client5.http.impl.classic.InternalHttpClient.doExecute(InternalHttpClient.java:174)\r\n\tat org.apache.hc.client5.http.impl.classic.CloseableHttpClient.execute(CloseableHttpClient.java:87)\r\n\tat org.apache.hc.client5.http.impl.classic.CloseableHttpClient.execute(CloseableHttpClient.java:55)\r\n\tat org.apache.hc.client5.http.classic.HttpClient.executeOpen(HttpClient.java:183)\r\n\tat org.springframework.http.client.HttpComponentsClientHttpRequest.executeInternal(HttpComponentsClientHttpRequest.java:99)\r\n\tat org.springframework.http.client.AbstractStreamingClientHttpRequest.executeInternal(AbstractStreamingClientHttpRequest.java:71)\r\n\tat org.springframework.http.client.AbstractClientHttpRequest.execute(AbstractClientHttpRequest.java:81)\r\n\tat org.springframework.http.client.InterceptingClientHttpRequest$InterceptingRequestExecution.execute(InterceptingClientHttpRequest.java:117)\r\n\tat org.springframework.cloud.netflix.eureka.http.RestTemplateTransportClientFactory.lambda$restTemplate$2(RestTemplateTransportClientFactory.java:145)\r\n\tat org.springframework.http.client.InterceptingClientHttpRequest$InterceptingRequestExecution.execute(InterceptingClientHttpRequest.java:88)\r\n\tat org.springframework.http.client.InterceptingClientHttpRequest.executeInternal(InterceptingClientHttpRequest.java:72)\r\n\tat org.springframework.http.client.AbstractBufferingClientHttpRequest.executeInternal(AbstractBufferingClientHttpRequest.java:48)\r\n\tat org.springframework.http.client.AbstractClientHttpRequest.execute(AbstractClientHttpRequest.java:81)\r\n\tat org.springframework.web.client.RestTemplate.doExecute(RestTemplate.java:900)\r\n\t... 20 more\r\n","service":"fms-core","version":"1.0.0","environment":"default"}
{"@timestamp":"2026-02-11T16:59:28.507919+05:30","level":"WARN","logger_name":"com.netflix.discovery.shared.transport.decorator.RetryableEurekaHttpClient","message":"Request execution failed with message: I/O error on PUT request for \"http://localhost:8761/eureka/apps/FMS_CORE/KAVINDA5242.mshome.net:fms_core:8084\": Connect to http://localhost:8761 [localhost/127.0.0.1, localhost/0:0:0:0:0:0:0:1] failed: Connection refused: getsockopt","service":"fms-core","version":"1.0.0","environment":"default"}
{"@timestamp":"2026-02-11T16:59:28.5089196+05:30","level":"ERROR","logger_name":"com.netflix.discovery.DiscoveryClient","message":"DiscoveryClient_FMS_CORE/KAVINDA5242.mshome.net:fms_core:8084 - was unable to send heartbeat!","service":"fms-core","version":"1.0.0","environment":"default"}
{"@timestamp":"2026-02-11T16:59:28.5149197+05:30","level":"INFO","logger_name":"com.netflix.discovery.shared.transport.decorator.RedirectingEurekaHttpClient","message":"Request execution error. endpoint=DefaultEndpoint{ serviceUrl='http://localhost:8761/eureka/}, exception=I/O error on POST request for \"http://localhost:8761/eureka/apps/FMS_CORE\": Connect to http://localhost:8761 [localhost/127.0.0.1, localhost/0:0:0:0:0:0:0:1] failed: Connection refused: getsockopt stacktrace=org.springframework.web.client.ResourceAccessException: I/O error on POST request for \"http://localhost:8761/eureka/apps/FMS_CORE\": Connect to http://localhost:8761 [localhost/127.0.0.1, localhost/0:0:0:0:0:0:0:1] failed: Connection refused: getsockopt\r\n\tat org.springframework.web.client.RestTemplate.createResourceAccessException(RestTemplate.java:926)\r\n\tat org.springframework.web.client.RestTemplate.doExecute(RestTemplate.java:906)\r\n\tat org.springframework.web.client.RestTemplate.execute(RestTemplate.java:841)\r\n\tat org.springframework.web.client.RestTemplate.exchange(RestTemplate.java:702)\r\n\tat org.springframework.cloud.netflix.eureka.http.RestTemplateEurekaHttpClient.register(RestTemplateEurekaHttpClient.java:87)\r\n\tat com.netflix.discovery.shared.transport.decorator.EurekaHttpClientDecorator$1.execute(EurekaHttpClientDecorator.java:59)\r\n\tat com.netflix.discovery.shared.transport.decorator.RedirectingEurekaHttpClient.executeOnNewServer(RedirectingEurekaHttpClient.java:121)\r\n\tat com.netflix.discovery.shared.transport.decorator.RedirectingEurekaHttpClient.execute(RedirectingEurekaHttpClient.java:80)\r\n\tat com.netflix.discovery.shared.transport.decorator.EurekaHttpClientDecorator.register(EurekaHttpClientDecorator.java:56)\r\n\tat com.netflix.discovery.shared.transport.decorator.EurekaHttpClientDecorator$1.execute(EurekaHttpClientDecorator.java:59)\r\n\tat com.netflix.discovery.shared.transport.decorator.RetryableEurekaHttpClient.execute(RetryableEurekaHttpClient.java:120)\r\n\tat com.netflix.discovery.shared.transport.decorator.EurekaHttpClientDecorator.register(EurekaHttpClientDecorator.java:56)\r\n\tat com.netflix.discovery.shared.transport.decorator.EurekaHttpClientDecorator$1.execute(EurekaHttpClientDecorator.java:59)\r\n\tat com.netflix.discovery.shared.transport.decorator.SessionedEurekaHttpClient.execute(SessionedEurekaHttpClient.java:76)\r\n\tat com.netflix.discovery.shared.transport.decorator.EurekaHttpClientDecorator.register(EurekaHttpClientDecorator.java:56)\r\n\tat com.netflix.discovery.DiscoveryClient.register(DiscoveryClient.java:828)\r\n\tat com.netflix.discovery.InstanceInfoReplicator.run(InstanceInfoReplicator.java:125)\r\n\tat com.netflix.discovery.InstanceInfoReplicator$2.run(InstanceInfoReplicator.java:105)\r\n\tat java.base/java.util.concurrent.Executors$RunnableAdapter.call(Executors.java:572)\r\n\tat java.base/java.util.concurrent.FutureTask.run(FutureTask.java:317)\r\n\tat java.base/java.util.concurrent.ScheduledThreadPoolExecutor$ScheduledFutureTask.run(ScheduledThreadPoolExecutor.java:304)\r\n\tat java.base/java.util.concurrent.ThreadPoolExecutor.runWorker(ThreadPoolExecutor.java:1144)\r\n\tat java.base/java.util.concurrent.ThreadPoolExecutor$Worker.run(ThreadPoolExecutor.java:642)\r\n\tat java.base/java.lang.Thread.run(Thread.java:1583)\r\nCaused by: org.apache.hc.client5.http.HttpHostConnectException: Connect to http://localhost:8761 [localhost/127.0.0.1, localhost/0:0:0:0:0:0:0:1] failed: Connection refused: getsockopt\r\n\tat java.base/sun.nio.ch.Net.pollConnect(Native Method)\r\n\tat java.base/sun.nio.ch.Net.pollConnectNow(Net.java:682)\r\n\tat java.base/sun.nio.ch.NioSocketImpl.timedFinishConnect(NioSocketImpl.java:542)\r\n\tat java.base/sun.nio.ch.NioSocketImpl.connect(NioSocketImpl.java:592)\r\n\tat java.base/java.net.SocksSocketImpl.connect(SocksSocketImpl.java:327)\r\n\tat java.base/java.net.Socket.connect(Socket.java:751)\r\n\tat org.apache.hc.client5.http.impl.io.DefaultHttpClientConnectionOperator.connect(DefaultHttpClientConnectionOperator.java:216)\r\n\tat org.apache.hc.client5.http.impl.io.PoolingHttpClientConnectionManager.connect(PoolingHttpClientConnectionManager.java:490)\r\n\tat org.apache.hc.client5.http.impl.classic.InternalExecRuntime.connectEndpoint(InternalExecRuntime.java:164)\r\n\tat org.apache.hc.client5.http.impl.classic.InternalExecRuntime.connectEndpoint(InternalExecRuntime.java:174)\r\n\tat org.apache.hc.client5.http.impl.classic.ConnectExec.execute(ConnectExec.java:144)\r\n\tat org.apache.hc.client5.http.impl.classic.ExecChainElement.execute(ExecChainElement.java:51)\r\n\tat org.apache.hc.client5.http.impl.classic.ProtocolExec.execute(ProtocolExec.java:192)\r\n\tat org.apache.hc.client5.http.impl.classic.ExecChainElement.execute(ExecChainElement.java:51)\r\n\tat org.apache.hc.client5.http.impl.classic.ContentCompressionExec.execute(ContentCompressionExec.java:150)\r\n\tat org.apache.hc.client5.http.impl.classic.ExecChainElement.execute(ExecChainElement.java:51)\r\n\tat org.apache.hc.client5.http.impl.classic.HttpRequestRetryExec.execute(HttpRequestRetryExec.java:113)\r\n\tat org.apache.hc.client5.http.impl.classic.ExecChainElement.execute(ExecChainElement.java:51)\r\n\tat org.apache.hc.client5.http.impl.classic.RedirectExec.execute(RedirectExec.java:110)\r\n\tat org.apache.hc.client5.http.impl.classic.ExecChainElement.execute(ExecChainElement.java:51)\r\n\tat org.apache.hc.client5.http.impl.classic.InternalHttpClient.doExecute(InternalHttpClient.java:174)\r\n\tat org.apache.hc.client5.http.impl.classic.CloseableHttpClient.execute(CloseableHttpClient.java:87)\r\n\tat org.apache.hc.client5.http.impl.classic.CloseableHttpClient.execute(CloseableHttpClient.java:55)\r\n\tat org.apache.hc.client5.http.classic.HttpClient.executeOpen(HttpClient.java:183)\r\n\tat org.springframework.http.client.HttpComponentsClientHttpRequest.executeInternal(HttpComponentsClientHttpRequest.java:99)\r\n\tat org.springframework.http.client.AbstractStreamingClientHttpRequest.executeInternal(AbstractStreamingClientHttpRequest.java:71)\r\n\tat org.springframework.http.client.AbstractClientHttpRequest.execute(AbstractClientHttpRequest.java:81)\r\n\tat org.springframework.http.client.InterceptingClientHttpRequest$InterceptingRequestExecution.execute(InterceptingClientHttpRequest.java:117)\r\n\tat org.springframework.cloud.netflix.eureka.http.RestTemplateTransportClientFactory.lambda$restTemplate$2(RestTemplateTransportClientFactory.java:145)\r\n\tat org.springframework.http.client.InterceptingClientHttpRequest$InterceptingRequestExecution.execute(InterceptingClientHttpRequest.java:88)\r\n\tat org.springframework.http.client.InterceptingClientHttpRequest.executeInternal(InterceptingClientHttpRequest.java:72)\r\n\tat org.springframework.http.client.AbstractBufferingClientHttpRequest.executeInternal(AbstractBufferingClientHttpRequest.java:48)\r\n\tat org.springframework.http.client.AbstractClientHttpRequest.execute(AbstractClientHttpRequest.java:81)\r\n\tat org.springframework.web.client.RestTemplate.doExecute(RestTemplate.java:900)\r\n\t... 22 more\r\n","service":"fms-core","version":"1.0.0","environment":"default"}
{"@timestamp":"2026-02-11T16:59:28.5149197+05:30","level":"WARN","logger_name":"com.netflix.discovery.shared.transport.decorator.RetryableEurekaHttpClient","message":"Request execution failed with message: I/O error on POST request for \"http://localhost:8761/eureka/apps/FMS_CORE\": Connect to http://localhost:8761 [localhost/127.0.0.1, localhost/0:0:0:0:0:0:0:1] failed: Connection refused: getsockopt","service":"fms-core","version":"1.0.0","environment":"default"}
{"@timestamp":"2026-02-11T16:59:28.5159178+05:30","level":"WARN","logger_name":"com.netflix.discovery.DiscoveryClient","message":"DiscoveryClient_FMS_CORE/KAVINDA5242.mshome.net:fms_core:8084 - registration failed Cannot execute request on any known server","service":"fms-core","version":"1.0.0","environment":"default"}
{"@timestamp":"2026-02-11T16:59:28.5169398+05:30","level":"WARN","logger_name":"com.netflix.discovery.InstanceInfoReplicator","message":"There was a problem with the instance info replicator","service":"fms-core","version":"1.0.0","environment":"default"}
{"@timestamp":"2026-02-11T16:59:28.5629177+05:30","level":"INFO","logger_name":"org.springframework.boot.web.embedded.tomcat.GracefulShutdown","message":"Graceful shutdown complete","service":"fms-core","version":"1.0.0","environment":"default"}
{"@timestamp":"2026-02-11T16:59:28.5849195+05:30","level":"INFO","logger_name":"org.springframework.messaging.simp.broker.SimpleBrokerMessageHandler","message":"Stopping...","service":"fms-core","version":"1.0.0","environment":"default"}
{"@timestamp":"2026-02-11T16:59:28.5869176+05:30","level":"INFO","logger_name":"org.springframework.messaging.simp.broker.SimpleBrokerMessageHandler","message":"BrokerAvailabilityEvent[available=false, SimpleBrokerMessageHandler [org.springframework.messaging.simp.broker.DefaultSubscriptionRegistry@14c0ed8]]","service":"fms-core","version":"1.0.0","environment":"default"}
{"@timestamp":"2026-02-11T16:59:28.5899199+05:30","level":"INFO","logger_name":"org.springframework.messaging.simp.broker.SimpleBrokerMessageHandler","message":"Stopped.","service":"fms-core","version":"1.0.0","environment":"default"}
{"@timestamp":"2026-02-11T16:59:28.8669198+05:30","level":"INFO","logger_name":"org.springframework.orm.jpa.LocalContainerEntityManagerFactoryBean","message":"Closing JPA EntityManagerFactory for persistence unit 'default'","service":"fms-core","version":"1.0.0","environment":"default"}
{"@timestamp":"2026-02-11T16:59:28.9919244+05:30","level":"INFO","logger_name":"com.zaxxer.hikari.HikariDataSource","message":"HikariPool-1 - Shutdown initiated...","service":"fms-core","version":"1.0.0","environment":"default"}
{"@timestamp":"2026-02-11T16:59:29.1509425+05:30","level":"INFO","logger_name":"com.zaxxer.hikari.HikariDataSource","message":"HikariPool-1 - Shutdown completed.","service":"fms-core","version":"1.0.0","environment":"default"}
{"@timestamp":"2026-02-11T16:59:29.1519227+05:30","level":"INFO","logger_name":"com.netflix.discovery.DiscoveryClient","message":"Shutting down DiscoveryClient ...","service":"fms-core","version":"1.0.0","environment":"default"}
{"@timestamp":"2026-02-11T16:59:32.1699378+05:30","level":"INFO","logger_name":"com.netflix.discovery.DiscoveryClient","message":"Unregistering ...","service":"fms-core","version":"1.0.0","environment":"default"}
{"@timestamp":"2026-02-11T16:59:32.1909581+05:30","level":"INFO","logger_name":"com.netflix.discovery.shared.transport.decorator.RedirectingEurekaHttpClient","message":"Request execution error. endpoint=DefaultEndpoint{ serviceUrl='http://localhost:8761/eureka/}, exception=I/O error on DELETE request for \"http://localhost:8761/eureka/apps/FMS_CORE/KAVINDA5242.mshome.net:fms_core:8084\": Connect to http://localhost:8761 [localhost/127.0.0.1, localhost/0:0:0:0:0:0:0:1] failed: Connection refused: getsockopt stacktrace=org.springframework.web.client.ResourceAccessException: I/O error on DELETE request for \"http://localhost:8761/eureka/apps/FMS_CORE/KAVINDA5242.mshome.net:fms_core:8084\": Connect to http://localhost:8761 [localhost/127.0.0.1, localhost/0:0:0:0:0:0:0:1] failed: Connection refused: getsockopt\r\n\tat org.springframework.web.client.RestTemplate.createResourceAccessException(RestTemplate.java:926)\r\n\tat org.springframework.web.client.RestTemplate.doExecute(RestTemplate.java:906)\r\n\tat org.springframework.web.client.RestTemplate.execute(RestTemplate.java:841)\r\n\tat org.springframework.web.client.RestTemplate.exchange(RestTemplate.java:702)\r\n\tat org.springframework.cloud.netflix.eureka.http.RestTemplateEurekaHttpClient.cancel(RestTemplateEurekaHttpClient.java:100)\r\n\tat com.netflix.discovery.shared.transport.decorator.EurekaHttpClientDecorator$2.execute(EurekaHttpClientDecorator.java:74)\r\n\tat com.netflix.discovery.shared.transport.decorator.RedirectingEurekaHttpClient.executeOnNewServer(RedirectingEurekaHttpClient.java:121)\r\n\tat com.netflix.discovery.shared.transport.decorator.RedirectingEurekaHttpClient.execute(RedirectingEurekaHttpClient.java:80)\r\n\tat com.netflix.discovery.shared.transport.decorator.EurekaHttpClientDecorator.cancel(EurekaHttpClientDecorator.java:71)\r\n\tat com.netflix.discovery.shared.transport.decorator.EurekaHttpClientDecorator$2.execute(EurekaHttpClientDecorator.java:74)\r\n\tat com.netflix.discovery.shared.transport.decorator.RetryableEurekaHttpClient.execute(RetryableEurekaHttpClient.java:120)\r\n\tat com.netflix.discovery.shared.transport.decorator.EurekaHttpClientDecorator.cancel(EurekaHttpClientDecorator.java:71)\r\n\tat com.netflix.discovery.shared.transport.decorator.EurekaHttpClientDecorator$2.execute(EurekaHttpClientDecorator.java:74)\r\n\tat com.netflix.discovery.shared.transport.decorator.SessionedEurekaHttpClient.execute(SessionedEurekaHttpClient.java:76)\r\n\tat com.netflix.discovery.shared.transport.decorator.EurekaHttpClientDecorator.cancel(EurekaHttpClientDecorator.java:71)\r\n\tat com.netflix.discovery.DiscoveryClient.unregister(DiscoveryClient.java:919)\r\n\tat com.netflix.discovery.DiscoveryClient.shutdown(DiscoveryClient.java:900)\r\n\tat java.base/jdk.internal.reflect.DirectMethodHandleAccessor.invoke(DirectMethodHandleAccessor.java:103)\r\n\tat java.base/java.lang.reflect.Method.invoke(Method.java:580)\r\n\tat org.springframework.beans.factory.annotation.InitDestroyAnnotationBeanPostProcessor$LifecycleMethod.invoke(InitDestroyAnnotationBeanPostProcessor.java:457)\r\n\tat org.springframework.beans.factory.annotation.InitDestroyAnnotationBeanPostProcessor$LifecycleMetadata.invokeDestroyMethods(InitDestroyAnnotationBeanPostProcessor.java:415)\r\n\tat org.springframework.beans.factory.annotation.InitDestroyAnnotationBeanPostProcessor.postProcessBeforeDestruction(InitDestroyAnnotationBeanPostProcessor.java:239)\r\n\tat org.springframework.beans.factory.support.DisposableBeanAdapter.destroy(DisposableBeanAdapter.java:202)\r\n\tat org.springframework.beans.factory.support.DisposableBeanAdapter.run(DisposableBeanAdapter.java:195)\r\n\tat org.springframework.cloud.context.scope.GenericScope$BeanLifecycleWrapper.destroy(GenericScope.java:389)\r\n\tat org.springframework.cloud.context.scope.GenericScope.destroy(GenericScope.java:136)\r\n\tat org.springframework.beans.factory.support.DisposableBeanAdapter.destroy(DisposableBeanAdapter.java:211)\r\n\tat org.springframework.beans.factory.support.DefaultSingletonBeanRegistry.destroyBean(DefaultSingletonBeanRegistry.java:745)\r\n\tat org.springframework.beans.factory.support.DefaultSingletonBeanRegistry.destroySingleton(DefaultSingletonBeanRegistry.java:702)\r\n\tat org.springframework.beans.factory.support.DefaultListableBeanFactory.destroySingleton(DefaultListableBeanFactory.java:1401)\r\n\tat org.springframework.beans.factory.support.DefaultSingletonBeanRegistry.destroySingletons(DefaultSingletonBeanRegistry.java:661)\r\n\tat org.springframework.beans.factory.support.DefaultListableBeanFactory.destroySingletons(DefaultListableBeanFactory.java:1394)\r\n\tat org.springframework.context.support.AbstractApplicationContext.destroyBeans(AbstractApplicationContext.java:1219)\r\n\tat org.springframework.context.support.AbstractApplicationContext.doClose(AbstractApplicationContext.java:1180)\r\n\tat org.springframework.boot.web.servlet.context.ServletWebServerApplicationContext.doClose(ServletWebServerApplicationContext.java:179)\r\n\tat org.springframework.context.support.AbstractApplicationContext.close(AbstractApplicationContext.java:1126)\r\n\tat org.springframework.boot.SpringApplicationShutdownHook.closeAndWait(SpringApplicationShutdownHook.java:147)\r\n\tat java.base/java.lang.Iterable.forEach(Iterable.java:75)\r\n\tat org.springframework.boot.SpringApplicationShutdownHook.run(SpringApplicationShutdownHook.java:116)\r\n\tat java.base/java.lang.Thread.run(Thread.java:1583)\r\nCaused by: org.apache.hc.client5.http.HttpHostConnectException: Connect to http://localhost:8761 [localhost/127.0.0.1, localhost/0:0:0:0:0:0:0:1] failed: Connection refused: getsockopt\r\n\tat java.base/sun.nio.ch.Net.pollConnect(Native Method)\r\n\tat java.base/sun.nio.ch.Net.pollConnectNow(Net.java:682)\r\n\tat java.base/sun.nio.ch.NioSocketImpl.timedFinishConnect(NioSocketImpl.java:542)\r\n\tat java.base/sun.nio.ch.NioSocketImpl.connect(NioSocketImpl.java:592)\r\n\tat java.base/java.net.SocksSocketImpl.connect(SocksSocketImpl.java:327)\r\n\tat java.base/java.net.Socket.connect(Socket.java:751)\r\n\tat org.apache.hc.client5.http.impl.io.DefaultHttpClientConnectionOperator.connect(DefaultHttpClientConnectionOperator.java:216)\r\n\tat org.apache.hc.client5.http.impl.io.PoolingHttpClientConnectionManager.connect(PoolingHttpClientConnectionManager.java:490)\r\n\tat org.apache.hc.client5.http.impl.classic.InternalExecRuntime.connectEndpoint(InternalExecRuntime.java:164)\r\n\tat org.apache.hc.client5.http.impl.classic.InternalExecRuntime.connectEndpoint(InternalExecRuntime.java:174)\r\n\tat org.apache.hc.client5.http.impl.classic.ConnectExec.execute(ConnectExec.java:144)\r\n\tat org.apache.hc.client5.http.impl.classic.ExecChainElement.execute(ExecChainElement.java:51)\r\n\tat org.apache.hc.client5.http.impl.classic.ProtocolExec.execute(ProtocolExec.java:192)\r\n\tat org.apache.hc.client5.http.impl.classic.ExecChainElement.execute(ExecChainElement.java:51)\r\n\tat org.apache.hc.client5.http.impl.classic.ContentCompressionExec.execute(ContentCompressionExec.java:150)\r\n\tat org.apache.hc.client5.http.impl.classic.ExecChainElement.execute(ExecChainElement.java:51)\r\n\tat org.apache.hc.client5.http.impl.classic.HttpRequestRetryExec.execute(HttpRequestRetryExec.java:113)\r\n\tat org.apache.hc.client5.http.impl.classic.ExecChainElement.execute(ExecChainElement.java:51)\r\n\tat org.apache.hc.client5.http.impl.classic.RedirectExec.execute(RedirectExec.java:110)\r\n\tat org.apache.hc.client5.http.impl.classic.ExecChainElement.execute(ExecChainElement.java:51)\r\n\tat org.apache.hc.client5.http.impl.classic.InternalHttpClient.doExecute(InternalHttpClient.java:174)\r\n\tat org.apache.hc.client5.http.impl.classic.CloseableHttpClient.execute(CloseableHttpClient.java:87)\r\n\tat org.apache.hc.client5.http.impl.classic.CloseableHttpClient.execute(CloseableHttpClient.java:55)\r\n\tat org.apache.hc.client5.http.classic.HttpClient.executeOpen(HttpClient.java:183)\r\n\tat org.springframework.http.client.HttpComponentsClientHttpRequest.executeInternal(HttpComponentsClientHttpRequest.java:99)\r\n\tat org.springframework.http.client.AbstractStreamingClientHttpRequest.executeInternal(AbstractStreamingClientHttpRequest.java:71)\r\n\tat org.springframework.http.client.AbstractClientHttpRequest.execute(AbstractClientHttpRequest.java:81)\r\n\tat org.springframework.http.client.InterceptingClientHttpRequest$InterceptingRequestExecution.execute(InterceptingClientHttpRequest.java:117)\r\n\tat org.springframework.cloud.netflix.eureka.http.RestTemplateTransportClientFactory.lambda$restTemplate$2(RestTemplateTransportClientFactory.java:145)\r\n\tat org.springframework.http.client.InterceptingClientHttpRequest$InterceptingRequestExecution.execute(InterceptingClientHttpRequest.java:88)\r\n\tat org.springframework.http.client.InterceptingClientHttpRequest.executeInternal(InterceptingClientHttpRequest.java:72)\r\n\tat org.springframework.http.client.AbstractBufferingClientHttpRequest.executeInternal(AbstractBufferingClientHttpRequest.java:48)\r\n\tat org.springframework.http.client.AbstractClientHttpRequest.execute(AbstractClientHttpRequest.java:81)\r\n\tat org.springframework.web.client.RestTemplate.doExecute(RestTemplate.java:900)\r\n\t... 38 more\r\n","service":"fms-core","version":"1.0.0","environment":"default"}
{"@timestamp":"2026-02-11T16:59:32.1919426+05:30","level":"WARN","logger_name":"com.netflix.discovery.shared.transport.decorator.RetryableEurekaHttpClient","message":"Request execution failed with message: I/O error on DELETE request for \"http://localhost:8761/eureka/apps/FMS_CORE/KAVINDA5242.mshome.net:fms_core:8084\": Connect to http://localhost:8761 [localhost/127.0.0.1, localhost/0:0:0:0:0:0:0:1] failed: Connection refused: getsockopt","service":"fms-core","version":"1.0.0","environment":"default"}
{"@timestamp":"2026-02-11T16:59:32.1919426+05:30","level":"ERROR","logger_name":"com.netflix.discovery.DiscoveryClient","message":"DiscoveryClient_FMS_CORE/KAVINDA5242.mshome.net:fms_core:8084 - de-registration failedCannot execute request on any known server","service":"fms-core","version":"1.0.0","environment":"default"}
{"@timestamp":"2026-02-11T16:59:32.1929396+05:30","level":"INFO","logger_name":"com.netflix.discovery.DiscoveryClient","message":"Completed shut down of DiscoveryClient","service":"fms-core","version":"1.0.0","environment":"default"}
