{"@timestamp":"2026-03-11T09:01:12.1020424+05:30","level":"INFO","logger_name":"net.com.fms_core.FmsCoreApplication","message":"Starting FmsCoreApplication using Java 21.0.2 with PID 19852 (C:\\Users\\kavinda_d\\Documents\\e soft\\final project\\project\\fms backend\\fms_core\\target\\classes started by kavinda_d in C:\\Users\\kavinda_d\\Documents\\e soft\\final project\\project\\fms backend)","service":"fms-core","version":"1.0.0","environment":"default"}
{"@timestamp":"2026-03-11T09:01:12.1442346+05:30","level":"DEBUG","logger_name":"net.com.fms_core.FmsCoreApplication","message":"Running with Spring Boot v3.4.4, Spring v6.2.5","service":"fms-core","version":"1.0.0","environment":"default"}
{"@timestamp":"2026-03-11T09:01:12.1535617+05:30","level":"INFO","logger_name":"net.com.fms_core.FmsCoreApplication","message":"The following 1 profile is active: \"dev\"","service":"fms-core","version":"1.0.0","environment":"default"}
{"@timestamp":"2026-03-11T09:01:12.283747+05:30","level":"INFO","logger_name":"org.springframework.cloud.config.client.ConfigServerConfigDataLoader","message":"Fetching config from server at : http://localhost:8888","service":"fms-core","version":"1.0.0","environment":"default"}
{"@timestamp":"2026-03-11T09:01:12.2851214+05:30","level":"INFO","logger_name":"org.springframework.cloud.config.client.ConfigServerConfigDataLoader","message":"Located environment: name=fms_core, profiles=[dev], label=null, version=null, state=null","service":"fms-core","version":"1.0.0","environment":"default"}
{"@timestamp":"2026-03-11T09:01:12.2877448+05:30","level":"INFO","logger_name":"org.springframework.boot.devtools.env.DevToolsPropertyDefaultsPostProcessor","message":"Devtools property defaults active! Set 'spring.devtools.add-properties' to 'false' to disable","service":"fms-core","version":"1.0.0","environment":"default"}
{"@timestamp":"2026-03-11T09:01:12.2887451+05:30","level":"INFO","logger_name":"org.springframework.boot.devtools.env.DevToolsPropertyDefaultsPostProcessor","message":"For additional web related logging consider setting the 'logging.level.web' property to 'DEBUG'","service":"fms-core","version":"1.0.0","environment":"default"}
{"@timestamp":"2026-03-11T09:01:15.758019+05:30","level":"INFO","logger_name":"org.springframework.data.repository.config.RepositoryConfigurationDelegate","message":"Bootstrapping Spring Data JPA repositories in DEFAULT mode.","service":"fms-core","version":"1.0.0","environment":"default"}
{"@timestamp":"2026-03-11T09:01:16.5796117+05:30","level":"INFO","logger_name":"org.springframework.data.repository.config.RepositoryConfigurationDelegate","message":"Finished Spring Data repository scanning in 788 ms. Found 23 JPA repository interfaces.","service":"fms-core","version":"1.0.0","environment":"default"}
{"@timestamp":"2026-03-11T09:01:17.6940278+05:30","level":"INFO","logger_name":"org.springframework.cloud.context.scope.GenericScope","message":"BeanFactory id=00be10ca-805b-33a6-ba0f-6f93d757e18b","service":"fms-core","version":"1.0.0","environment":"default"}
{"@timestamp":"2026-03-11T09:01:20.629662+05:30","level":"INFO","logger_name":"org.springframework.boot.web.embedded.tomcat.TomcatWebServer","message":"Tomcat initialized with port 8084 (http)","service":"fms-core","version":"1.0.0","environment":"default"}
{"@timestamp":"2026-03-11T09:01:20.6566623+05:30","level":"INFO","logger_name":"org.apache.catalina.core.StandardService","message":"Starting service [Tomcat]","service":"fms-core","version":"1.0.0","environment":"default"}
{"@timestamp":"2026-03-11T09:01:20.6576607+05:30","level":"INFO","logger_name":"org.apache.catalina.core.StandardEngine","message":"Starting Servlet engine: [Apache Tomcat/10.1.39]","service":"fms-core","version":"1.0.0","environment":"default"}
{"@timestamp":"2026-03-11T09:01:20.7686852+05:30","level":"INFO","logger_name":"org.apache.catalina.core.ContainerBase.[Tomcat].[localhost].[/fms-core-service]","message":"Initializing Spring embedded WebApplicationContext","service":"fms-core","version":"1.0.0","environment":"default"}
{"@timestamp":"2026-03-11T09:01:20.7696609+05:30","level":"INFO","logger_name":"org.springframework.boot.web.servlet.context.ServletWebServerApplicationContext","message":"Root WebApplicationContext: initialization completed in 8479 ms","service":"fms-core","version":"1.0.0","environment":"default"}
{"@timestamp":"2026-03-11T09:01:21.8066734+05:30","level":"INFO","logger_name":"com.zaxxer.hikari.HikariDataSource","message":"HikariPool-1 - Starting...","service":"fms-core","version":"1.0.0","environment":"default"}
{"@timestamp":"2026-03-11T09:01:22.1126626+05:30","level":"INFO","logger_name":"com.zaxxer.hikari.pool.HikariPool","message":"HikariPool-1 - Added connection com.mysql.cj.jdbc.ConnectionImpl@9f4fca6","service":"fms-core","version":"1.0.0","environment":"default"}
{"@timestamp":"2026-03-11T09:01:22.1167035+05:30","level":"INFO","logger_name":"com.zaxxer.hikari.HikariDataSource","message":"HikariPool-1 - Start completed.","service":"fms-core","version":"1.0.0","environment":"default"}
{"@timestamp":"2026-03-11T09:01:22.2196608+05:30","level":"INFO","logger_name":"org.hibernate.jpa.internal.util.LogHelper","message":"HHH000204: Processing PersistenceUnitInfo [name: default]","service":"fms-core","version":"1.0.0","environment":"default"}
{"@timestamp":"2026-03-11T09:01:22.4116647+05:30","level":"INFO","logger_name":"org.hibernate.Version","message":"HHH000412: Hibernate ORM core version 6.6.11.Final","service":"fms-core","version":"1.0.0","environment":"default"}
{"@timestamp":"2026-03-11T09:01:22.5046611+05:30","level":"INFO","logger_name":"org.hibernate.cache.internal.RegionFactoryInitiator","message":"HHH000026: Second-level cache disabled","service":"fms-core","version":"1.0.0","environment":"default"}
{"@timestamp":"2026-03-11T09:01:23.0876596+05:30","level":"INFO","logger_name":"org.springframework.orm.jpa.persistenceunit.SpringPersistenceUnitInfo","message":"No LoadTimeWeaver setup: ignoring JPA class transformer","service":"fms-core","version":"1.0.0","environment":"default"}
{"@timestamp":"2026-03-11T09:01:23.3166748+05:30","level":"INFO","logger_name":"org.hibernate.orm.connections.pooling","message":"HHH10001005: Database info:\n\tDatabase JDBC URL [Connecting through datasource 'HikariDataSource (HikariPool-1)']\n\tDatabase driver: undefined/unknown\n\tDatabase version: 8.1\n\tAutocommit mode: undefined/unknown\n\tIsolation level: undefined/unknown\n\tMinimum pool size: undefined/unknown\n\tMaximum pool size: undefined/unknown","service":"fms-core","version":"1.0.0","environment":"default"}
{"@timestamp":"2026-03-11T09:01:26.8517367+05:30","level":"INFO","logger_name":"org.hibernate.engine.transaction.jta.platform.internal.JtaPlatformInitiator","message":"HHH000489: No JTA platform available (set 'hibernate.transaction.jta.platform' to enable JTA platform integration)","service":"fms-core","version":"1.0.0","environment":"default"}
{"@timestamp":"2026-03-11T09:01:28.3730018+05:30","level":"INFO","logger_name":"org.springframework.orm.jpa.LocalContainerEntityManagerFactoryBean","message":"Initialized JPA EntityManagerFactory for persistence unit 'default'","service":"fms-core","version":"1.0.0","environment":"default"}
{"@timestamp":"2026-03-11T09:01:29.7599997+05:30","level":"INFO","logger_name":"org.springframework.data.jpa.repository.query.QueryEnhancerFactory","message":"Hibernate is in classpath; If applicable, HQL parser will be used.","service":"fms-core","version":"1.0.0","environment":"default"}
{"@timestamp":"2026-03-11T09:01:38.7351234+05:30","level":"WARN","logger_name":"org.drools.compiler.kie.builder.impl.KieBuilderImpl","message":"File 'ai-rules/default.drl' is in folder 'ai-rules' but declares package 'net.com.fms_core.ai.rules'. It is advised to have a correspondance between package and folder names.","service":"fms-core","version":"1.0.0","environment":"default"}
{"@timestamp":"2026-03-11T09:01:40.9543741+05:30","level":"INFO","logger_name":"net.com.fms_core.service.impl.AIKieService","message":"AI KIE base initialized successfully","service":"fms-core","version":"1.0.0","environment":"default"}
{"@timestamp":"2026-03-11T09:01:42.6861216+05:30","level":"WARN","logger_name":"org.springframework.boot.autoconfigure.orm.jpa.JpaBaseConfiguration$JpaWebConfiguration","message":"spring.jpa.open-in-view is enabled by default. Therefore, database queries may be performed during view rendering. Explicitly configure spring.jpa.open-in-view to disable this warning","service":"fms-core","version":"1.0.0","environment":"default"}
{"@timestamp":"2026-03-11T09:01:42.7731268+05:30","level":"INFO","logger_name":"org.springframework.validation.beanvalidation.OptionalValidatorFactoryBean","message":"Failed to set up a Bean Validation provider: jakarta.validation.NoProviderFoundException: Unable to create a Configuration, because no Jakarta Bean Validation provider could be found. Add a provider like Hibernate Validator (RI) to your classpath.","service":"fms-core","version":"1.0.0","environment":"default"}
{"@timestamp":"2026-03-11T09:01:46.5531324+05:30","level":"WARN","logger_name":"org.springframework.boot.devtools.autoconfigure.OptionalLiveReloadServer","message":"Unable to start LiveReload server","service":"fms-core","version":"1.0.0","environment":"default"}
{"@timestamp":"2026-03-11T09:01:46.6861264+05:30","level":"INFO","logger_name":"org.springframework.cloud.netflix.eureka.config.DiscoveryClientOptionalArgsConfiguration","message":"Eureka HTTP Client uses RestTemplate.","service":"fms-core","version":"1.0.0","environment":"default"}
{"@timestamp":"2026-03-11T09:01:46.9337859+05:30","level":"WARN","logger_name":"org.springframework.cloud.loadbalancer.config.LoadBalancerCacheAutoConfiguration$LoadBalancerCaffeineWarnLogger","message":"Spring Cloud LoadBalancer is currently working with the default cache. While this cache implementation is useful for development and tests, it's recommended to use Caffeine cache in production.You can switch to using Caffeine cache, by adding it and org.springframework.cache.caffeine.CaffeineCacheManager to the classpath.","service":"fms-core","version":"1.0.0","environment":"default"}
{"@timestamp":"2026-03-11T09:01:46.9649348+05:30","level":"INFO","logger_name":"org.springframework.boot.actuate.endpoint.web.EndpointLinksResolver","message":"Exposing 6 endpoints beneath base path '/actuator'","service":"fms-core","version":"1.0.0","environment":"default"}
{"@timestamp":"2026-03-11T09:01:47.2011265+05:30","level":"INFO","logger_name":"org.springframework.messaging.simp.broker.SimpleBrokerMessageHandler","message":"Starting...","service":"fms-core","version":"1.0.0","environment":"default"}
{"@timestamp":"2026-03-11T09:01:47.2024906+05:30","level":"INFO","logger_name":"org.springframework.messaging.simp.broker.SimpleBrokerMessageHandler","message":"BrokerAvailabilityEvent[available=true, SimpleBrokerMessageHandler [org.springframework.messaging.simp.broker.DefaultSubscriptionRegistry@621472af]]","service":"fms-core","version":"1.0.0","environment":"default"}
{"@timestamp":"2026-03-11T09:01:47.2191264+05:30","level":"INFO","logger_name":"org.springframework.messaging.simp.broker.SimpleBrokerMessageHandler","message":"Started.","service":"fms-core","version":"1.0.0","environment":"default"}
{"@timestamp":"2026-03-11T09:01:47.2821622+05:30","level":"INFO","logger_name":"org.springframework.cloud.netflix.eureka.InstanceInfoFactory","message":"Setting initial instance status as: STARTING","service":"fms-core","version":"1.0.0","environment":"default"}
{"@timestamp":"2026-03-11T09:01:47.3532115+05:30","level":"INFO","logger_name":"com.netflix.discovery.DiscoveryClient","message":"Initializing Eureka in region us-east-1","service":"fms-core","version":"1.0.0","environment":"default"}
{"@timestamp":"2026-03-11T09:01:47.3641237+05:30","level":"INFO","logger_name":"com.netflix.discovery.shared.resolver.aws.ConfigClusterResolver","message":"Resolving eureka endpoints via configuration","service":"fms-core","version":"1.0.0","environment":"default"}
{"@timestamp":"2026-03-11T09:01:47.3871261+05:30","level":"INFO","logger_name":"com.netflix.discovery.DiscoveryClient","message":"Disable delta property : false","service":"fms-core","version":"1.0.0","environment":"default"}
{"@timestamp":"2026-03-11T09:01:47.3881255+05:30","level":"INFO","logger_name":"com.netflix.discovery.DiscoveryClient","message":"Single vip registry refresh property : null","service":"fms-core","version":"1.0.0","environment":"default"}
{"@timestamp":"2026-03-11T09:01:47.3901252+05:30","level":"INFO","logger_name":"com.netflix.discovery.DiscoveryClient","message":"Force full registry fetch : false","service":"fms-core","version":"1.0.0","environment":"default"}
{"@timestamp":"2026-03-11T09:01:47.3912513+05:30","level":"INFO","logger_name":"com.netflix.discovery.DiscoveryClient","message":"Application is null : false","service":"fms-core","version":"1.0.0","environment":"default"}
{"@timestamp":"2026-03-11T09:01:47.3912513+05:30","level":"INFO","logger_name":"com.netflix.discovery.DiscoveryClient","message":"Registered Applications size is zero : true","service":"fms-core","version":"1.0.0","environment":"default"}
{"@timestamp":"2026-03-11T09:01:47.3929428+05:30","level":"INFO","logger_name":"com.netflix.discovery.DiscoveryClient","message":"Application version is -1: true","service":"fms-core","version":"1.0.0","environment":"default"}
{"@timestamp":"2026-03-11T09:01:47.3931227+05:30","level":"INFO","logger_name":"com.netflix.discovery.DiscoveryClient","message":"Getting all instance registry info from the eureka server","service":"fms-core","version":"1.0.0","environment":"default"}
{"@timestamp":"2026-03-11T09:01:48.3961255+05:30","level":"INFO","logger_name":"com.netflix.discovery.DiscoveryClient","message":"The response status is 200","service":"fms-core","version":"1.0.0","environment":"default"}
{"@timestamp":"2026-03-11T09:01:48.3981486+05:30","level":"INFO","logger_name":"com.netflix.discovery.DiscoveryClient","message":"Starting heartbeat executor: renew interval is: 30","service":"fms-core","version":"1.0.0","environment":"default"}
{"@timestamp":"2026-03-11T09:01:48.4011252+05:30","level":"INFO","logger_name":"com.netflix.discovery.InstanceInfoReplicator","message":"InstanceInfoReplicator onDemand update allowed rate per min is 4","service":"fms-core","version":"1.0.0","environment":"default"}
{"@timestamp":"2026-03-11T09:01:48.403123+05:30","level":"INFO","logger_name":"com.netflix.discovery.DiscoveryClient","message":"Discovery Client initialized at timestamp 1773199908403 with initial instances count: 0","service":"fms-core","version":"1.0.0","environment":"default"}
{"@timestamp":"2026-03-11T09:01:48.417123+05:30","level":"INFO","logger_name":"org.springframework.cloud.netflix.eureka.serviceregistry.EurekaServiceRegistry","message":"Registering application FMS_CORE with eureka with status UP","service":"fms-core","version":"1.0.0","environment":"default"}
{"@timestamp":"2026-03-11T09:01:48.418123+05:30","level":"INFO","logger_name":"com.netflix.discovery.DiscoveryClient","message":"Saw local status change event StatusChangeEvent [timestamp=1773199908418, current=UP, previous=STARTING]","service":"fms-core","version":"1.0.0","environment":"default"}
{"@timestamp":"2026-03-11T09:01:48.4213685+05:30","level":"INFO","logger_name":"com.netflix.discovery.DiscoveryClient","message":"DiscoveryClient_FMS_CORE/KAVINDA5242.mshome.net:fms_core:8084: registering service...","service":"fms-core","version":"1.0.0","environment":"default"}
{"@timestamp":"2026-03-11T09:01:48.4651237+05:30","level":"INFO","logger_name":"org.springframework.boot.web.embedded.tomcat.TomcatWebServer","message":"Tomcat started on port 8084 (http) with context path '/fms-core-service'","service":"fms-core","version":"1.0.0","environment":"default"}
{"@timestamp":"2026-03-11T09:01:48.469126+05:30","level":"INFO","logger_name":"org.springframework.cloud.netflix.eureka.serviceregistry.EurekaAutoServiceRegistration","message":"Updating port to 8084","service":"fms-core","version":"1.0.0","environment":"default"}
{"@timestamp":"2026-03-11T09:01:48.5071948+05:30","level":"INFO","logger_name":"net.com.fms_core.FmsCoreApplication","message":"Started FmsCoreApplication in 39.594 seconds (process running for 42.625)","service":"fms-core","version":"1.0.0","environment":"default"}
{"@timestamp":"2026-03-11T09:01:48.6491252+05:30","level":"INFO","logger_name":"com.netflix.discovery.DiscoveryClient","message":"DiscoveryClient_FMS_CORE/KAVINDA5242.mshome.net:fms_core:8084 - registration status: 204","service":"fms-core","version":"1.0.0","environment":"default"}
{"@timestamp":"2026-03-11T09:01:49.9321246+05:30","level":"INFO","logger_name":"net.com.fms_core.controller.RiskController","message":"rulesList.size = 1","service":"fms-core","version":"1.0.0","environment":"default"}
{"@timestamp":"2026-03-11T09:01:50.4119953+05:30","level":"INFO","logger_name":"org.drools.compiler.kie.builder.impl.KieContainerImpl","message":"Start creation of KieBase: defaultKieBase","service":"fms-core","version":"1.0.0","environment":"default"}
{"@timestamp":"2026-03-11T09:01:50.6128855+05:30","level":"INFO","logger_name":"org.drools.compiler.kie.builder.impl.KieContainerImpl","message":"End creation of KieBase: defaultKieBase","service":"fms-core","version":"1.0.0","environment":"default"}
{"@timestamp":"2026-03-11T09:01:51.2476868+05:30","level":"INFO","logger_name":"net.com.fms_core.controller.RiskController","message":"rulesList.size = 1","service":"fms-core","version":"1.0.0","environment":"default"}
{"@timestamp":"2026-03-11T09:01:51.4366884+05:30","level":"INFO","logger_name":"org.drools.compiler.kie.builder.impl.KieContainerImpl","message":"Start creation of KieBase: defaultKieBase","service":"fms-core","version":"1.0.0","environment":"default"}
{"@timestamp":"2026-03-11T09:01:51.4586988+05:30","level":"INFO","logger_name":"org.drools.compiler.kie.builder.impl.KieContainerImpl","message":"End creation of KieBase: defaultKieBase","service":"fms-core","version":"1.0.0","environment":"default"}
{"@timestamp":"2026-03-11T09:01:51.462692+05:30","level":"INFO","logger_name":"net.com.fms_core.config.SocketListener","message":"✅ FMS Receiver is listening on port 5000","service":"fms-core","version":"1.0.0","environment":"default"}
{"@timestamp":"2026-03-11T09:02:18.8586005+05:30","level":"INFO","logger_name":"com.netflix.discovery.DiscoveryClient","message":"Disable delta property : false","service":"fms-core","version":"1.0.0","environment":"default"}
{"@timestamp":"2026-03-11T09:02:18.8594468+05:30","level":"INFO","logger_name":"com.netflix.discovery.DiscoveryClient","message":"Single vip registry refresh property : null","service":"fms-core","version":"1.0.0","environment":"default"}
{"@timestamp":"2026-03-11T09:02:18.8604902+05:30","level":"INFO","logger_name":"com.netflix.discovery.DiscoveryClient","message":"Force full registry fetch : false","service":"fms-core","version":"1.0.0","environment":"default"}
{"@timestamp":"2026-03-11T09:02:18.8604902+05:30","level":"INFO","logger_name":"com.netflix.discovery.DiscoveryClient","message":"Application is null : false","service":"fms-core","version":"1.0.0","environment":"default"}
{"@timestamp":"2026-03-11T09:02:18.8614459+05:30","level":"INFO","logger_name":"com.netflix.discovery.DiscoveryClient","message":"Registered Applications size is zero : true","service":"fms-core","version":"1.0.0","environment":"default"}
{"@timestamp":"2026-03-11T09:02:18.8614459+05:30","level":"INFO","logger_name":"com.netflix.discovery.DiscoveryClient","message":"Application version is -1: false","service":"fms-core","version":"1.0.0","environment":"default"}
{"@timestamp":"2026-03-11T09:02:18.8614459+05:30","level":"INFO","logger_name":"com.netflix.discovery.DiscoveryClient","message":"Getting all instance registry info from the eureka server","service":"fms-core","version":"1.0.0","environment":"default"}
{"@timestamp":"2026-03-11T09:02:18.8970638+05:30","level":"INFO","logger_name":"com.netflix.discovery.DiscoveryClient","message":"The response status is 200","service":"fms-core","version":"1.0.0","environment":"default"}
{"@timestamp":"2026-03-11T09:02:47.0951478+05:30","level":"INFO","logger_name":"org.springframework.web.socket.config.WebSocketMessageBrokerStats","message":"WebSocketSession[0 current WS(0)-HttpStream(0)-HttpPoll(0), 0 total, 0 closed abnormally (0 connect failure, 0 send limit, 0 transport error)], stompSubProtocol[processed CONNECT(0)-CONNECTED(0)-DISCONNECT(0)], stompBrokerRelay[null], inboundChannel[pool size = 0, active threads = 0, queued tasks = 0, completed tasks = 0], outboundChannel[pool size = 0, active threads = 0, queued tasks = 0, completed tasks = 0], sockJsScheduler[pool size = 1, active threads = 1, queued tasks = 0, completed tasks = 0]","service":"fms-core","version":"1.0.0","environment":"default"}
{"@timestamp":"2026-03-11T09:03:11.7277128+05:30","level":"INFO","logger_name":"org.apache.catalina.core.ContainerBase.[Tomcat].[localhost].[/fms-core-service]","message":"Initializing Spring DispatcherServlet 'dispatcherServlet'","service":"fms-core","version":"1.0.0","environment":"default"}
{"@timestamp":"2026-03-11T09:03:11.7287769+05:30","level":"INFO","logger_name":"org.springframework.web.servlet.DispatcherServlet","message":"Initializing Servlet 'dispatcherServlet'","service":"fms-core","version":"1.0.0","environment":"default"}
{"@timestamp":"2026-03-11T09:03:11.7337135+05:30","level":"INFO","logger_name":"org.springframework.web.servlet.DispatcherServlet","message":"Completed initialization in 5 ms","service":"fms-core","version":"1.0.0","environment":"default"}
{"@timestamp":"2026-03-11T09:03:27.3165727+05:30","level":"INFO","logger_name":"net.com.fms_core.controller.TransactionController","message":"Generating ML-based intelligent rules with trained models...","service":"fms-core","version":"1.0.0","environment":"default"}
{"@timestamp":"2026-03-11T09:03:27.3175974+05:30","level":"INFO","logger_name":"net.com.fms_core.service.impl.script.DynamicRuleGenerationService","message":"Starting dynamic rule generation (preview mode) with real transaction data...","service":"fms-core","version":"1.0.0","environment":"default"}
{"@timestamp":"2026-03-11T09:03:27.3191394+05:30","level":"INFO","logger_name":"net.com.fms_core.service.impl.script.DynamicRuleGenerationService","message":"Using CSV file for rule generation: C:\\Users\\kavinda_d\\Documents\\e soft\\final project\\project\\fms backend\\fms_core\\src\\main\\java\\net\\com\\fms_core\\script\\rulegenerator\\csv\\transactions.csv","service":"fms-core","version":"1.0.0","environment":"default"}
{"@timestamp":"2026-03-11T09:03:43.3553157+05:30","level":"DEBUG","logger_name":"net.com.fms_core.service.impl.script.DynamicRuleGenerationService","message":"Python output: ======================================================================","service":"fms-core","version":"1.0.0","environment":"default"}
{"@timestamp":"2026-03-11T09:03:43.3553157+05:30","level":"DEBUG","logger_name":"net.com.fms_core.service.impl.script.DynamicRuleGenerationService","message":"Python output: ML-BASED INTELLIGENT RULE GENERATOR","service":"fms-core","version":"1.0.0","environment":"default"}
{"@timestamp":"2026-03-11T09:03:43.3563025+05:30","level":"DEBUG","logger_name":"net.com.fms_core.service.impl.script.DynamicRuleGenerationService","message":"Python output: Generating rules from trained ML models","service":"fms-core","version":"1.0.0","environment":"default"}
{"@timestamp":"2026-03-11T09:03:43.3563025+05:30","level":"DEBUG","logger_name":"net.com.fms_core.service.impl.script.DynamicRuleGenerationService","message":"Python output: ======================================================================","service":"fms-core","version":"1.0.0","environment":"default"}
{"@timestamp":"2026-03-11T09:03:43.3563025+05:30","level":"DEBUG","logger_name":"net.com.fms_core.service.impl.script.DynamicRuleGenerationService","message":"Python output: ","service":"fms-core","version":"1.0.0","environment":"default"}
{"@timestamp":"2026-03-11T09:03:43.3563025+05:30","level":"DEBUG","logger_name":"net.com.fms_core.service.impl.script.DynamicRuleGenerationService","message":"Python output: [1/4] Loading trained ML models...","service":"fms-core","version":"1.0.0","environment":"default"}
{"@timestamp":"2026-03-11T09:03:43.3563025+05:30","level":"DEBUG","logger_name":"net.com.fms_core.service.impl.script.DynamicRuleGenerationService","message":"Python output: Loaded 3 models, best: RandomForest","service":"fms-core","version":"1.0.0","environment":"default"}
{"@timestamp":"2026-03-11T09:03:43.3573021+05:30","level":"DEBUG","logger_name":"net.com.fms_core.service.impl.script.DynamicRuleGenerationService","message":"Python output: ","service":"fms-core","version":"1.0.0","environment":"default"}
{"@timestamp":"2026-03-11T09:03:43.3573021+05:30","level":"DEBUG","logger_name":"net.com.fms_core.service.impl.script.DynamicRuleGenerationService","message":"Python output: [2/4] Loading transaction data...","service":"fms-core","version":"1.0.0","environment":"default"}
{"@timestamp":"2026-03-11T09:03:43.3573021+05:30","level":"DEBUG","logger_name":"net.com.fms_core.service.impl.script.DynamicRuleGenerationService","message":"Python output: ","service":"fms-core","version":"1.0.0","environment":"default"}
{"@timestamp":"2026-03-11T09:03:43.3573021+05:30","level":"DEBUG","logger_name":"net.com.fms_core.service.impl.script.DynamicRuleGenerationService","message":"Python output: [3/4] Generating ML-based rules...","service":"fms-core","version":"1.0.0","environment":"default"}
{"@timestamp":"2026-03-11T09:03:43.3573021+05:30","level":"DEBUG","logger_name":"net.com.fms_core.service.impl.script.DynamicRuleGenerationService","message":"Python output: ","service":"fms-core","version":"1.0.0","environment":"default"}
{"@timestamp":"2026-03-11T09:03:43.3573021+05:30","level":"DEBUG","logger_name":"net.com.fms_core.service.impl.script.DynamicRuleGenerationService","message":"Python output: [4/4] Finalizing rule generation...","service":"fms-core","version":"1.0.0","environment":"default"}
{"@timestamp":"2026-03-11T09:03:43.3573021+05:30","level":"DEBUG","logger_name":"net.com.fms_core.service.impl.script.DynamicRuleGenerationService","message":"Python output: ","service":"fms-core","version":"1.0.0","environment":"default"}
{"@timestamp":"2026-03-11T09:03:43.3583022+05:30","level":"DEBUG","logger_name":"net.com.fms_core.service.impl.script.DynamicRuleGenerationService","message":"Python output: ===DYNAMIC_RULES_START===","service":"fms-core","version":"1.0.0","environment":"default"}
{"@timestamp":"2026-03-11T09:03:43.3583022+05:30","level":"DEBUG","logger_name":"net.com.fms_core.service.impl.script.DynamicRuleGenerationService","message":"Python output: import net.com.fms_core.dto.message.IsoMessageDTO;","service":"fms-core","version":"1.0.0","environment":"default"}
{"@timestamp":"2026-03-11T09:03:43.3583022+05:30","level":"DEBUG","logger_name":"net.com.fms_core.service.impl.script.DynamicRuleGenerationService","message":"Python output: ","service":"fms-core","version":"1.0.0","environment":"default"}
{"@timestamp":"2026-03-11T09:03:43.3583022+05:30","level":"DEBUG","logger_name":"net.com.fms_core.service.impl.script.DynamicRuleGenerationService","message":"Python output: rule \"ML_High_Amount_Risk_1\"","service":"fms-core","version":"1.0.0","environment":"default"}
{"@timestamp":"2026-03-11T09:03:43.3583022+05:30","level":"DEBUG","logger_name":"net.com.fms_core.service.impl.script.DynamicRuleGenerationService","message":"Python output:     salience 85","service":"fms-core","version":"1.0.0","environment":"default"}
{"@timestamp":"2026-03-11T09:03:43.3583022+05:30","level":"DEBUG","logger_name":"net.com.fms_core.service.impl.script.DynamicRuleGenerationService","message":"Python output: when","service":"fms-core","version":"1.0.0","environment":"default"}
{"@timestamp":"2026-03-11T09:03:43.3583022+05:30","level":"DEBUG","logger_name":"net.com.fms_core.service.impl.script.DynamicRuleGenerationService","message":"Python output:     $t : IsoMessageDTO(amount > 1.00)","service":"fms-core","version":"1.0.0","environment":"default"}
{"@timestamp":"2026-03-11T09:03:43.3583022+05:30","level":"DEBUG","logger_name":"net.com.fms_core.service.impl.script.DynamicRuleGenerationService","message":"Python output: then","service":"fms-core","version":"1.0.0","environment":"default"}
{"@timestamp":"2026-03-11T09:03:43.3593024+05:30","level":"DEBUG","logger_name":"net.com.fms_core.service.impl.script.DynamicRuleGenerationService","message":"Python output:     $t.setRiskLevel(\"HIGH\");","service":"fms-core","version":"1.0.0","environment":"default"}
{"@timestamp":"2026-03-11T09:03:43.3593024+05:30","level":"DEBUG","logger_name":"net.com.fms_core.service.impl.script.DynamicRuleGenerationService","message":"Python output:     $t.setFlaggedForReview(true);","service":"fms-core","version":"1.0.0","environment":"default"}
{"@timestamp":"2026-03-11T09:03:43.3593024+05:30","level":"DEBUG","logger_name":"net.com.fms_core.service.impl.script.DynamicRuleGenerationService","message":"Python output:     $t.setRuleFired(true);","service":"fms-core","version":"1.0.0","environment":"default"}
{"@timestamp":"2026-03-11T09:03:43.3593024+05:30","level":"DEBUG","logger_name":"net.com.fms_core.service.impl.script.DynamicRuleGenerationService","message":"Python output:     $t.setRuleName(\"ML_High_Amount_Risk\");","service":"fms-core","version":"1.0.0","environment":"default"}
{"@timestamp":"2026-03-11T09:03:43.3593024+05:30","level":"DEBUG","logger_name":"net.com.fms_core.service.impl.script.DynamicRuleGenerationService","message":"Python output:     $t.setBlockReason(\"ML model detected high-risk amount pattern\");","service":"fms-core","version":"1.0.0","environment":"default"}
{"@timestamp":"2026-03-11T09:03:43.3593024+05:30","level":"DEBUG","logger_name":"net.com.fms_core.service.impl.script.DynamicRuleGenerationService","message":"Python output:     $t.setRiskScore(8.5);","service":"fms-core","version":"1.0.0","environment":"default"}
{"@timestamp":"2026-03-11T09:03:43.3593024+05:30","level":"DEBUG","logger_name":"net.com.fms_core.service.impl.script.DynamicRuleGenerationService","message":"Python output:     $t.setFraudPercentage(85.0);","service":"fms-core","version":"1.0.0","environment":"default"}
{"@timestamp":"2026-03-11T09:03:43.3603069+05:30","level":"DEBUG","logger_name":"net.com.fms_core.service.impl.script.DynamicRuleGenerationService","message":"Python output:     $t.setStatus(\"BLOCKED\");","service":"fms-core","version":"1.0.0","environment":"default"}
{"@timestamp":"2026-03-11T09:03:43.3603069+05:30","level":"DEBUG","logger_name":"net.com.fms_core.service.impl.script.DynamicRuleGenerationService","message":"Python output: end","service":"fms-core","version":"1.0.0","environment":"default"}
{"@timestamp":"2026-03-11T09:03:43.3613033+05:30","level":"DEBUG","logger_name":"net.com.fms_core.service.impl.script.DynamicRuleGenerationService","message":"Python output: import net.com.fms_core.dto.message.IsoMessageDTO;","service":"fms-core","version":"1.0.0","environment":"default"}
{"@timestamp":"2026-03-11T09:03:43.3613033+05:30","level":"DEBUG","logger_name":"net.com.fms_core.service.impl.script.DynamicRuleGenerationService","message":"Python output: ","service":"fms-core","version":"1.0.0","environment":"default"}
{"@timestamp":"2026-03-11T09:03:43.3613033+05:30","level":"DEBUG","logger_name":"net.com.fms_core.service.impl.script.DynamicRuleGenerationService","message":"Python output: rule \"ML_Night_Transaction_Risk_2\"","service":"fms-core","version":"1.0.0","environment":"default"}
{"@timestamp":"2026-03-11T09:03:43.3613033+05:30","level":"DEBUG","logger_name":"net.com.fms_core.service.impl.script.DynamicRuleGenerationService","message":"Python output:     salience 75","service":"fms-core","version":"1.0.0","environment":"default"}
{"@timestamp":"2026-03-11T09:03:43.3623038+05:30","level":"DEBUG","logger_name":"net.com.fms_core.service.impl.script.DynamicRuleGenerationService","message":"Python output: when","service":"fms-core","version":"1.0.0","environment":"default"}
{"@timestamp":"2026-03-11T09:03:43.3623038+05:30","level":"DEBUG","logger_name":"net.com.fms_core.service.impl.script.DynamicRuleGenerationService","message":"Python output:     $t : IsoMessageDTO(localTransactionTime < \"06\" || localTransactionTime > \"22\")","service":"fms-core","version":"1.0.0","environment":"default"}
{"@timestamp":"2026-03-11T09:03:43.3633409+05:30","level":"DEBUG","logger_name":"net.com.fms_core.service.impl.script.DynamicRuleGenerationService","message":"Python output: then","service":"fms-core","version":"1.0.0","environment":"default"}
{"@timestamp":"2026-03-11T09:03:43.3633409+05:30","level":"DEBUG","logger_name":"net.com.fms_core.service.impl.script.DynamicRuleGenerationService","message":"Python output:     $t.setRiskLevel(\"MEDIUM\");","service":"fms-core","version":"1.0.0","environment":"default"}
{"@timestamp":"2026-03-11T09:03:43.3643028+05:30","level":"DEBUG","logger_name":"net.com.fms_core.service.impl.script.DynamicRuleGenerationService","message":"Python output:     $t.setFlaggedForReview(true);","service":"fms-core","version":"1.0.0","environment":"default"}
{"@timestamp":"2026-03-11T09:03:43.3643028+05:30","level":"DEBUG","logger_name":"net.com.fms_core.service.impl.script.DynamicRuleGenerationService","message":"Python output:     $t.setRuleFired(true);","service":"fms-core","version":"1.0.0","environment":"default"}
{"@timestamp":"2026-03-11T09:03:43.3643028+05:30","level":"DEBUG","logger_name":"net.com.fms_core.service.impl.script.DynamicRuleGenerationService","message":"Python output:     $t.setRuleName(\"ML_Night_Transaction_Risk\");","service":"fms-core","version":"1.0.0","environment":"default"}
{"@timestamp":"2026-03-11T09:03:43.3647758+05:30","level":"DEBUG","logger_name":"net.com.fms_core.service.impl.script.DynamicRuleGenerationService","message":"Python output:     $t.setBlockReason(\"ML model detected night transaction risk\");","service":"fms-core","version":"1.0.0","environment":"default"}
{"@timestamp":"2026-03-11T09:03:43.3647758+05:30","level":"DEBUG","logger_name":"net.com.fms_core.service.impl.script.DynamicRuleGenerationService","message":"Python output:     $t.setRiskScore(7.5);","service":"fms-core","version":"1.0.0","environment":"default"}
{"@timestamp":"2026-03-11T09:03:43.3647758+05:30","level":"DEBUG","logger_name":"net.com.fms_core.service.impl.script.DynamicRuleGenerationService","message":"Python output:     $t.setFraudPercentage(75.0);","service":"fms-core","version":"1.0.0","environment":"default"}
{"@timestamp":"2026-03-11T09:03:43.3647758+05:30","level":"DEBUG","logger_name":"net.com.fms_core.service.impl.script.DynamicRuleGenerationService","message":"Python output:     $t.setStatus(\"FLAGGED\");","service":"fms-core","version":"1.0.0","environment":"default"}
{"@timestamp":"2026-03-11T09:03:43.3653023+05:30","level":"DEBUG","logger_name":"net.com.fms_core.service.impl.script.DynamicRuleGenerationService","message":"Python output: end","service":"fms-core","version":"1.0.0","environment":"default"}
{"@timestamp":"2026-03-11T09:03:43.3653023+05:30","level":"DEBUG","logger_name":"net.com.fms_core.service.impl.script.DynamicRuleGenerationService","message":"Python output: import net.com.fms_core.dto.message.IsoMessageDTO;","service":"fms-core","version":"1.0.0","environment":"default"}
{"@timestamp":"2026-03-11T09:03:43.3653023+05:30","level":"DEBUG","logger_name":"net.com.fms_core.service.impl.script.DynamicRuleGenerationService","message":"Python output: ","service":"fms-core","version":"1.0.0","environment":"default"}
{"@timestamp":"2026-03-11T09:03:43.3659114+05:30","level":"DEBUG","logger_name":"net.com.fms_core.service.impl.script.DynamicRuleGenerationService","message":"Python output: rule \"ML_Ensemble_Risk_Score_3\"","service":"fms-core","version":"1.0.0","environment":"default"}
{"@timestamp":"2026-03-11T09:03:43.3659114+05:30","level":"DEBUG","logger_name":"net.com.fms_core.service.impl.script.DynamicRuleGenerationService","message":"Python output:     salience 95","service":"fms-core","version":"1.0.0","environment":"default"}
{"@timestamp":"2026-03-11T09:03:43.3659114+05:30","level":"DEBUG","logger_name":"net.com.fms_core.service.impl.script.DynamicRuleGenerationService","message":"Python output: when","service":"fms-core","version":"1.0.0","environment":"default"}
{"@timestamp":"2026-03-11T09:03:43.3663031+05:30","level":"DEBUG","logger_name":"net.com.fms_core.service.impl.script.DynamicRuleGenerationService","message":"Python output:     $t : IsoMessageDTO(","service":"fms-core","version":"1.0.0","environment":"default"}
{"@timestamp":"2026-03-11T09:03:43.3663031+05:30","level":"DEBUG","logger_name":"net.com.fms_core.service.impl.script.DynamicRuleGenerationService","message":"Python output:         amount > 10000.0 && ","service":"fms-core","version":"1.0.0","environment":"default"}
{"@timestamp":"2026-03-11T09:03:43.3663031+05:30","level":"DEBUG","logger_name":"net.com.fms_core.service.impl.script.DynamicRuleGenerationService","message":"Python output:         (localTransactionTime < \"06\" || localTransactionTime > \"22\") &&","service":"fms-core","version":"1.0.0","environment":"default"}
{"@timestamp":"2026-03-11T09:03:43.3663031+05:30","level":"DEBUG","logger_name":"net.com.fms_core.service.impl.script.DynamicRuleGenerationService","message":"Python output:         transactionVelocity() > 3.0","service":"fms-core","version":"1.0.0","environment":"default"}
{"@timestamp":"2026-03-11T09:03:43.3663031+05:30","level":"DEBUG","logger_name":"net.com.fms_core.service.impl.script.DynamicRuleGenerationService","message":"Python output:     )","service":"fms-core","version":"1.0.0","environment":"default"}
{"@timestamp":"2026-03-11T09:03:43.3663031+05:30","level":"DEBUG","logger_name":"net.com.fms_core.service.impl.script.DynamicRuleGenerationService","message":"Python output: then","service":"fms-core","version":"1.0.0","environment":"default"}
{"@timestamp":"2026-03-11T09:03:43.3663031+05:30","level":"DEBUG","logger_name":"net.com.fms_core.service.impl.script.DynamicRuleGenerationService","message":"Python output:     $t.setRiskLevel(\"CRITICAL\");","service":"fms-core","version":"1.0.0","environment":"default"}
{"@timestamp":"2026-03-11T09:03:43.3673032+05:30","level":"DEBUG","logger_name":"net.com.fms_core.service.impl.script.DynamicRuleGenerationService","message":"Python output:     $t.setFlaggedForReview(true);","service":"fms-core","version":"1.0.0","environment":"default"}
{"@timestamp":"2026-03-11T09:03:43.3673032+05:30","level":"DEBUG","logger_name":"net.com.fms_core.service.impl.script.DynamicRuleGenerationService","message":"Python output:     $t.setRuleFired(true);","service":"fms-core","version":"1.0.0","environment":"default"}
{"@timestamp":"2026-03-11T09:03:43.3673032+05:30","level":"DEBUG","logger_name":"net.com.fms_core.service.impl.script.DynamicRuleGenerationService","message":"Python output:     $t.setRuleName(\"ML_Ensemble_Risk_Score\");","service":"fms-core","version":"1.0.0","environment":"default"}
{"@timestamp":"2026-03-11T09:03:43.3673032+05:30","level":"DEBUG","logger_name":"net.com.fms_core.service.impl.script.DynamicRuleGenerationService","message":"Python output:     $t.setBlockReason(\"ML ensemble model detected multiple high-risk factors\");","service":"fms-core","version":"1.0.0","environment":"default"}
{"@timestamp":"2026-03-11T09:03:43.3673032+05:30","level":"DEBUG","logger_name":"net.com.fms_core.service.impl.script.DynamicRuleGenerationService","message":"Python output:     $t.setRiskScore(9.5);","service":"fms-core","version":"1.0.0","environment":"default"}
{"@timestamp":"2026-03-11T09:03:43.3673032+05:30","level":"DEBUG","logger_name":"net.com.fms_core.service.impl.script.DynamicRuleGenerationService","message":"Python output:     $t.setFraudPercentage(95.0);","service":"fms-core","version":"1.0.0","environment":"default"}
{"@timestamp":"2026-03-11T09:03:43.3683039+05:30","level":"DEBUG","logger_name":"net.com.fms_core.service.impl.script.DynamicRuleGenerationService","message":"Python output:     $t.setStatus(\"BLOCKED\");","service":"fms-core","version":"1.0.0","environment":"default"}
{"@timestamp":"2026-03-11T09:03:43.3683039+05:30","level":"DEBUG","logger_name":"net.com.fms_core.service.impl.script.DynamicRuleGenerationService","message":"Python output: end","service":"fms-core","version":"1.0.0","environment":"default"}
{"@timestamp":"2026-03-11T09:03:43.3683039+05:30","level":"DEBUG","logger_name":"net.com.fms_core.service.impl.script.DynamicRuleGenerationService","message":"Python output: ===DYNAMIC_RULES_END===","service":"fms-core","version":"1.0.0","environment":"default"}
{"@timestamp":"2026-03-11T09:03:43.3683039+05:30","level":"DEBUG","logger_name":"net.com.fms_core.service.impl.script.DynamicRuleGenerationService","message":"Python output: ","service":"fms-core","version":"1.0.0","environment":"default"}
{"@timestamp":"2026-03-11T09:03:43.3683039+05:30","level":"DEBUG","logger_name":"net.com.fms_core.service.impl.script.DynamicRuleGenerationService","message":"Python output: ===METADATA_START===","service":"fms-core","version":"1.0.0","environment":"default"}
{"@timestamp":"2026-03-11T09:03:43.3683039+05:30","level":"DEBUG","logger_name":"net.com.fms_core.service.impl.script.DynamicRuleGenerationService","message":"Python output: {","service":"fms-core","version":"1.0.0","environment":"default"}
{"@timestamp":"2026-03-11T09:03:43.3693021+05:30","level":"DEBUG","logger_name":"net.com.fms_core.service.impl.script.DynamicRuleGenerationService","message":"Python output:   \"generated_at\": \"2026-03-11T09:03:43.348303\",","service":"fms-core","version":"1.0.0","environment":"default"}
{"@timestamp":"2026-03-11T09:03:43.3693021+05:30","level":"DEBUG","logger_name":"net.com.fms_core.service.impl.script.DynamicRuleGenerationService","message":"Python output:   \"total_rules\": 3,","service":"fms-core","version":"1.0.0","environment":"default"}
{"@timestamp":"2026-03-11T09:03:43.3693021+05:30","level":"DEBUG","logger_name":"net.com.fms_core.service.impl.script.DynamicRuleGenerationService","message":"Python output:   \"model_used\": \"RandomForest\",","service":"fms-core","version":"1.0.0","environment":"default"}
{"@timestamp":"2026-03-11T09:03:43.3693021+05:30","level":"DEBUG","logger_name":"net.com.fms_core.service.impl.script.DynamicRuleGenerationService","message":"Python output:   \"model_accuracy\": 0.9998115104297562,","service":"fms-core","version":"1.0.0","environment":"default"}
{"@timestamp":"2026-03-11T09:03:43.3693021+05:30","level":"DEBUG","logger_name":"net.com.fms_core.service.impl.script.DynamicRuleGenerationService","message":"Python output:   \"data_source\": \"ML Model Predictions\",","service":"fms-core","version":"1.0.0","environment":"default"}
{"@timestamp":"2026-03-11T09:03:43.3693021+05:30","level":"DEBUG","logger_name":"net.com.fms_core.service.impl.script.DynamicRuleGenerationService","message":"Python output:   \"total_transactions\": 10000,","service":"fms-core","version":"1.0.0","environment":"default"}
{"@timestamp":"2026-03-11T09:03:43.3693021+05:30","level":"DEBUG","logger_name":"net.com.fms_core.service.impl.script.DynamicRuleGenerationService","message":"Python output:   \"feature_count\": 410,","service":"fms-core","version":"1.0.0","environment":"default"}
{"@timestamp":"2026-03-11T09:03:43.3703028+05:30","level":"DEBUG","logger_name":"net.com.fms_core.service.impl.script.DynamicRuleGenerationService","message":"Python output:   \"rule_generation_method\": \"ML_Model_Based_Generation\",","service":"fms-core","version":"1.0.0","environment":"default"}
{"@timestamp":"2026-03-11T09:03:43.3703028+05:30","level":"DEBUG","logger_name":"net.com.fms_core.service.impl.script.DynamicRuleGenerationService","message":"Python output:   \"rule_types\": [","service":"fms-core","version":"1.0.0","environment":"default"}
{"@timestamp":"2026-03-11T09:03:43.3703028+05:30","level":"DEBUG","logger_name":"net.com.fms_core.service.impl.script.DynamicRuleGenerationService","message":"Python output:     \"ML Amount Rules\",","service":"fms-core","version":"1.0.0","environment":"default"}
{"@timestamp":"2026-03-11T09:03:43.3703028+05:30","level":"DEBUG","logger_name":"net.com.fms_core.service.impl.script.DynamicRuleGenerationService","message":"Python output:     \"ML Time Rules\",","service":"fms-core","version":"1.0.0","environment":"default"}
{"@timestamp":"2026-03-11T09:03:43.3703028+05:30","level":"DEBUG","logger_name":"net.com.fms_core.service.impl.script.DynamicRuleGenerationService","message":"Python output:     \"ML Velocity Rules\",","service":"fms-core","version":"1.0.0","environment":"default"}
{"@timestamp":"2026-03-11T09:03:43.3703028+05:30","level":"DEBUG","logger_name":"net.com.fms_core.service.impl.script.DynamicRuleGenerationService","message":"Python output:     \"ML Feature Importance Rules\",","service":"fms-core","version":"1.0.0","environment":"default"}
{"@timestamp":"2026-03-11T09:03:43.3703028+05:30","level":"DEBUG","logger_name":"net.com.fms_core.service.impl.script.DynamicRuleGenerationService","message":"Python output:     \"ML Ensemble Rules\"","service":"fms-core","version":"1.0.0","environment":"default"}
{"@timestamp":"2026-03-11T09:03:43.3703028+05:30","level":"DEBUG","logger_name":"net.com.fms_core.service.impl.script.DynamicRuleGenerationService","message":"Python output:   ],","service":"fms-core","version":"1.0.0","environment":"default"}
{"@timestamp":"2026-03-11T09:03:43.3713023+05:30","level":"DEBUG","logger_name":"net.com.fms_core.service.impl.script.DynamicRuleGenerationService","message":"Python output:   \"status_distribution\": {","service":"fms-core","version":"1.0.0","environment":"default"}
{"@timestamp":"2026-03-11T09:03:43.3713023+05:30","level":"DEBUG","logger_name":"net.com.fms_core.service.impl.script.DynamicRuleGenerationService","message":"Python output:     \"BLOCKED\": 2,","service":"fms-core","version":"1.0.0","environment":"default"}
{"@timestamp":"2026-03-11T09:03:43.3715443+05:30","level":"DEBUG","logger_name":"net.com.fms_core.service.impl.script.DynamicRuleGenerationService","message":"Python output:     \"MANUAL_REVIEW\": 0,","service":"fms-core","version":"1.0.0","environment":"default"}
{"@timestamp":"2026-03-11T09:03:43.3715863+05:30","level":"DEBUG","logger_name":"net.com.fms_core.service.impl.script.DynamicRuleGenerationService","message":"Python output:     \"FLAGGED\": 1,","service":"fms-core","version":"1.0.0","environment":"default"}
{"@timestamp":"2026-03-11T09:03:43.3715863+05:30","level":"DEBUG","logger_name":"net.com.fms_core.service.impl.script.DynamicRuleGenerationService","message":"Python output:     \"APPROVED\": 0","service":"fms-core","version":"1.0.0","environment":"default"}
{"@timestamp":"2026-03-11T09:03:43.3715863+05:30","level":"DEBUG","logger_name":"net.com.fms_core.service.impl.script.DynamicRuleGenerationService","message":"Python output:   },","service":"fms-core","version":"1.0.0","environment":"default"}
{"@timestamp":"2026-03-11T09:03:43.3715863+05:30","level":"DEBUG","logger_name":"net.com.fms_core.service.impl.script.DynamicRuleGenerationService","message":"Python output:   \"model_info\": {","service":"fms-core","version":"1.0.0","environment":"default"}
{"@timestamp":"2026-03-11T09:03:43.3715863+05:30","level":"DEBUG","logger_name":"net.com.fms_core.service.impl.script.DynamicRuleGenerationService","message":"Python output:     \"training_date\": \"2026-03-10T17:44:29.699077\",","service":"fms-core","version":"1.0.0","environment":"default"}
{"@timestamp":"2026-03-11T09:03:43.3715863+05:30","level":"DEBUG","logger_name":"net.com.fms_core.service.impl.script.DynamicRuleGenerationService","message":"Python output:     \"best_model\": \"RandomForest\",","service":"fms-core","version":"1.0.0","environment":"default"}
{"@timestamp":"2026-03-11T09:03:43.3723015+05:30","level":"DEBUG","logger_name":"net.com.fms_core.service.impl.script.DynamicRuleGenerationService","message":"Python output:     \"model_accuracy\": 0.9998115104297562","service":"fms-core","version":"1.0.0","environment":"default"}
{"@timestamp":"2026-03-11T09:03:43.3723015+05:30","level":"DEBUG","logger_name":"net.com.fms_core.service.impl.script.DynamicRuleGenerationService","message":"Python output:   }","service":"fms-core","version":"1.0.0","environment":"default"}
{"@timestamp":"2026-03-11T09:03:43.3723015+05:30","level":"DEBUG","logger_name":"net.com.fms_core.service.impl.script.DynamicRuleGenerationService","message":"Python output: }","service":"fms-core","version":"1.0.0","environment":"default"}
{"@timestamp":"2026-03-11T09:03:43.3723015+05:30","level":"DEBUG","logger_name":"net.com.fms_core.service.impl.script.DynamicRuleGenerationService","message":"Python output: ===METADATA_END===","service":"fms-core","version":"1.0.0","environment":"default"}
{"@timestamp":"2026-03-11T09:03:43.3723015+05:30","level":"DEBUG","logger_name":"net.com.fms_core.service.impl.script.DynamicRuleGenerationService","message":"Python output: ","service":"fms-core","version":"1.0.0","environment":"default"}
{"@timestamp":"2026-03-11T09:03:43.3723015+05:30","level":"DEBUG","logger_name":"net.com.fms_core.service.impl.script.DynamicRuleGenerationService","message":"Python output: ======================================================================","service":"fms-core","version":"1.0.0","environment":"default"}
{"@timestamp":"2026-03-11T09:03:43.3723015+05:30","level":"DEBUG","logger_name":"net.com.fms_core.service.impl.script.DynamicRuleGenerationService","message":"Python output: ML RULE GENERATION COMPLETE","service":"fms-core","version":"1.0.0","environment":"default"}
{"@timestamp":"2026-03-11T09:03:43.3723015+05:30","level":"DEBUG","logger_name":"net.com.fms_core.service.impl.script.DynamicRuleGenerationService","message":"Python output: Generated 3 ML-based rules","service":"fms-core","version":"1.0.0","environment":"default"}
{"@timestamp":"2026-03-11T09:03:43.3723015+05:30","level":"DEBUG","logger_name":"net.com.fms_core.service.impl.script.DynamicRuleGenerationService","message":"Python output: Model used: RandomForest","service":"fms-core","version":"1.0.0","environment":"default"}
{"@timestamp":"2026-03-11T09:03:43.3723015+05:30","level":"DEBUG","logger_name":"net.com.fms_core.service.impl.script.DynamicRuleGenerationService","message":"Python output: Model accuracy: 0.9998","service":"fms-core","version":"1.0.0","environment":"default"}
{"@timestamp":"2026-03-11T09:03:43.3733034+05:30","level":"DEBUG","logger_name":"net.com.fms_core.service.impl.script.DynamicRuleGenerationService","message":"Python output: ======================================================================","service":"fms-core","version":"1.0.0","environment":"default"}
{"@timestamp":"2026-03-11T09:03:43.7893632+05:30","level":"INFO","logger_name":"net.com.fms_core.service.impl.script.DynamicRuleGenerationService","message":"ML rule generator completed with exit code: 0","service":"fms-core","version":"1.0.0","environment":"default"}
{"@timestamp":"2026-03-11T09:03:43.7973034+05:30","level":"INFO","logger_name":"net.com.fms_core.service.impl.script.DynamicRuleGenerationService","message":"Parsed metadata with 11 keys","service":"fms-core","version":"1.0.0","environment":"default"}
{"@timestamp":"2026-03-11T09:03:43.7973034+05:30","level":"WARN","logger_name":"net.com.fms_core.service.impl.script.DynamicRuleGenerationService","message":"No rule_details found in metadata","service":"fms-core","version":"1.0.0","environment":"default"}
{"@timestamp":"2026-03-11T09:03:43.7983035+05:30","level":"INFO","logger_name":"net.com.fms_core.service.impl.script.DynamicRuleGenerationService","message":"Successfully generated dynamic rules in preview mode","service":"fms-core","version":"1.0.0","environment":"default"}
{"@timestamp":"2026-03-11T09:06:48.123709+05:30","level":"INFO","logger_name":"com.netflix.discovery.shared.resolver.aws.ConfigClusterResolver","message":"Resolving eureka endpoints via configuration","service":"fms-core","version":"1.0.0","environment":"default"}
{"@timestamp":"2026-03-11T09:09:57.7722344+05:30","level":"INFO","logger_name":"net.com.fms_core.controller.TransactionController","message":"Generating ML-based intelligent rules with trained models...","service":"fms-core","version":"1.0.0","environment":"default"}
{"@timestamp":"2026-03-11T09:09:57.7741521+05:30","level":"INFO","logger_name":"net.com.fms_core.service.impl.script.DynamicRuleGenerationService","message":"Starting dynamic rule generation (preview mode) with real transaction data...","service":"fms-core","version":"1.0.0","environment":"default"}
{"@timestamp":"2026-03-11T09:09:57.7756545+05:30","level":"INFO","logger_name":"net.com.fms_core.service.impl.script.DynamicRuleGenerationService","message":"Using CSV file for rule generation: C:\\Users\\kavinda_d\\Documents\\e soft\\final project\\project\\fms backend\\fms_core\\src\\main\\java\\net\\com\\fms_core\\script\\rulegenerator\\csv\\transactions.csv","service":"fms-core","version":"1.0.0","environment":"default"}
{"@timestamp":"2026-03-11T09:10:05.3609168+05:30","level":"DEBUG","logger_name":"net.com.fms_core.service.impl.script.DynamicRuleGenerationService","message":"Python output: ======================================================================","service":"fms-core","version":"1.0.0","environment":"default"}
{"@timestamp":"2026-03-11T09:10:05.3609168+05:30","level":"DEBUG","logger_name":"net.com.fms_core.service.impl.script.DynamicRuleGenerationService","message":"Python output: ML-BASED INTELLIGENT RULE GENERATOR","service":"fms-core","version":"1.0.0","environment":"default"}
{"@timestamp":"2026-03-11T09:10:05.3609168+05:30","level":"DEBUG","logger_name":"net.com.fms_core.service.impl.script.DynamicRuleGenerationService","message":"Python output: Generating rules from trained ML models","service":"fms-core","version":"1.0.0","environment":"default"}
{"@timestamp":"2026-03-11T09:10:05.3609168+05:30","level":"DEBUG","logger_name":"net.com.fms_core.service.impl.script.DynamicRuleGenerationService","message":"Python output: ======================================================================","service":"fms-core","version":"1.0.0","environment":"default"}
{"@timestamp":"2026-03-11T09:10:05.3619502+05:30","level":"DEBUG","logger_name":"net.com.fms_core.service.impl.script.DynamicRuleGenerationService","message":"Python output: ","service":"fms-core","version":"1.0.0","environment":"default"}
{"@timestamp":"2026-03-11T09:10:05.3619502+05:30","level":"DEBUG","logger_name":"net.com.fms_core.service.impl.script.DynamicRuleGenerationService","message":"Python output: [1/4] Loading trained ML models...","service":"fms-core","version":"1.0.0","environment":"default"}
{"@timestamp":"2026-03-11T09:10:05.3619502+05:30","level":"DEBUG","logger_name":"net.com.fms_core.service.impl.script.DynamicRuleGenerationService","message":"Python output: Loaded 3 models, best: RandomForest","service":"fms-core","version":"1.0.0","environment":"default"}
{"@timestamp":"2026-03-11T09:10:05.3619502+05:30","level":"DEBUG","logger_name":"net.com.fms_core.service.impl.script.DynamicRuleGenerationService","message":"Python output: ","service":"fms-core","version":"1.0.0","environment":"default"}
{"@timestamp":"2026-03-11T09:10:05.3619502+05:30","level":"DEBUG","logger_name":"net.com.fms_core.service.impl.script.DynamicRuleGenerationService","message":"Python output: [2/4] Loading transaction data...","service":"fms-core","version":"1.0.0","environment":"default"}
{"@timestamp":"2026-03-11T09:10:05.3619502+05:30","level":"DEBUG","logger_name":"net.com.fms_core.service.impl.script.DynamicRuleGenerationService","message":"Python output: ","service":"fms-core","version":"1.0.0","environment":"default"}
{"@timestamp":"2026-03-11T09:10:05.3619502+05:30","level":"DEBUG","logger_name":"net.com.fms_core.service.impl.script.DynamicRuleGenerationService","message":"Python output: [3/4] Generating ML-based rules...","service":"fms-core","version":"1.0.0","environment":"default"}
{"@timestamp":"2026-03-11T09:10:05.362925+05:30","level":"DEBUG","logger_name":"net.com.fms_core.service.impl.script.DynamicRuleGenerationService","message":"Python output: ","service":"fms-core","version":"1.0.0","environment":"default"}
{"@timestamp":"2026-03-11T09:10:05.362925+05:30","level":"DEBUG","logger_name":"net.com.fms_core.service.impl.script.DynamicRuleGenerationService","message":"Python output: [4/4] Finalizing rule generation...","service":"fms-core","version":"1.0.0","environment":"default"}
{"@timestamp":"2026-03-11T09:10:05.362925+05:30","level":"DEBUG","logger_name":"net.com.fms_core.service.impl.script.DynamicRuleGenerationService","message":"Python output: ","service":"fms-core","version":"1.0.0","environment":"default"}
{"@timestamp":"2026-03-11T09:10:05.362925+05:30","level":"DEBUG","logger_name":"net.com.fms_core.service.impl.script.DynamicRuleGenerationService","message":"Python output: ===DYNAMIC_RULES_START===","service":"fms-core","version":"1.0.0","environment":"default"}
{"@timestamp":"2026-03-11T09:10:05.362925+05:30","level":"DEBUG","logger_name":"net.com.fms_core.service.impl.script.DynamicRuleGenerationService","message":"Python output: import net.com.fms_core.dto.message.IsoMessageDTO;","service":"fms-core","version":"1.0.0","environment":"default"}
{"@timestamp":"2026-03-11T09:10:05.362925+05:30","level":"DEBUG","logger_name":"net.com.fms_core.service.impl.script.DynamicRuleGenerationService","message":"Python output: ","service":"fms-core","version":"1.0.0","environment":"default"}
{"@timestamp":"2026-03-11T09:10:05.362925+05:30","level":"DEBUG","logger_name":"net.com.fms_core.service.impl.script.DynamicRuleGenerationService","message":"Python output: rule \"ML_High_Amount_Risk_1\"","service":"fms-core","version":"1.0.0","environment":"default"}
{"@timestamp":"2026-03-11T09:10:05.362925+05:30","level":"DEBUG","logger_name":"net.com.fms_core.service.impl.script.DynamicRuleGenerationService","message":"Python output:     salience 85","service":"fms-core","version":"1.0.0","environment":"default"}
{"@timestamp":"2026-03-11T09:10:05.362925+05:30","level":"DEBUG","logger_name":"net.com.fms_core.service.impl.script.DynamicRuleGenerationService","message":"Python output: when","service":"fms-core","version":"1.0.0","environment":"default"}
{"@timestamp":"2026-03-11T09:10:05.362925+05:30","level":"DEBUG","logger_name":"net.com.fms_core.service.impl.script.DynamicRuleGenerationService","message":"Python output:     $t : IsoMessageDTO(amount > 1.00)","service":"fms-core","version":"1.0.0","environment":"default"}
{"@timestamp":"2026-03-11T09:10:05.3639214+05:30","level":"DEBUG","logger_name":"net.com.fms_core.service.impl.script.DynamicRuleGenerationService","message":"Python output: then","service":"fms-core","version":"1.0.0","environment":"default"}
{"@timestamp":"2026-03-11T09:10:05.3639214+05:30","level":"DEBUG","logger_name":"net.com.fms_core.service.impl.script.DynamicRuleGenerationService","message":"Python output:     $t.setRiskLevel(\"HIGH\");","service":"fms-core","version":"1.0.0","environment":"default"}
{"@timestamp":"2026-03-11T09:10:05.3639214+05:30","level":"DEBUG","logger_name":"net.com.fms_core.service.impl.script.DynamicRuleGenerationService","message":"Python output:     $t.setFlaggedForReview(true);","service":"fms-core","version":"1.0.0","environment":"default"}
{"@timestamp":"2026-03-11T09:10:05.3639214+05:30","level":"DEBUG","logger_name":"net.com.fms_core.service.impl.script.DynamicRuleGenerationService","message":"Python output:     $t.setRuleFired(true);","service":"fms-core","version":"1.0.0","environment":"default"}
{"@timestamp":"2026-03-11T09:10:05.3639214+05:30","level":"DEBUG","logger_name":"net.com.fms_core.service.impl.script.DynamicRuleGenerationService","message":"Python output:     $t.setRuleName(\"ML_High_Amount_Risk\");","service":"fms-core","version":"1.0.0","environment":"default"}
{"@timestamp":"2026-03-11T09:10:05.3639214+05:30","level":"DEBUG","logger_name":"net.com.fms_core.service.impl.script.DynamicRuleGenerationService","message":"Python output:     $t.setBlockReason(\"ML model detected high-risk amount pattern\");","service":"fms-core","version":"1.0.0","environment":"default"}
{"@timestamp":"2026-03-11T09:10:05.3639214+05:30","level":"DEBUG","logger_name":"net.com.fms_core.service.impl.script.DynamicRuleGenerationService","message":"Python output:     $t.setRiskScore(8.5);","service":"fms-core","version":"1.0.0","environment":"default"}
{"@timestamp":"2026-03-11T09:10:05.3639214+05:30","level":"DEBUG","logger_name":"net.com.fms_core.service.impl.script.DynamicRuleGenerationService","message":"Python output:     $t.setFraudPercentage(85.0);","service":"fms-core","version":"1.0.0","environment":"default"}
{"@timestamp":"2026-03-11T09:10:05.3649189+05:30","level":"DEBUG","logger_name":"net.com.fms_core.service.impl.script.DynamicRuleGenerationService","message":"Python output:     $t.setStatus(\"BLOCKED\");","service":"fms-core","version":"1.0.0","environment":"default"}
{"@timestamp":"2026-03-11T09:10:05.3649189+05:30","level":"DEBUG","logger_name":"net.com.fms_core.service.impl.script.DynamicRuleGenerationService","message":"Python output: end","service":"fms-core","version":"1.0.0","environment":"default"}
{"@timestamp":"2026-03-11T09:10:05.3650776+05:30","level":"DEBUG","logger_name":"net.com.fms_core.service.impl.script.DynamicRuleGenerationService","message":"Python output: import net.com.fms_core.dto.message.IsoMessageDTO;","service":"fms-core","version":"1.0.0","environment":"default"}
{"@timestamp":"2026-03-11T09:10:05.3650776+05:30","level":"DEBUG","logger_name":"net.com.fms_core.service.impl.script.DynamicRuleGenerationService","message":"Python output: ","service":"fms-core","version":"1.0.0","environment":"default"}
{"@timestamp":"2026-03-11T09:10:05.3650776+05:30","level":"DEBUG","logger_name":"net.com.fms_core.service.impl.script.DynamicRuleGenerationService","message":"Python output: rule \"ML_Night_Transaction_Risk_2\"","service":"fms-core","version":"1.0.0","environment":"default"}
{"@timestamp":"2026-03-11T09:10:05.3650776+05:30","level":"DEBUG","logger_name":"net.com.fms_core.service.impl.script.DynamicRuleGenerationService","message":"Python output:     salience 75","service":"fms-core","version":"1.0.0","environment":"default"}
{"@timestamp":"2026-03-11T09:10:05.3650776+05:30","level":"DEBUG","logger_name":"net.com.fms_core.service.impl.script.DynamicRuleGenerationService","message":"Python output: when","service":"fms-core","version":"1.0.0","environment":"default"}
{"@timestamp":"2026-03-11T09:10:05.3650776+05:30","level":"DEBUG","logger_name":"net.com.fms_core.service.impl.script.DynamicRuleGenerationService","message":"Python output:     $t : IsoMessageDTO(localTransactionTime < \"06\" || localTransactionTime > \"22\")","service":"fms-core","version":"1.0.0","environment":"default"}
{"@timestamp":"2026-03-11T09:10:05.365922+05:30","level":"DEBUG","logger_name":"net.com.fms_core.service.impl.script.DynamicRuleGenerationService","message":"Python output: then","service":"fms-core","version":"1.0.0","environment":"default"}
{"@timestamp":"2026-03-11T09:10:05.3660074+05:30","level":"DEBUG","logger_name":"net.com.fms_core.service.impl.script.DynamicRuleGenerationService","message":"Python output:     $t.setRiskLevel(\"MEDIUM\");","service":"fms-core","version":"1.0.0","environment":"default"}
{"@timestamp":"2026-03-11T09:10:05.3660074+05:30","level":"DEBUG","logger_name":"net.com.fms_core.service.impl.script.DynamicRuleGenerationService","message":"Python output:     $t.setFlaggedForReview(true);","service":"fms-core","version":"1.0.0","environment":"default"}
{"@timestamp":"2026-03-11T09:10:05.3660074+05:30","level":"DEBUG","logger_name":"net.com.fms_core.service.impl.script.DynamicRuleGenerationService","message":"Python output:     $t.setRuleFired(true);","service":"fms-core","version":"1.0.0","environment":"default"}
{"@timestamp":"2026-03-11T09:10:05.3660074+05:30","level":"DEBUG","logger_name":"net.com.fms_core.service.impl.script.DynamicRuleGenerationService","message":"Python output:     $t.setRuleName(\"ML_Night_Transaction_Risk\");","service":"fms-core","version":"1.0.0","environment":"default"}
{"@timestamp":"2026-03-11T09:10:05.3660074+05:30","level":"DEBUG","logger_name":"net.com.fms_core.service.impl.script.DynamicRuleGenerationService","message":"Python output:     $t.setBlockReason(\"ML model detected night transaction risk\");","service":"fms-core","version":"1.0.0","environment":"default"}
{"@timestamp":"2026-03-11T09:10:05.3660074+05:30","level":"DEBUG","logger_name":"net.com.fms_core.service.impl.script.DynamicRuleGenerationService","message":"Python output:     $t.setRiskScore(7.5);","service":"fms-core","version":"1.0.0","environment":"default"}
{"@timestamp":"2026-03-11T09:10:05.3660074+05:30","level":"DEBUG","logger_name":"net.com.fms_core.service.impl.script.DynamicRuleGenerationService","message":"Python output:     $t.setFraudPercentage(75.0);","service":"fms-core","version":"1.0.0","environment":"default"}
{"@timestamp":"2026-03-11T09:10:05.3669209+05:30","level":"DEBUG","logger_name":"net.com.fms_core.service.impl.script.DynamicRuleGenerationService","message":"Python output:     $t.setStatus(\"FLAGGED\");","service":"fms-core","version":"1.0.0","environment":"default"}
{"@timestamp":"2026-03-11T09:10:05.3669209+05:30","level":"DEBUG","logger_name":"net.com.fms_core.service.impl.script.DynamicRuleGenerationService","message":"Python output: end","service":"fms-core","version":"1.0.0","environment":"default"}
{"@timestamp":"2026-03-11T09:10:05.3669209+05:30","level":"DEBUG","logger_name":"net.com.fms_core.service.impl.script.DynamicRuleGenerationService","message":"Python output: import net.com.fms_core.dto.message.IsoMessageDTO;","service":"fms-core","version":"1.0.0","environment":"default"}
{"@timestamp":"2026-03-11T09:10:05.3669209+05:30","level":"DEBUG","logger_name":"net.com.fms_core.service.impl.script.DynamicRuleGenerationService","message":"Python output: ","service":"fms-core","version":"1.0.0","environment":"default"}
{"@timestamp":"2026-03-11T09:10:05.3669209+05:30","level":"DEBUG","logger_name":"net.com.fms_core.service.impl.script.DynamicRuleGenerationService","message":"Python output: rule \"ML_Ensemble_Risk_Score_3\"","service":"fms-core","version":"1.0.0","environment":"default"}
{"@timestamp":"2026-03-11T09:10:05.3669209+05:30","level":"DEBUG","logger_name":"net.com.fms_core.service.impl.script.DynamicRuleGenerationService","message":"Python output:     salience 95","service":"fms-core","version":"1.0.0","environment":"default"}
{"@timestamp":"2026-03-11T09:10:05.3669209+05:30","level":"DEBUG","logger_name":"net.com.fms_core.service.impl.script.DynamicRuleGenerationService","message":"Python output: when","service":"fms-core","version":"1.0.0","environment":"default"}
{"@timestamp":"2026-03-11T09:10:05.3669209+05:30","level":"DEBUG","logger_name":"net.com.fms_core.service.impl.script.DynamicRuleGenerationService","message":"Python output:     $t : IsoMessageDTO(","service":"fms-core","version":"1.0.0","environment":"default"}
{"@timestamp":"2026-03-11T09:10:05.3669209+05:30","level":"DEBUG","logger_name":"net.com.fms_core.service.impl.script.DynamicRuleGenerationService","message":"Python output:         amount > 10000.0 && ","service":"fms-core","version":"1.0.0","environment":"default"}
{"@timestamp":"2026-03-11T09:10:05.3679216+05:30","level":"DEBUG","logger_name":"net.com.fms_core.service.impl.script.DynamicRuleGenerationService","message":"Python output:         (localTransactionTime < \"06\" || localTransactionTime > \"22\") &&","service":"fms-core","version":"1.0.0","environment":"default"}
{"@timestamp":"2026-03-11T09:10:05.3679216+05:30","level":"DEBUG","logger_name":"net.com.fms_core.service.impl.script.DynamicRuleGenerationService","message":"Python output:         transactionVelocity() > 3.0","service":"fms-core","version":"1.0.0","environment":"default"}
{"@timestamp":"2026-03-11T09:10:05.3679216+05:30","level":"DEBUG","logger_name":"net.com.fms_core.service.impl.script.DynamicRuleGenerationService","message":"Python output:     )","service":"fms-core","version":"1.0.0","environment":"default"}
{"@timestamp":"2026-03-11T09:10:05.3679216+05:30","level":"DEBUG","logger_name":"net.com.fms_core.service.impl.script.DynamicRuleGenerationService","message":"Python output: then","service":"fms-core","version":"1.0.0","environment":"default"}
{"@timestamp":"2026-03-11T09:10:05.3679216+05:30","level":"DEBUG","logger_name":"net.com.fms_core.service.impl.script.DynamicRuleGenerationService","message":"Python output:     $t.setRiskLevel(\"CRITICAL\");","service":"fms-core","version":"1.0.0","environment":"default"}
{"@timestamp":"2026-03-11T09:10:05.3679216+05:30","level":"DEBUG","logger_name":"net.com.fms_core.service.impl.script.DynamicRuleGenerationService","message":"Python output:     $t.setFlaggedForReview(true);","service":"fms-core","version":"1.0.0","environment":"default"}
{"@timestamp":"2026-03-11T09:10:05.3679216+05:30","level":"DEBUG","logger_name":"net.com.fms_core.service.impl.script.DynamicRuleGenerationService","message":"Python output:     $t.setRuleFired(true);","service":"fms-core","version":"1.0.0","environment":"default"}
{"@timestamp":"2026-03-11T09:10:05.3688661+05:30","level":"DEBUG","logger_name":"net.com.fms_core.service.impl.script.DynamicRuleGenerationService","message":"Python output:     $t.setRuleName(\"ML_Ensemble_Risk_Score\");","service":"fms-core","version":"1.0.0","environment":"default"}
{"@timestamp":"2026-03-11T09:10:05.3689196+05:30","level":"DEBUG","logger_name":"net.com.fms_core.service.impl.script.DynamicRuleGenerationService","message":"Python output:     $t.setBlockReason(\"ML ensemble model detected multiple high-risk factors\");","service":"fms-core","version":"1.0.0","environment":"default"}
{"@timestamp":"2026-03-11T09:10:05.3689196+05:30","level":"DEBUG","logger_name":"net.com.fms_core.service.impl.script.DynamicRuleGenerationService","message":"Python output:     $t.setRiskScore(9.5);","service":"fms-core","version":"1.0.0","environment":"default"}
{"@timestamp":"2026-03-11T09:10:05.3689196+05:30","level":"DEBUG","logger_name":"net.com.fms_core.service.impl.script.DynamicRuleGenerationService","message":"Python output:     $t.setFraudPercentage(95.0);","service":"fms-core","version":"1.0.0","environment":"default"}
{"@timestamp":"2026-03-11T09:10:05.3689196+05:30","level":"DEBUG","logger_name":"net.com.fms_core.service.impl.script.DynamicRuleGenerationService","message":"Python output:     $t.setStatus(\"BLOCKED\");","service":"fms-core","version":"1.0.0","environment":"default"}
{"@timestamp":"2026-03-11T09:10:05.3689196+05:30","level":"DEBUG","logger_name":"net.com.fms_core.service.impl.script.DynamicRuleGenerationService","message":"Python output: end","service":"fms-core","version":"1.0.0","environment":"default"}
{"@timestamp":"2026-03-11T09:10:05.3689196+05:30","level":"DEBUG","logger_name":"net.com.fms_core.service.impl.script.DynamicRuleGenerationService","message":"Python output: ===DYNAMIC_RULES_END===","service":"fms-core","version":"1.0.0","environment":"default"}
{"@timestamp":"2026-03-11T09:10:05.3689196+05:30","level":"DEBUG","logger_name":"net.com.fms_core.service.impl.script.DynamicRuleGenerationService","message":"Python output: ","service":"fms-core","version":"1.0.0","environment":"default"}
{"@timestamp":"2026-03-11T09:10:05.3699264+05:30","level":"DEBUG","logger_name":"net.com.fms_core.service.impl.script.DynamicRuleGenerationService","message":"Python output: ===METADATA_START===","service":"fms-core","version":"1.0.0","environment":"default"}
{"@timestamp":"2026-03-11T09:10:05.3699264+05:30","level":"DEBUG","logger_name":"net.com.fms_core.service.impl.script.DynamicRuleGenerationService","message":"Python output: {","service":"fms-core","version":"1.0.0","environment":"default"}
{"@timestamp":"2026-03-11T09:10:05.3701458+05:30","level":"DEBUG","logger_name":"net.com.fms_core.service.impl.script.DynamicRuleGenerationService","message":"Python output:   \"generated_at\": \"2026-03-11T09:10:05.356920\",","service":"fms-core","version":"1.0.0","environment":"default"}
{"@timestamp":"2026-03-11T09:10:05.3701458+05:30","level":"DEBUG","logger_name":"net.com.fms_core.service.impl.script.DynamicRuleGenerationService","message":"Python output:   \"total_rules\": 3,","service":"fms-core","version":"1.0.0","environment":"default"}
{"@timestamp":"2026-03-11T09:10:05.3701458+05:30","level":"DEBUG","logger_name":"net.com.fms_core.service.impl.script.DynamicRuleGenerationService","message":"Python output:   \"model_used\": \"RandomForest\",","service":"fms-core","version":"1.0.0","environment":"default"}
{"@timestamp":"2026-03-11T09:10:05.3701458+05:30","level":"DEBUG","logger_name":"net.com.fms_core.service.impl.script.DynamicRuleGenerationService","message":"Python output:   \"model_accuracy\": 0.9998115104297562,","service":"fms-core","version":"1.0.0","environment":"default"}
{"@timestamp":"2026-03-11T09:10:05.3701458+05:30","level":"DEBUG","logger_name":"net.com.fms_core.service.impl.script.DynamicRuleGenerationService","message":"Python output:   \"data_source\": \"ML Model Predictions\",","service":"fms-core","version":"1.0.0","environment":"default"}
{"@timestamp":"2026-03-11T09:10:05.3701458+05:30","level":"DEBUG","logger_name":"net.com.fms_core.service.impl.script.DynamicRuleGenerationService","message":"Python output:   \"total_transactions\": 10000,","service":"fms-core","version":"1.0.0","environment":"default"}
{"@timestamp":"2026-03-11T09:10:05.3701458+05:30","level":"DEBUG","logger_name":"net.com.fms_core.service.impl.script.DynamicRuleGenerationService","message":"Python output:   \"feature_count\": 410,","service":"fms-core","version":"1.0.0","environment":"default"}
{"@timestamp":"2026-03-11T09:10:05.3709322+05:30","level":"DEBUG","logger_name":"net.com.fms_core.service.impl.script.DynamicRuleGenerationService","message":"Python output:   \"rule_generation_method\": \"ML_Model_Based_Generation\",","service":"fms-core","version":"1.0.0","environment":"default"}
{"@timestamp":"2026-03-11T09:10:05.3709322+05:30","level":"DEBUG","logger_name":"net.com.fms_core.service.impl.script.DynamicRuleGenerationService","message":"Python output:   \"rule_types\": [","service":"fms-core","version":"1.0.0","environment":"default"}
{"@timestamp":"2026-03-11T09:10:05.3709322+05:30","level":"DEBUG","logger_name":"net.com.fms_core.service.impl.script.DynamicRuleGenerationService","message":"Python output:     \"ML Amount Rules\",","service":"fms-core","version":"1.0.0","environment":"default"}
{"@timestamp":"2026-03-11T09:10:05.3709322+05:30","level":"DEBUG","logger_name":"net.com.fms_core.service.impl.script.DynamicRuleGenerationService","message":"Python output:     \"ML Time Rules\",","service":"fms-core","version":"1.0.0","environment":"default"}
{"@timestamp":"2026-03-11T09:10:05.3709322+05:30","level":"DEBUG","logger_name":"net.com.fms_core.service.impl.script.DynamicRuleGenerationService","message":"Python output:     \"ML Velocity Rules\",","service":"fms-core","version":"1.0.0","environment":"default"}
{"@timestamp":"2026-03-11T09:10:05.3719209+05:30","level":"DEBUG","logger_name":"net.com.fms_core.service.impl.script.DynamicRuleGenerationService","message":"Python output:     \"ML Feature Importance Rules\",","service":"fms-core","version":"1.0.0","environment":"default"}
{"@timestamp":"2026-03-11T09:10:05.3719209+05:30","level":"DEBUG","logger_name":"net.com.fms_core.service.impl.script.DynamicRuleGenerationService","message":"Python output:     \"ML Ensemble Rules\"","service":"fms-core","version":"1.0.0","environment":"default"}
{"@timestamp":"2026-03-11T09:10:05.3719209+05:30","level":"DEBUG","logger_name":"net.com.fms_core.service.impl.script.DynamicRuleGenerationService","message":"Python output:   ],","service":"fms-core","version":"1.0.0","environment":"default"}
{"@timestamp":"2026-03-11T09:10:05.3719209+05:30","level":"DEBUG","logger_name":"net.com.fms_core.service.impl.script.DynamicRuleGenerationService","message":"Python output:   \"status_distribution\": {","service":"fms-core","version":"1.0.0","environment":"default"}
{"@timestamp":"2026-03-11T09:10:05.3719209+05:30","level":"DEBUG","logger_name":"net.com.fms_core.service.impl.script.DynamicRuleGenerationService","message":"Python output:     \"BLOCKED\": 2,","service":"fms-core","version":"1.0.0","environment":"default"}
{"@timestamp":"2026-03-11T09:10:05.3719209+05:30","level":"DEBUG","logger_name":"net.com.fms_core.service.impl.script.DynamicRuleGenerationService","message":"Python output:     \"MANUAL_REVIEW\": 0,","service":"fms-core","version":"1.0.0","environment":"default"}
{"@timestamp":"2026-03-11T09:10:05.3719209+05:30","level":"DEBUG","logger_name":"net.com.fms_core.service.impl.script.DynamicRuleGenerationService","message":"Python output:     \"FLAGGED\": 1,","service":"fms-core","version":"1.0.0","environment":"default"}
{"@timestamp":"2026-03-11T09:10:05.3719209+05:30","level":"DEBUG","logger_name":"net.com.fms_core.service.impl.script.DynamicRuleGenerationService","message":"Python output:     \"APPROVED\": 0","service":"fms-core","version":"1.0.0","environment":"default"}
{"@timestamp":"2026-03-11T09:10:05.3729284+05:30","level":"DEBUG","logger_name":"net.com.fms_core.service.impl.script.DynamicRuleGenerationService","message":"Python output:   },","service":"fms-core","version":"1.0.0","environment":"default"}
{"@timestamp":"2026-03-11T09:10:05.3729284+05:30","level":"DEBUG","logger_name":"net.com.fms_core.service.impl.script.DynamicRuleGenerationService","message":"Python output:   \"model_info\": {","service":"fms-core","version":"1.0.0","environment":"default"}
{"@timestamp":"2026-03-11T09:10:05.3729284+05:30","level":"DEBUG","logger_name":"net.com.fms_core.service.impl.script.DynamicRuleGenerationService","message":"Python output:     \"training_date\": \"2026-03-10T17:44:29.699077\",","service":"fms-core","version":"1.0.0","environment":"default"}
{"@timestamp":"2026-03-11T09:10:05.3729284+05:30","level":"DEBUG","logger_name":"net.com.fms_core.service.impl.script.DynamicRuleGenerationService","message":"Python output:     \"best_model\": \"RandomForest\",","service":"fms-core","version":"1.0.0","environment":"default"}
{"@timestamp":"2026-03-11T09:10:05.3729284+05:30","level":"DEBUG","logger_name":"net.com.fms_core.service.impl.script.DynamicRuleGenerationService","message":"Python output:     \"model_accuracy\": 0.9998115104297562","service":"fms-core","version":"1.0.0","environment":"default"}
{"@timestamp":"2026-03-11T09:10:05.3729284+05:30","level":"DEBUG","logger_name":"net.com.fms_core.service.impl.script.DynamicRuleGenerationService","message":"Python output:   }","service":"fms-core","version":"1.0.0","environment":"default"}
{"@timestamp":"2026-03-11T09:10:05.3739205+05:30","level":"DEBUG","logger_name":"net.com.fms_core.service.impl.script.DynamicRuleGenerationService","message":"Python output: }","service":"fms-core","version":"1.0.0","environment":"default"}
{"@timestamp":"2026-03-11T09:10:05.3739205+05:30","level":"DEBUG","logger_name":"net.com.fms_core.service.impl.script.DynamicRuleGenerationService","message":"Python output: ===METADATA_END===","service":"fms-core","version":"1.0.0","environment":"default"}
{"@timestamp":"2026-03-11T09:10:05.3739205+05:30","level":"DEBUG","logger_name":"net.com.fms_core.service.impl.script.DynamicRuleGenerationService","message":"Python output: ","service":"fms-core","version":"1.0.0","environment":"default"}
{"@timestamp":"2026-03-11T09:10:05.3739205+05:30","level":"DEBUG","logger_name":"net.com.fms_core.service.impl.script.DynamicRuleGenerationService","message":"Python output: ======================================================================","service":"fms-core","version":"1.0.0","environment":"default"}
{"@timestamp":"2026-03-11T09:10:05.3739205+05:30","level":"DEBUG","logger_name":"net.com.fms_core.service.impl.script.DynamicRuleGenerationService","message":"Python output: ML RULE GENERATION COMPLETE","service":"fms-core","version":"1.0.0","environment":"default"}
{"@timestamp":"2026-03-11T09:10:05.3739205+05:30","level":"DEBUG","logger_name":"net.com.fms_core.service.impl.script.DynamicRuleGenerationService","message":"Python output: Generated 3 ML-based rules","service":"fms-core","version":"1.0.0","environment":"default"}
{"@timestamp":"2026-03-11T09:10:05.3739205+05:30","level":"DEBUG","logger_name":"net.com.fms_core.service.impl.script.DynamicRuleGenerationService","message":"Python output: Model used: RandomForest","service":"fms-core","version":"1.0.0","environment":"default"}
{"@timestamp":"2026-03-11T09:10:05.3739205+05:30","level":"DEBUG","logger_name":"net.com.fms_core.service.impl.script.DynamicRuleGenerationService","message":"Python output: Model accuracy: 0.9998","service":"fms-core","version":"1.0.0","environment":"default"}
{"@timestamp":"2026-03-11T09:10:05.3749255+05:30","level":"DEBUG","logger_name":"net.com.fms_core.service.impl.script.DynamicRuleGenerationService","message":"Python output: ======================================================================","service":"fms-core","version":"1.0.0","environment":"default"}
{"@timestamp":"2026-03-11T09:10:05.6039295+05:30","level":"INFO","logger_name":"net.com.fms_core.service.impl.script.DynamicRuleGenerationService","message":"ML rule generator completed with exit code: 0","service":"fms-core","version":"1.0.0","environment":"default"}
{"@timestamp":"2026-03-11T09:10:05.6049301+05:30","level":"INFO","logger_name":"net.com.fms_core.service.impl.script.DynamicRuleGenerationService","message":"Parsed metadata with 11 keys","service":"fms-core","version":"1.0.0","environment":"default"}
{"@timestamp":"2026-03-11T09:10:05.6049301+05:30","level":"WARN","logger_name":"net.com.fms_core.service.impl.script.DynamicRuleGenerationService","message":"No rule_details found in metadata","service":"fms-core","version":"1.0.0","environment":"default"}
{"@timestamp":"2026-03-11T09:10:05.6059324+05:30","level":"INFO","logger_name":"net.com.fms_core.service.impl.script.DynamicRuleGenerationService","message":"Successfully generated dynamic rules in preview mode","service":"fms-core","version":"1.0.0","environment":"default"}
{"@timestamp":"2026-03-11T09:11:48.1486245+05:30","level":"INFO","logger_name":"com.netflix.discovery.shared.resolver.aws.ConfigClusterResolver","message":"Resolving eureka endpoints via configuration","service":"fms-core","version":"1.0.0","environment":"default"}
{"@timestamp":"2026-03-11T09:16:48.167809+05:30","level":"INFO","logger_name":"com.netflix.discovery.shared.resolver.aws.ConfigClusterResolver","message":"Resolving eureka endpoints via configuration","service":"fms-core","version":"1.0.0","environment":"default"}
{"@timestamp":"2026-03-11T09:21:04.9435987+05:30","level":"INFO","logger_name":"org.springframework.cloud.netflix.eureka.serviceregistry.EurekaServiceRegistry","message":"Unregistering application FMS_CORE with eureka with status DOWN","service":"fms-core","version":"1.0.0","environment":"default"}
{"@timestamp":"2026-03-11T09:21:04.9450093+05:30","level":"INFO","logger_name":"com.netflix.discovery.DiscoveryClient","message":"Saw local status change event StatusChangeEvent [timestamp=1773201064945, current=DOWN, previous=UP]","service":"fms-core","version":"1.0.0","environment":"default"}
{"@timestamp":"2026-03-11T09:21:04.9455999+05:30","level":"INFO","logger_name":"com.netflix.discovery.DiscoveryClient","message":"DiscoveryClient_FMS_CORE/KAVINDA5242.mshome.net:fms_core:8084: registering service...","service":"fms-core","version":"1.0.0","environment":"default"}
{"@timestamp":"2026-03-11T09:21:04.9815996+05:30","level":"INFO","logger_name":"com.netflix.discovery.DiscoveryClient","message":"DiscoveryClient_FMS_CORE/KAVINDA5242.mshome.net:fms_core:8084 - registration status: 204","service":"fms-core","version":"1.0.0","environment":"default"}
{"@timestamp":"2026-03-11T09:21:05.0395956+05:30","level":"INFO","logger_name":"org.springframework.boot.web.embedded.tomcat.GracefulShutdown","message":"Commencing graceful shutdown. Waiting for active requests to complete","service":"fms-core","version":"1.0.0","environment":"default"}
{"@timestamp":"2026-03-11T09:21:05.0895967+05:30","level":"INFO","logger_name":"org.springframework.boot.web.embedded.tomcat.GracefulShutdown","message":"Graceful shutdown complete","service":"fms-core","version":"1.0.0","environment":"default"}
{"@timestamp":"2026-03-11T09:21:05.1145951+05:30","level":"INFO","logger_name":"org.springframework.messaging.simp.broker.SimpleBrokerMessageHandler","message":"Stopping...","service":"fms-core","version":"1.0.0","environment":"default"}
{"@timestamp":"2026-03-11T09:21:05.1155979+05:30","level":"INFO","logger_name":"org.springframework.messaging.simp.broker.SimpleBrokerMessageHandler","message":"BrokerAvailabilityEvent[available=false, SimpleBrokerMessageHandler [org.springframework.messaging.simp.broker.DefaultSubscriptionRegistry@621472af]]","service":"fms-core","version":"1.0.0","environment":"default"}
{"@timestamp":"2026-03-11T09:21:05.1186007+05:30","level":"INFO","logger_name":"org.springframework.messaging.simp.broker.SimpleBrokerMessageHandler","message":"Stopped.","service":"fms-core","version":"1.0.0","environment":"default"}
{"@timestamp":"2026-03-11T09:21:05.2975989+05:30","level":"INFO","logger_name":"org.springframework.orm.jpa.LocalContainerEntityManagerFactoryBean","message":"Closing JPA EntityManagerFactory for persistence unit 'default'","service":"fms-core","version":"1.0.0","environment":"default"}
{"@timestamp":"2026-03-11T09:21:05.3765971+05:30","level":"INFO","logger_name":"com.zaxxer.hikari.HikariDataSource","message":"HikariPool-1 - Shutdown initiated...","service":"fms-core","version":"1.0.0","environment":"default"}
{"@timestamp":"2026-03-11T09:21:05.4737824+05:30","level":"INFO","logger_name":"com.zaxxer.hikari.HikariDataSource","message":"HikariPool-1 - Shutdown completed.","service":"fms-core","version":"1.0.0","environment":"default"}
{"@timestamp":"2026-03-11T09:21:05.4766004+05:30","level":"INFO","logger_name":"com.netflix.discovery.DiscoveryClient","message":"Shutting down DiscoveryClient ...","service":"fms-core","version":"1.0.0","environment":"default"}
{"@timestamp":"2026-03-11T09:21:08.485607+05:30","level":"INFO","logger_name":"com.netflix.discovery.DiscoveryClient","message":"Unregistering ...","service":"fms-core","version":"1.0.0","environment":"default"}
{"@timestamp":"2026-03-11T09:21:08.5325+05:30","level":"INFO","logger_name":"com.netflix.discovery.DiscoveryClient","message":"DiscoveryClient_FMS_CORE/KAVINDA5242.mshome.net:fms_core:8084 - deregister  status: 200","service":"fms-core","version":"1.0.0","environment":"default"}
{"@timestamp":"2026-03-11T09:21:08.5328729+05:30","level":"INFO","logger_name":"com.netflix.discovery.DiscoveryClient","message":"Completed shut down of DiscoveryClient","service":"fms-core","version":"1.0.0","environment":"default"}
{"@timestamp":"2026-03-11T09:21:46.1092358+05:30","level":"INFO","logger_name":"net.com.fms_core.FmsCoreApplication","message":"Starting FmsCoreApplication using Java 21.0.2 with PID 25508 (C:\\Users\\kavinda_d\\Documents\\e soft\\final project\\project\\fms backend\\fms_core\\target\\classes started by kavinda_d in C:\\Users\\kavinda_d\\Documents\\e soft\\final project\\project\\fms backend)","service":"fms-core","version":"1.0.0","environment":"default"}
{"@timestamp":"2026-03-11T09:21:46.1242283+05:30","level":"DEBUG","logger_name":"net.com.fms_core.FmsCoreApplication","message":"Running with Spring Boot v3.4.4, Spring v6.2.5","service":"fms-core","version":"1.0.0","environment":"default"}
{"@timestamp":"2026-03-11T09:21:46.1252276+05:30","level":"INFO","logger_name":"net.com.fms_core.FmsCoreApplication","message":"The following 1 profile is active: \"dev\"","service":"fms-core","version":"1.0.0","environment":"default"}
{"@timestamp":"2026-03-11T09:21:46.2313161+05:30","level":"INFO","logger_name":"org.springframework.cloud.config.client.ConfigServerConfigDataLoader","message":"Fetching config from server at : http://localhost:8888","service":"fms-core","version":"1.0.0","environment":"default"}
{"@timestamp":"2026-03-11T09:21:46.2313774+05:30","level":"INFO","logger_name":"org.springframework.cloud.config.client.ConfigServerConfigDataLoader","message":"Located environment: name=fms_core, profiles=[dev], label=null, version=null, state=null","service":"fms-core","version":"1.0.0","environment":"default"}
{"@timestamp":"2026-03-11T09:21:46.2343796+05:30","level":"INFO","logger_name":"org.springframework.boot.devtools.env.DevToolsPropertyDefaultsPostProcessor","message":"Devtools property defaults active! Set 'spring.devtools.add-properties' to 'false' to disable","service":"fms-core","version":"1.0.0","environment":"default"}
{"@timestamp":"2026-03-11T09:21:46.2343796+05:30","level":"INFO","logger_name":"org.springframework.boot.devtools.env.DevToolsPropertyDefaultsPostProcessor","message":"For additional web related logging consider setting the 'logging.level.web' property to 'DEBUG'","service":"fms-core","version":"1.0.0","environment":"default"}
{"@timestamp":"2026-03-11T09:21:50.8480729+05:30","level":"INFO","logger_name":"org.springframework.data.repository.config.RepositoryConfigurationDelegate","message":"Bootstrapping Spring Data JPA repositories in DEFAULT mode.","service":"fms-core","version":"1.0.0","environment":"default"}
{"@timestamp":"2026-03-11T09:21:51.5782687+05:30","level":"INFO","logger_name":"org.springframework.data.repository.config.RepositoryConfigurationDelegate","message":"Finished Spring Data repository scanning in 707 ms. Found 23 JPA repository interfaces.","service":"fms-core","version":"1.0.0","environment":"default"}
{"@timestamp":"2026-03-11T09:21:52.302072+05:30","level":"INFO","logger_name":"org.springframework.cloud.context.scope.GenericScope","message":"BeanFactory id=00be10ca-805b-33a6-ba0f-6f93d757e18b","service":"fms-core","version":"1.0.0","environment":"default"}
{"@timestamp":"2026-03-11T09:21:54.6998601+05:30","level":"INFO","logger_name":"org.springframework.boot.web.embedded.tomcat.TomcatWebServer","message":"Tomcat initialized with port 8084 (http)","service":"fms-core","version":"1.0.0","environment":"default"}
{"@timestamp":"2026-03-11T09:21:54.7308401+05:30","level":"INFO","logger_name":"org.apache.catalina.core.StandardService","message":"Starting service [Tomcat]","service":"fms-core","version":"1.0.0","environment":"default"}
{"@timestamp":"2026-03-11T09:21:54.7318398+05:30","level":"INFO","logger_name":"org.apache.catalina.core.StandardEngine","message":"Starting Servlet engine: [Apache Tomcat/10.1.39]","service":"fms-core","version":"1.0.0","environment":"default"}
{"@timestamp":"2026-03-11T09:21:54.8648412+05:30","level":"INFO","logger_name":"org.apache.catalina.core.ContainerBase.[Tomcat].[localhost].[/fms-core-service]","message":"Initializing Spring embedded WebApplicationContext","service":"fms-core","version":"1.0.0","environment":"default"}
{"@timestamp":"2026-03-11T09:21:54.8658394+05:30","level":"INFO","logger_name":"org.springframework.boot.web.servlet.context.ServletWebServerApplicationContext","message":"Root WebApplicationContext: initialization completed in 8630 ms","service":"fms-core","version":"1.0.0","environment":"default"}
{"@timestamp":"2026-03-11T09:21:55.9378456+05:30","level":"INFO","logger_name":"com.zaxxer.hikari.HikariDataSource","message":"HikariPool-1 - Starting...","service":"fms-core","version":"1.0.0","environment":"default"}
{"@timestamp":"2026-03-11T09:21:56.2328453+05:30","level":"INFO","logger_name":"com.zaxxer.hikari.pool.HikariPool","message":"HikariPool-1 - Added connection com.mysql.cj.jdbc.ConnectionImpl@2ea8b637","service":"fms-core","version":"1.0.0","environment":"default"}
{"@timestamp":"2026-03-11T09:21:56.2358458+05:30","level":"INFO","logger_name":"com.zaxxer.hikari.HikariDataSource","message":"HikariPool-1 - Start completed.","service":"fms-core","version":"1.0.0","environment":"default"}
{"@timestamp":"2026-03-11T09:21:56.3103616+05:30","level":"INFO","logger_name":"org.hibernate.jpa.internal.util.LogHelper","message":"HHH000204: Processing PersistenceUnitInfo [name: default]","service":"fms-core","version":"1.0.0","environment":"default"}
{"@timestamp":"2026-03-11T09:21:56.446226+05:30","level":"INFO","logger_name":"org.hibernate.Version","message":"HHH000412: Hibernate ORM core version 6.6.11.Final","service":"fms-core","version":"1.0.0","environment":"default"}
{"@timestamp":"2026-03-11T09:21:56.5418461+05:30","level":"INFO","logger_name":"org.hibernate.cache.internal.RegionFactoryInitiator","message":"HHH000026: Second-level cache disabled","service":"fms-core","version":"1.0.0","environment":"default"}
{"@timestamp":"2026-03-11T09:21:57.165842+05:30","level":"INFO","logger_name":"org.springframework.orm.jpa.persistenceunit.SpringPersistenceUnitInfo","message":"No LoadTimeWeaver setup: ignoring JPA class transformer","service":"fms-core","version":"1.0.0","environment":"default"}
{"@timestamp":"2026-03-11T09:21:57.3968891+05:30","level":"INFO","logger_name":"org.hibernate.orm.connections.pooling","message":"HHH10001005: Database info:\n\tDatabase JDBC URL [Connecting through datasource 'HikariDataSource (HikariPool-1)']\n\tDatabase driver: undefined/unknown\n\tDatabase version: 8.1\n\tAutocommit mode: undefined/unknown\n\tIsolation level: undefined/unknown\n\tMinimum pool size: undefined/unknown\n\tMaximum pool size: undefined/unknown","service":"fms-core","version":"1.0.0","environment":"default"}
{"@timestamp":"2026-03-11T09:22:02.0014054+05:30","level":"INFO","logger_name":"org.hibernate.engine.transaction.jta.platform.internal.JtaPlatformInitiator","message":"HHH000489: No JTA platform available (set 'hibernate.transaction.jta.platform' to enable JTA platform integration)","service":"fms-core","version":"1.0.0","environment":"default"}
{"@timestamp":"2026-03-11T09:22:03.2659167+05:30","level":"INFO","logger_name":"org.springframework.orm.jpa.LocalContainerEntityManagerFactoryBean","message":"Initialized JPA EntityManagerFactory for persistence unit 'default'","service":"fms-core","version":"1.0.0","environment":"default"}
{"@timestamp":"2026-03-11T09:22:03.9969326+05:30","level":"INFO","logger_name":"org.springframework.data.jpa.repository.query.QueryEnhancerFactory","message":"Hibernate is in classpath; If applicable, HQL parser will be used.","service":"fms-core","version":"1.0.0","environment":"default"}
{"@timestamp":"2026-03-11T09:22:10.3141995+05:30","level":"WARN","logger_name":"org.drools.compiler.kie.builder.impl.KieBuilderImpl","message":"File 'ai-rules/default.drl' is in folder 'ai-rules' but declares package 'net.com.fms_core.ai.rules'. It is advised to have a correspondance between package and folder names.","service":"fms-core","version":"1.0.0","environment":"default"}
{"@timestamp":"2026-03-11T09:22:12.3844918+05:30","level":"INFO","logger_name":"net.com.fms_core.service.impl.AIKieService","message":"AI KIE base initialized successfully","service":"fms-core","version":"1.0.0","environment":"default"}
{"@timestamp":"2026-03-11T09:22:13.6910187+05:30","level":"WARN","logger_name":"org.springframework.boot.autoconfigure.orm.jpa.JpaBaseConfiguration$JpaWebConfiguration","message":"spring.jpa.open-in-view is enabled by default. Therefore, database queries may be performed during view rendering. Explicitly configure spring.jpa.open-in-view to disable this warning","service":"fms-core","version":"1.0.0","environment":"default"}
{"@timestamp":"2026-03-11T09:22:13.7400216+05:30","level":"INFO","logger_name":"org.springframework.validation.beanvalidation.OptionalValidatorFactoryBean","message":"Failed to set up a Bean Validation provider: jakarta.validation.NoProviderFoundException: Unable to create a Configuration, because no Jakarta Bean Validation provider could be found. Add a provider like Hibernate Validator (RI) to your classpath.","service":"fms-core","version":"1.0.0","environment":"default"}
{"@timestamp":"2026-03-11T09:22:15.32616+05:30","level":"WARN","logger_name":"org.springframework.boot.devtools.autoconfigure.OptionalLiveReloadServer","message":"Unable to start LiveReload server","service":"fms-core","version":"1.0.0","environment":"default"}
{"@timestamp":"2026-03-11T09:22:15.3861644+05:30","level":"INFO","logger_name":"org.springframework.cloud.netflix.eureka.config.DiscoveryClientOptionalArgsConfiguration","message":"Eureka HTTP Client uses RestTemplate.","service":"fms-core","version":"1.0.0","environment":"default"}
{"@timestamp":"2026-03-11T09:22:15.4841666+05:30","level":"WARN","logger_name":"org.springframework.cloud.loadbalancer.config.LoadBalancerCacheAutoConfiguration$LoadBalancerCaffeineWarnLogger","message":"Spring Cloud LoadBalancer is currently working with the default cache. While this cache implementation is useful for development and tests, it's recommended to use Caffeine cache in production.You can switch to using Caffeine cache, by adding it and org.springframework.cache.caffeine.CaffeineCacheManager to the classpath.","service":"fms-core","version":"1.0.0","environment":"default"}
{"@timestamp":"2026-03-11T09:22:15.5001659+05:30","level":"INFO","logger_name":"org.springframework.boot.actuate.endpoint.web.EndpointLinksResolver","message":"Exposing 6 endpoints beneath base path '/actuator'","service":"fms-core","version":"1.0.0","environment":"default"}
{"@timestamp":"2026-03-11T09:22:15.6611638+05:30","level":"INFO","logger_name":"org.springframework.messaging.simp.broker.SimpleBrokerMessageHandler","message":"Starting...","service":"fms-core","version":"1.0.0","environment":"default"}
{"@timestamp":"2026-03-11T09:22:15.6611638+05:30","level":"INFO","logger_name":"org.springframework.messaging.simp.broker.SimpleBrokerMessageHandler","message":"BrokerAvailabilityEvent[available=true, SimpleBrokerMessageHandler [org.springframework.messaging.simp.broker.DefaultSubscriptionRegistry@daab767]]","service":"fms-core","version":"1.0.0","environment":"default"}
{"@timestamp":"2026-03-11T09:22:15.6631617+05:30","level":"INFO","logger_name":"org.springframework.messaging.simp.broker.SimpleBrokerMessageHandler","message":"Started.","service":"fms-core","version":"1.0.0","environment":"default"}
{"@timestamp":"2026-03-11T09:22:15.6781632+05:30","level":"INFO","logger_name":"org.springframework.cloud.netflix.eureka.InstanceInfoFactory","message":"Setting initial instance status as: STARTING","service":"fms-core","version":"1.0.0","environment":"default"}
{"@timestamp":"2026-03-11T09:22:15.7131654+05:30","level":"INFO","logger_name":"com.netflix.discovery.DiscoveryClient","message":"Initializing Eureka in region us-east-1","service":"fms-core","version":"1.0.0","environment":"default"}
{"@timestamp":"2026-03-11T09:22:15.7181642+05:30","level":"INFO","logger_name":"com.netflix.discovery.shared.resolver.aws.ConfigClusterResolver","message":"Resolving eureka endpoints via configuration","service":"fms-core","version":"1.0.0","environment":"default"}
{"@timestamp":"2026-03-11T09:22:15.7281636+05:30","level":"INFO","logger_name":"com.netflix.discovery.DiscoveryClient","message":"Disable delta property : false","service":"fms-core","version":"1.0.0","environment":"default"}
{"@timestamp":"2026-03-11T09:22:15.7281636+05:30","level":"INFO","logger_name":"com.netflix.discovery.DiscoveryClient","message":"Single vip registry refresh property : null","service":"fms-core","version":"1.0.0","environment":"default"}
{"@timestamp":"2026-03-11T09:22:15.729162+05:30","level":"INFO","logger_name":"com.netflix.discovery.DiscoveryClient","message":"Force full registry fetch : false","service":"fms-core","version":"1.0.0","environment":"default"}
{"@timestamp":"2026-03-11T09:22:15.729162+05:30","level":"INFO","logger_name":"com.netflix.discovery.DiscoveryClient","message":"Application is null : false","service":"fms-core","version":"1.0.0","environment":"default"}
{"@timestamp":"2026-03-11T09:22:15.729162+05:30","level":"INFO","logger_name":"com.netflix.discovery.DiscoveryClient","message":"Registered Applications size is zero : true","service":"fms-core","version":"1.0.0","environment":"default"}
{"@timestamp":"2026-03-11T09:22:15.729162+05:30","level":"INFO","logger_name":"com.netflix.discovery.DiscoveryClient","message":"Application version is -1: true","service":"fms-core","version":"1.0.0","environment":"default"}
{"@timestamp":"2026-03-11T09:22:15.7301607+05:30","level":"INFO","logger_name":"com.netflix.discovery.DiscoveryClient","message":"Getting all instance registry info from the eureka server","service":"fms-core","version":"1.0.0","environment":"default"}
{"@timestamp":"2026-03-11T09:22:16.1611657+05:30","level":"INFO","logger_name":"com.netflix.discovery.DiscoveryClient","message":"The response status is 200","service":"fms-core","version":"1.0.0","environment":"default"}
{"@timestamp":"2026-03-11T09:22:16.1631655+05:30","level":"INFO","logger_name":"com.netflix.discovery.DiscoveryClient","message":"Starting heartbeat executor: renew interval is: 30","service":"fms-core","version":"1.0.0","environment":"default"}
{"@timestamp":"2026-03-11T09:22:16.1671635+05:30","level":"INFO","logger_name":"com.netflix.discovery.InstanceInfoReplicator","message":"InstanceInfoReplicator onDemand update allowed rate per min is 4","service":"fms-core","version":"1.0.0","environment":"default"}
{"@timestamp":"2026-03-11T09:22:16.1681642+05:30","level":"INFO","logger_name":"com.netflix.discovery.DiscoveryClient","message":"Discovery Client initialized at timestamp 1773201136168 with initial instances count: 3","service":"fms-core","version":"1.0.0","environment":"default"}
{"@timestamp":"2026-03-11T09:22:16.17916+05:30","level":"INFO","logger_name":"org.springframework.cloud.netflix.eureka.serviceregistry.EurekaServiceRegistry","message":"Registering application FMS_CORE with eureka with status UP","service":"fms-core","version":"1.0.0","environment":"default"}
{"@timestamp":"2026-03-11T09:22:16.1801613+05:30","level":"INFO","logger_name":"com.netflix.discovery.DiscoveryClient","message":"Saw local status change event StatusChangeEvent [timestamp=1773201136180, current=UP, previous=STARTING]","service":"fms-core","version":"1.0.0","environment":"default"}
{"@timestamp":"2026-03-11T09:22:16.1841669+05:30","level":"INFO","logger_name":"com.netflix.discovery.DiscoveryClient","message":"DiscoveryClient_FMS_CORE/KAVINDA5242.mshome.net:fms_core:8084: registering service...","service":"fms-core","version":"1.0.0","environment":"default"}
{"@timestamp":"2026-03-11T09:22:16.2203398+05:30","level":"INFO","logger_name":"org.springframework.boot.web.embedded.tomcat.TomcatWebServer","message":"Tomcat started on port 8084 (http) with context path '/fms-core-service'","service":"fms-core","version":"1.0.0","environment":"default"}
{"@timestamp":"2026-03-11T09:22:16.2211663+05:30","level":"INFO","logger_name":"org.springframework.cloud.netflix.eureka.serviceregistry.EurekaAutoServiceRegistration","message":"Updating port to 8084","service":"fms-core","version":"1.0.0","environment":"default"}
{"@timestamp":"2026-03-11T09:22:16.2411649+05:30","level":"INFO","logger_name":"com.netflix.discovery.DiscoveryClient","message":"DiscoveryClient_FMS_CORE/KAVINDA5242.mshome.net:fms_core:8084 - registration status: 204","service":"fms-core","version":"1.0.0","environment":"default"}
{"@timestamp":"2026-03-11T09:22:16.2461611+05:30","level":"INFO","logger_name":"net.com.fms_core.FmsCoreApplication","message":"Started FmsCoreApplication in 34.219 seconds (process running for 38.561)","service":"fms-core","version":"1.0.0","environment":"default"}
{"@timestamp":"2026-03-11T09:22:17.1462182+05:30","level":"INFO","logger_name":"net.com.fms_core.controller.RiskController","message":"rulesList.size = 1","service":"fms-core","version":"1.0.0","environment":"default"}
{"@timestamp":"2026-03-11T09:22:17.7581633+05:30","level":"INFO","logger_name":"org.drools.compiler.kie.builder.impl.KieContainerImpl","message":"Start creation of KieBase: defaultKieBase","service":"fms-core","version":"1.0.0","environment":"default"}
{"@timestamp":"2026-03-11T09:22:17.9541638+05:30","level":"INFO","logger_name":"org.drools.compiler.kie.builder.impl.KieContainerImpl","message":"End creation of KieBase: defaultKieBase","service":"fms-core","version":"1.0.0","environment":"default"}
{"@timestamp":"2026-03-11T09:22:17.9792136+05:30","level":"INFO","logger_name":"net.com.fms_core.config.SocketListener","message":"✅ FMS Receiver is listening on port 5000","service":"fms-core","version":"1.0.0","environment":"default"}
{"@timestamp":"2026-03-11T09:22:29.0238369+05:30","level":"INFO","logger_name":"org.apache.catalina.core.ContainerBase.[Tomcat].[localhost].[/fms-core-service]","message":"Initializing Spring DispatcherServlet 'dispatcherServlet'","service":"fms-core","version":"1.0.0","environment":"default"}
{"@timestamp":"2026-03-11T09:22:29.0248769+05:30","level":"INFO","logger_name":"org.springframework.web.servlet.DispatcherServlet","message":"Initializing Servlet 'dispatcherServlet'","service":"fms-core","version":"1.0.0","environment":"default"}
{"@timestamp":"2026-03-11T09:22:29.0338584+05:30","level":"INFO","logger_name":"org.springframework.web.servlet.DispatcherServlet","message":"Completed initialization in 8 ms","service":"fms-core","version":"1.0.0","environment":"default"}
{"@timestamp":"2026-03-11T09:22:29.2998332+05:30","level":"INFO","logger_name":"net.com.fms_core.controller.TransactionController","message":"Generating ML-based intelligent rules with pre-trained models...","service":"fms-core","version":"1.0.0","environment":"default"}
{"@timestamp":"2026-03-11T09:22:29.3008312+05:30","level":"INFO","logger_name":"net.com.fms_core.service.impl.script.ProductionRuleGenerationService","message":"Generating advanced ML-based rules with trained models...","service":"fms-core","version":"1.0.0","environment":"default"}
{"@timestamp":"2026-03-11T09:22:37.7788271+05:30","level":"INFO","logger_name":"net.com.fms_core.service.impl.script.ProductionRuleGenerationService","message":"Advanced ML rule generation completed with exit code: 0","service":"fms-core","version":"1.0.0","environment":"default"}
{"@timestamp":"2026-03-11T09:23:15.5754922+05:30","level":"INFO","logger_name":"org.springframework.web.socket.config.WebSocketMessageBrokerStats","message":"WebSocketSession[0 current WS(0)-HttpStream(0)-HttpPoll(0), 0 total, 0 closed abnormally (0 connect failure, 0 send limit, 0 transport error)], stompSubProtocol[processed CONNECT(0)-CONNECTED(0)-DISCONNECT(0)], stompBrokerRelay[null], inboundChannel[pool size = 0, active threads = 0, queued tasks = 0, completed tasks = 0], outboundChannel[pool size = 0, active threads = 0, queued tasks = 0, completed tasks = 0], sockJsScheduler[pool size = 1, active threads = 1, queued tasks = 0, completed tasks = 0]","service":"fms-core","version":"1.0.0","environment":"default"}
{"@timestamp":"2026-03-11T09:23:44.8877354+05:30","level":"INFO","logger_name":"net.com.fms_core.controller.TransactionController","message":"Generating ML-based intelligent rules with pre-trained models...","service":"fms-core","version":"1.0.0","environment":"default"}
{"@timestamp":"2026-03-11T09:23:44.8877354+05:30","level":"INFO","logger_name":"net.com.fms_core.service.impl.script.ProductionRuleGenerationService","message":"Generating advanced ML-based rules with trained models...","service":"fms-core","version":"1.0.0","environment":"default"}
{"@timestamp":"2026-03-11T09:23:49.4237585+05:30","level":"INFO","logger_name":"net.com.fms_core.service.impl.script.ProductionRuleGenerationService","message":"Advanced ML rule generation completed with exit code: 0","service":"fms-core","version":"1.0.0","environment":"default"}
{"@timestamp":"2026-03-11T09:26:37.9712349+05:30","level":"INFO","logger_name":"net.com.fms_core.controller.TransactionController","message":"Generating ML-based intelligent rules with pre-trained models...","service":"fms-core","version":"1.0.0","environment":"default"}
{"@timestamp":"2026-03-11T09:26:37.9732025+05:30","level":"INFO","logger_name":"net.com.fms_core.service.impl.script.ProductionRuleGenerationService","message":"Generating advanced ML-based rules with trained models...","service":"fms-core","version":"1.0.0","environment":"default"}
{"@timestamp":"2026-03-11T09:26:44.5246096+05:30","level":"INFO","logger_name":"net.com.fms_core.service.impl.script.ProductionRuleGenerationService","message":"Advanced ML rule generation completed with exit code: 1","service":"fms-core","version":"1.0.0","environment":"default"}
{"@timestamp":"2026-03-11T09:27:15.7520582+05:30","level":"INFO","logger_name":"com.netflix.discovery.shared.resolver.aws.ConfigClusterResolver","message":"Resolving eureka endpoints via configuration","service":"fms-core","version":"1.0.0","environment":"default"}
{"@timestamp":"2026-03-11T09:30:49.5943925+05:30","level":"INFO","logger_name":"net.com.fms_core.controller.TransactionController","message":"Generating ML-based intelligent rules with pre-trained models...","service":"fms-core","version":"1.0.0","environment":"default"}
{"@timestamp":"2026-03-11T09:30:49.5958059+05:30","level":"INFO","logger_name":"net.com.fms_core.service.impl.script.ProductionRuleGenerationService","message":"Generating advanced ML-based rules with trained models...","service":"fms-core","version":"1.0.0","environment":"default"}
{"@timestamp":"2026-03-11T09:30:53.4259387+05:30","level":"INFO","logger_name":"net.com.fms_core.service.impl.script.ProductionRuleGenerationService","message":"Advanced ML rule generation completed with exit code: 0","service":"fms-core","version":"1.0.0","environment":"default"}
{"@timestamp":"2026-03-11T09:31:33.5719938+05:30","level":"INFO","logger_name":"net.com.fms_core.controller.TransactionController","message":"Generating ML-based intelligent rules with pre-trained models...","service":"fms-core","version":"1.0.0","environment":"default"}
{"@timestamp":"2026-03-11T09:31:33.5729942+05:30","level":"INFO","logger_name":"net.com.fms_core.service.impl.script.ProductionRuleGenerationService","message":"Generating advanced ML-based rules with trained models...","service":"fms-core","version":"1.0.0","environment":"default"}
{"@timestamp":"2026-03-11T09:31:37.1629908+05:30","level":"INFO","logger_name":"net.com.fms_core.service.impl.script.ProductionRuleGenerationService","message":"Advanced ML rule generation completed with exit code: 0","service":"fms-core","version":"1.0.0","environment":"default"}
{"@timestamp":"2026-03-11T09:31:57.3605441+05:30","level":"INFO","logger_name":"net.com.fms_core.controller.TransactionController","message":"Generating ML-based intelligent rules with pre-trained models...","service":"fms-core","version":"1.0.0","environment":"default"}
{"@timestamp":"2026-03-11T09:31:57.3615491+05:30","level":"INFO","logger_name":"net.com.fms_core.service.impl.script.ProductionRuleGenerationService","message":"Generating advanced ML-based rules with trained models...","service":"fms-core","version":"1.0.0","environment":"default"}
{"@timestamp":"2026-03-11T09:32:00.9415374+05:30","level":"INFO","logger_name":"net.com.fms_core.service.impl.script.ProductionRuleGenerationService","message":"Advanced ML rule generation completed with exit code: 0","service":"fms-core","version":"1.0.0","environment":"default"}
{"@timestamp":"2026-03-11T09:32:15.7741844+05:30","level":"INFO","logger_name":"com.netflix.discovery.shared.resolver.aws.ConfigClusterResolver","message":"Resolving eureka endpoints via configuration","service":"fms-core","version":"1.0.0","environment":"default"}
{"@timestamp":"2026-03-11T09:37:15.7792699+05:30","level":"INFO","logger_name":"com.netflix.discovery.shared.resolver.aws.ConfigClusterResolver","message":"Resolving eureka endpoints via configuration","service":"fms-core","version":"1.0.0","environment":"default"}
{"@timestamp":"2026-03-11T09:42:15.8013545+05:30","level":"INFO","logger_name":"com.netflix.discovery.shared.resolver.aws.ConfigClusterResolver","message":"Resolving eureka endpoints via configuration","service":"fms-core","version":"1.0.0","environment":"default"}
{"@timestamp":"2026-03-11T09:43:48.4798078+05:30","level":"INFO","logger_name":"net.com.fms_core.controller.TransactionController","message":"Generating ML-based intelligent rules with pre-trained models...","service":"fms-core","version":"1.0.0","environment":"default"}
{"@timestamp":"2026-03-11T09:43:48.4808101+05:30","level":"INFO","logger_name":"net.com.fms_core.service.impl.script.ProductionRuleGenerationService","message":"Generating advanced ML-based rules with trained models...","service":"fms-core","version":"1.0.0","environment":"default"}
{"@timestamp":"2026-03-11T09:43:56.7749184+05:30","level":"INFO","logger_name":"net.com.fms_core.service.impl.script.ProductionRuleGenerationService","message":"Advanced ML rule generation completed with exit code: 0","service":"fms-core","version":"1.0.0","environment":"default"}
{"@timestamp":"2026-03-11T09:44:26.9890853+05:30","level":"INFO","logger_name":"net.com.fms_core.controller.TransactionController","message":"Generating ML-based intelligent rules with pre-trained models...","service":"fms-core","version":"1.0.0","environment":"default"}
{"@timestamp":"2026-03-11T09:44:26.9890853+05:30","level":"INFO","logger_name":"net.com.fms_core.service.impl.script.ProductionRuleGenerationService","message":"Generating advanced ML-based rules with trained models...","service":"fms-core","version":"1.0.0","environment":"default"}
{"@timestamp":"2026-03-11T09:44:32.5761572+05:30","level":"INFO","logger_name":"net.com.fms_core.service.impl.script.ProductionRuleGenerationService","message":"Advanced ML rule generation completed with exit code: 0","service":"fms-core","version":"1.0.0","environment":"default"}
{"@timestamp":"2026-03-11T09:44:59.2777353+05:30","level":"INFO","logger_name":"net.com.fms_core.controller.TransactionController","message":"Generating ML-based intelligent rules with pre-trained models...","service":"fms-core","version":"1.0.0","environment":"default"}
{"@timestamp":"2026-03-11T09:44:59.278517+05:30","level":"INFO","logger_name":"net.com.fms_core.service.impl.script.ProductionRuleGenerationService","message":"Generating advanced ML-based rules with trained models...","service":"fms-core","version":"1.0.0","environment":"default"}
{"@timestamp":"2026-03-11T09:45:06.2628453+05:30","level":"INFO","logger_name":"net.com.fms_core.service.impl.script.ProductionRuleGenerationService","message":"Advanced ML rule generation completed with exit code: 0","service":"fms-core","version":"1.0.0","environment":"default"}
{"@timestamp":"2026-03-11T09:47:15.8198295+05:30","level":"INFO","logger_name":"com.netflix.discovery.shared.resolver.aws.ConfigClusterResolver","message":"Resolving eureka endpoints via configuration","service":"fms-core","version":"1.0.0","environment":"default"}
{"@timestamp":"2026-03-11T09:47:27.2690053+05:30","level":"INFO","logger_name":"org.springframework.cloud.netflix.eureka.serviceregistry.EurekaServiceRegistry","message":"Unregistering application FMS_CORE with eureka with status DOWN","service":"fms-core","version":"1.0.0","environment":"default"}
{"@timestamp":"2026-03-11T09:47:27.2696171+05:30","level":"INFO","logger_name":"com.netflix.discovery.DiscoveryClient","message":"Saw local status change event StatusChangeEvent [timestamp=1773202647269, current=DOWN, previous=UP]","service":"fms-core","version":"1.0.0","environment":"default"}
{"@timestamp":"2026-03-11T09:47:27.2696171+05:30","level":"INFO","logger_name":"com.netflix.discovery.DiscoveryClient","message":"DiscoveryClient_FMS_CORE/KAVINDA5242.mshome.net:fms_core:8084: registering service...","service":"fms-core","version":"1.0.0","environment":"default"}
{"@timestamp":"2026-03-11T09:47:27.2754951+05:30","level":"INFO","logger_name":"org.springframework.boot.web.embedded.tomcat.GracefulShutdown","message":"Commencing graceful shutdown. Waiting for active requests to complete","service":"fms-core","version":"1.0.0","environment":"default"}
{"@timestamp":"2026-03-11T09:47:27.2927677+05:30","level":"INFO","logger_name":"com.netflix.discovery.DiscoveryClient","message":"DiscoveryClient_FMS_CORE/KAVINDA5242.mshome.net:fms_core:8084 - registration status: 204","service":"fms-core","version":"1.0.0","environment":"default"}
{"@timestamp":"2026-03-11T09:47:27.312592+05:30","level":"INFO","logger_name":"org.springframework.boot.web.embedded.tomcat.GracefulShutdown","message":"Graceful shutdown complete","service":"fms-core","version":"1.0.0","environment":"default"}
{"@timestamp":"2026-03-11T09:47:27.317492+05:30","level":"INFO","logger_name":"org.springframework.messaging.simp.broker.SimpleBrokerMessageHandler","message":"Stopping...","service":"fms-core","version":"1.0.0","environment":"default"}
{"@timestamp":"2026-03-11T09:47:27.3185127+05:30","level":"INFO","logger_name":"org.springframework.messaging.simp.broker.SimpleBrokerMessageHandler","message":"BrokerAvailabilityEvent[available=false, SimpleBrokerMessageHandler [org.springframework.messaging.simp.broker.DefaultSubscriptionRegistry@daab767]]","service":"fms-core","version":"1.0.0","environment":"default"}
{"@timestamp":"2026-03-11T09:47:27.3185127+05:30","level":"INFO","logger_name":"org.springframework.messaging.simp.broker.SimpleBrokerMessageHandler","message":"Stopped.","service":"fms-core","version":"1.0.0","environment":"default"}
{"@timestamp":"2026-03-11T09:47:27.3494938+05:30","level":"INFO","logger_name":"org.springframework.orm.jpa.LocalContainerEntityManagerFactoryBean","message":"Closing JPA EntityManagerFactory for persistence unit 'default'","service":"fms-core","version":"1.0.0","environment":"default"}
{"@timestamp":"2026-03-11T09:47:27.3594924+05:30","level":"INFO","logger_name":"com.zaxxer.hikari.HikariDataSource","message":"HikariPool-1 - Shutdown initiated...","service":"fms-core","version":"1.0.0","environment":"default"}
{"@timestamp":"2026-03-11T09:47:27.3774946+05:30","level":"INFO","logger_name":"com.zaxxer.hikari.HikariDataSource","message":"HikariPool-1 - Shutdown completed.","service":"fms-core","version":"1.0.0","environment":"default"}
{"@timestamp":"2026-03-11T09:47:27.3788323+05:30","level":"INFO","logger_name":"com.netflix.discovery.DiscoveryClient","message":"Shutting down DiscoveryClient ...","service":"fms-core","version":"1.0.0","environment":"default"}
{"@timestamp":"2026-03-11T09:47:49.8786424+05:30","level":"INFO","logger_name":"net.com.fms_core.FmsCoreApplication","message":"Starting FmsCoreApplication using Java 21.0.2 with PID 21904 (C:\\Users\\kavinda_d\\Documents\\e soft\\final project\\project\\fms backend\\fms_core\\target\\classes started by kavinda_d in C:\\Users\\kavinda_d\\Documents\\e soft\\final project\\project\\fms backend)","service":"fms-core","version":"1.0.0","environment":"default"}
{"@timestamp":"2026-03-11T09:47:49.8952681+05:30","level":"DEBUG","logger_name":"net.com.fms_core.FmsCoreApplication","message":"Running with Spring Boot v3.4.4, Spring v6.2.5","service":"fms-core","version":"1.0.0","environment":"default"}
{"@timestamp":"2026-03-11T09:47:49.8966407+05:30","level":"INFO","logger_name":"net.com.fms_core.FmsCoreApplication","message":"The following 1 profile is active: \"dev\"","service":"fms-core","version":"1.0.0","environment":"default"}
{"@timestamp":"2026-03-11T09:47:49.9779729+05:30","level":"INFO","logger_name":"org.springframework.cloud.config.client.ConfigServerConfigDataLoader","message":"Fetching config from server at : http://localhost:8888","service":"fms-core","version":"1.0.0","environment":"default"}
{"@timestamp":"2026-03-11T09:47:49.9789745+05:30","level":"INFO","logger_name":"org.springframework.cloud.config.client.ConfigServerConfigDataLoader","message":"Located environment: name=fms_core, profiles=[dev], label=null, version=null, state=null","service":"fms-core","version":"1.0.0","environment":"default"}
{"@timestamp":"2026-03-11T09:47:49.9819751+05:30","level":"INFO","logger_name":"org.springframework.boot.devtools.env.DevToolsPropertyDefaultsPostProcessor","message":"Devtools property defaults active! Set 'spring.devtools.add-properties' to 'false' to disable","service":"fms-core","version":"1.0.0","environment":"default"}
{"@timestamp":"2026-03-11T09:47:49.9829766+05:30","level":"INFO","logger_name":"org.springframework.boot.devtools.env.DevToolsPropertyDefaultsPostProcessor","message":"For additional web related logging consider setting the 'logging.level.web' property to 'DEBUG'","service":"fms-core","version":"1.0.0","environment":"default"}
{"@timestamp":"2026-03-11T09:47:53.4089618+05:30","level":"INFO","logger_name":"org.springframework.data.repository.config.RepositoryConfigurationDelegate","message":"Bootstrapping Spring Data JPA repositories in DEFAULT mode.","service":"fms-core","version":"1.0.0","environment":"default"}
{"@timestamp":"2026-03-11T09:47:53.9335723+05:30","level":"INFO","logger_name":"org.springframework.data.repository.config.RepositoryConfigurationDelegate","message":"Finished Spring Data repository scanning in 494 ms. Found 23 JPA repository interfaces.","service":"fms-core","version":"1.0.0","environment":"default"}
{"@timestamp":"2026-03-11T09:47:54.6234378+05:30","level":"INFO","logger_name":"org.springframework.cloud.context.scope.GenericScope","message":"BeanFactory id=00be10ca-805b-33a6-ba0f-6f93d757e18b","service":"fms-core","version":"1.0.0","environment":"default"}
{"@timestamp":"2026-03-11T09:47:55.9943251+05:30","level":"INFO","logger_name":"org.springframework.boot.web.embedded.tomcat.TomcatWebServer","message":"Tomcat initialized with port 8084 (http)","service":"fms-core","version":"1.0.0","environment":"default"}
{"@timestamp":"2026-03-11T09:47:56.0123582+05:30","level":"INFO","logger_name":"org.apache.catalina.core.StandardService","message":"Starting service [Tomcat]","service":"fms-core","version":"1.0.0","environment":"default"}
{"@timestamp":"2026-03-11T09:47:56.0133322+05:30","level":"INFO","logger_name":"org.apache.catalina.core.StandardEngine","message":"Starting Servlet engine: [Apache Tomcat/10.1.39]","service":"fms-core","version":"1.0.0","environment":"default"}
{"@timestamp":"2026-03-11T09:47:56.0883963+05:30","level":"INFO","logger_name":"org.apache.catalina.core.ContainerBase.[Tomcat].[localhost].[/fms-core-service]","message":"Initializing Spring embedded WebApplicationContext","service":"fms-core","version":"1.0.0","environment":"default"}
{"@timestamp":"2026-03-11T09:47:56.0883963+05:30","level":"INFO","logger_name":"org.springframework.boot.web.servlet.context.ServletWebServerApplicationContext","message":"Root WebApplicationContext: initialization completed in 6106 ms","service":"fms-core","version":"1.0.0","environment":"default"}
{"@timestamp":"2026-03-11T09:47:56.6574579+05:30","level":"INFO","logger_name":"com.zaxxer.hikari.HikariDataSource","message":"HikariPool-1 - Starting...","service":"fms-core","version":"1.0.0","environment":"default"}
{"@timestamp":"2026-03-11T09:47:56.8484592+05:30","level":"INFO","logger_name":"com.zaxxer.hikari.pool.HikariPool","message":"HikariPool-1 - Added connection com.mysql.cj.jdbc.ConnectionImpl@5916d6ef","service":"fms-core","version":"1.0.0","environment":"default"}
{"@timestamp":"2026-03-11T09:47:56.8504239+05:30","level":"INFO","logger_name":"com.zaxxer.hikari.HikariDataSource","message":"HikariPool-1 - Start completed.","service":"fms-core","version":"1.0.0","environment":"default"}
{"@timestamp":"2026-03-11T09:47:56.9274247+05:30","level":"INFO","logger_name":"org.hibernate.jpa.internal.util.LogHelper","message":"HHH000204: Processing PersistenceUnitInfo [name: default]","service":"fms-core","version":"1.0.0","environment":"default"}
{"@timestamp":"2026-03-11T09:47:57.0714271+05:30","level":"INFO","logger_name":"org.hibernate.Version","message":"HHH000412: Hibernate ORM core version 6.6.11.Final","service":"fms-core","version":"1.0.0","environment":"default"}
{"@timestamp":"2026-03-11T09:47:57.1594288+05:30","level":"INFO","logger_name":"org.hibernate.cache.internal.RegionFactoryInitiator","message":"HHH000026: Second-level cache disabled","service":"fms-core","version":"1.0.0","environment":"default"}
{"@timestamp":"2026-03-11T09:47:57.6904322+05:30","level":"INFO","logger_name":"org.springframework.orm.jpa.persistenceunit.SpringPersistenceUnitInfo","message":"No LoadTimeWeaver setup: ignoring JPA class transformer","service":"fms-core","version":"1.0.0","environment":"default"}
{"@timestamp":"2026-03-11T09:47:57.8865275+05:30","level":"INFO","logger_name":"org.hibernate.orm.connections.pooling","message":"HHH10001005: Database info:\n\tDatabase JDBC URL [Connecting through datasource 'HikariDataSource (HikariPool-1)']\n\tDatabase driver: undefined/unknown\n\tDatabase version: 8.1\n\tAutocommit mode: undefined/unknown\n\tIsolation level: undefined/unknown\n\tMinimum pool size: undefined/unknown\n\tMaximum pool size: undefined/unknown","service":"fms-core","version":"1.0.0","environment":"default"}
{"@timestamp":"2026-03-11T09:48:00.9134457+05:30","level":"INFO","logger_name":"org.hibernate.engine.transaction.jta.platform.internal.JtaPlatformInitiator","message":"HHH000489: No JTA platform available (set 'hibernate.transaction.jta.platform' to enable JTA platform integration)","service":"fms-core","version":"1.0.0","environment":"default"}
{"@timestamp":"2026-03-11T09:48:01.3844842+05:30","level":"INFO","logger_name":"org.springframework.orm.jpa.LocalContainerEntityManagerFactoryBean","message":"Initialized JPA EntityManagerFactory for persistence unit 'default'","service":"fms-core","version":"1.0.0","environment":"default"}
{"@timestamp":"2026-03-11T09:48:01.7184523+05:30","level":"INFO","logger_name":"org.springframework.data.jpa.repository.query.QueryEnhancerFactory","message":"Hibernate is in classpath; If applicable, HQL parser will be used.","service":"fms-core","version":"1.0.0","environment":"default"}
{"@timestamp":"2026-03-11T09:48:06.6835063+05:30","level":"WARN","logger_name":"org.drools.compiler.kie.builder.impl.KieBuilderImpl","message":"File 'ai-rules/default.drl' is in folder 'ai-rules' but declares package 'net.com.fms_core.ai.rules'. It is advised to have a correspondance between package and folder names.","service":"fms-core","version":"1.0.0","environment":"default"}
{"@timestamp":"2026-03-11T09:48:08.5546863+05:30","level":"INFO","logger_name":"net.com.fms_core.service.impl.AIKieService","message":"AI KIE base initialized successfully","service":"fms-core","version":"1.0.0","environment":"default"}
{"@timestamp":"2026-03-11T09:48:09.6494968+05:30","level":"WARN","logger_name":"org.springframework.boot.autoconfigure.orm.jpa.JpaBaseConfiguration$JpaWebConfiguration","message":"spring.jpa.open-in-view is enabled by default. Therefore, database queries may be performed during view rendering. Explicitly configure spring.jpa.open-in-view to disable this warning","service":"fms-core","version":"1.0.0","environment":"default"}
{"@timestamp":"2026-03-11T09:48:09.6914956+05:30","level":"INFO","logger_name":"org.springframework.validation.beanvalidation.OptionalValidatorFactoryBean","message":"Failed to set up a Bean Validation provider: jakarta.validation.NoProviderFoundException: Unable to create a Configuration, because no Jakarta Bean Validation provider could be found. Add a provider like Hibernate Validator (RI) to your classpath.","service":"fms-core","version":"1.0.0","environment":"default"}
{"@timestamp":"2026-03-11T09:48:11.1825447+05:30","level":"WARN","logger_name":"org.springframework.boot.devtools.autoconfigure.OptionalLiveReloadServer","message":"Unable to start LiveReload server","service":"fms-core","version":"1.0.0","environment":"default"}
{"@timestamp":"2026-03-11T09:48:11.2415078+05:30","level":"INFO","logger_name":"org.springframework.cloud.netflix.eureka.config.DiscoveryClientOptionalArgsConfiguration","message":"Eureka HTTP Client uses RestTemplate.","service":"fms-core","version":"1.0.0","environment":"default"}
{"@timestamp":"2026-03-11T09:48:11.336538+05:30","level":"WARN","logger_name":"org.springframework.cloud.loadbalancer.config.LoadBalancerCacheAutoConfiguration$LoadBalancerCaffeineWarnLogger","message":"Spring Cloud LoadBalancer is currently working with the default cache. While this cache implementation is useful for development and tests, it's recommended to use Caffeine cache in production.You can switch to using Caffeine cache, by adding it and org.springframework.cache.caffeine.CaffeineCacheManager to the classpath.","service":"fms-core","version":"1.0.0","environment":"default"}
{"@timestamp":"2026-03-11T09:48:11.3545319+05:30","level":"INFO","logger_name":"org.springframework.boot.actuate.endpoint.web.EndpointLinksResolver","message":"Exposing 6 endpoints beneath base path '/actuator'","service":"fms-core","version":"1.0.0","environment":"default"}
{"@timestamp":"2026-03-11T09:48:11.5085098+05:30","level":"INFO","logger_name":"org.springframework.messaging.simp.broker.SimpleBrokerMessageHandler","message":"Starting...","service":"fms-core","version":"1.0.0","environment":"default"}
{"@timestamp":"2026-03-11T09:48:11.5107777+05:30","level":"INFO","logger_name":"org.springframework.messaging.simp.broker.SimpleBrokerMessageHandler","message":"BrokerAvailabilityEvent[available=true, SimpleBrokerMessageHandler [org.springframework.messaging.simp.broker.DefaultSubscriptionRegistry@86c49fd]]","service":"fms-core","version":"1.0.0","environment":"default"}
{"@timestamp":"2026-03-11T09:48:11.5135269+05:30","level":"INFO","logger_name":"org.springframework.messaging.simp.broker.SimpleBrokerMessageHandler","message":"Started.","service":"fms-core","version":"1.0.0","environment":"default"}
{"@timestamp":"2026-03-11T09:48:11.5315097+05:30","level":"INFO","logger_name":"org.springframework.cloud.netflix.eureka.InstanceInfoFactory","message":"Setting initial instance status as: STARTING","service":"fms-core","version":"1.0.0","environment":"default"}
{"@timestamp":"2026-03-11T09:48:11.5665075+05:30","level":"INFO","logger_name":"com.netflix.discovery.DiscoveryClient","message":"Initializing Eureka in region us-east-1","service":"fms-core","version":"1.0.0","environment":"default"}
{"@timestamp":"2026-03-11T09:48:11.5705061+05:30","level":"INFO","logger_name":"com.netflix.discovery.shared.resolver.aws.ConfigClusterResolver","message":"Resolving eureka endpoints via configuration","service":"fms-core","version":"1.0.0","environment":"default"}
{"@timestamp":"2026-03-11T09:48:11.5825049+05:30","level":"INFO","logger_name":"com.netflix.discovery.DiscoveryClient","message":"Disable delta property : false","service":"fms-core","version":"1.0.0","environment":"default"}
{"@timestamp":"2026-03-11T09:48:11.5825049+05:30","level":"INFO","logger_name":"com.netflix.discovery.DiscoveryClient","message":"Single vip registry refresh property : null","service":"fms-core","version":"1.0.0","environment":"default"}
{"@timestamp":"2026-03-11T09:48:11.5825049+05:30","level":"INFO","logger_name":"com.netflix.discovery.DiscoveryClient","message":"Force full registry fetch : false","service":"fms-core","version":"1.0.0","environment":"default"}
{"@timestamp":"2026-03-11T09:48:11.5825049+05:30","level":"INFO","logger_name":"com.netflix.discovery.DiscoveryClient","message":"Application is null : false","service":"fms-core","version":"1.0.0","environment":"default"}
{"@timestamp":"2026-03-11T09:48:11.5825049+05:30","level":"INFO","logger_name":"com.netflix.discovery.DiscoveryClient","message":"Registered Applications size is zero : true","service":"fms-core","version":"1.0.0","environment":"default"}
{"@timestamp":"2026-03-11T09:48:11.5835091+05:30","level":"INFO","logger_name":"com.netflix.discovery.DiscoveryClient","message":"Application version is -1: true","service":"fms-core","version":"1.0.0","environment":"default"}
{"@timestamp":"2026-03-11T09:48:11.5835091+05:30","level":"INFO","logger_name":"com.netflix.discovery.DiscoveryClient","message":"Getting all instance registry info from the eureka server","service":"fms-core","version":"1.0.0","environment":"default"}
{"@timestamp":"2026-03-11T09:48:12.0635106+05:30","level":"INFO","logger_name":"com.netflix.discovery.DiscoveryClient","message":"The response status is 200","service":"fms-core","version":"1.0.0","environment":"default"}
{"@timestamp":"2026-03-11T09:48:12.0675091+05:30","level":"INFO","logger_name":"com.netflix.discovery.DiscoveryClient","message":"Starting heartbeat executor: renew interval is: 30","service":"fms-core","version":"1.0.0","environment":"default"}
{"@timestamp":"2026-03-11T09:48:12.0705094+05:30","level":"INFO","logger_name":"com.netflix.discovery.InstanceInfoReplicator","message":"InstanceInfoReplicator onDemand update allowed rate per min is 4","service":"fms-core","version":"1.0.0","environment":"default"}
{"@timestamp":"2026-03-11T09:48:12.0725086+05:30","level":"INFO","logger_name":"com.netflix.discovery.DiscoveryClient","message":"Discovery Client initialized at timestamp 1773202692072 with initial instances count: 4","service":"fms-core","version":"1.0.0","environment":"default"}
{"@timestamp":"2026-03-11T09:48:12.0935159+05:30","level":"INFO","logger_name":"org.springframework.cloud.netflix.eureka.serviceregistry.EurekaServiceRegistry","message":"Registering application FMS_CORE with eureka with status UP","service":"fms-core","version":"1.0.0","environment":"default"}
{"@timestamp":"2026-03-11T09:48:12.0945093+05:30","level":"INFO","logger_name":"com.netflix.discovery.DiscoveryClient","message":"Saw local status change event StatusChangeEvent [timestamp=1773202692094, current=UP, previous=STARTING]","service":"fms-core","version":"1.0.0","environment":"default"}
{"@timestamp":"2026-03-11T09:48:12.0975234+05:30","level":"INFO","logger_name":"com.netflix.discovery.DiscoveryClient","message":"DiscoveryClient_FMS_CORE/KAVINDA5242.mshome.net:fms_core:8084: registering service...","service":"fms-core","version":"1.0.0","environment":"default"}
{"@timestamp":"2026-03-11T09:48:12.1395338+05:30","level":"INFO","logger_name":"org.springframework.boot.web.embedded.tomcat.TomcatWebServer","message":"Tomcat started on port 8084 (http) with context path '/fms-core-service'","service":"fms-core","version":"1.0.0","environment":"default"}
{"@timestamp":"2026-03-11T09:48:12.1405115+05:30","level":"INFO","logger_name":"org.springframework.cloud.netflix.eureka.serviceregistry.EurekaAutoServiceRegistration","message":"Updating port to 8084","service":"fms-core","version":"1.0.0","environment":"default"}
{"@timestamp":"2026-03-11T09:48:12.164512+05:30","level":"INFO","logger_name":"com.netflix.discovery.DiscoveryClient","message":"DiscoveryClient_FMS_CORE/KAVINDA5242.mshome.net:fms_core:8084 - registration status: 204","service":"fms-core","version":"1.0.0","environment":"default"}
{"@timestamp":"2026-03-11T09:48:12.1910928+05:30","level":"INFO","logger_name":"net.com.fms_core.FmsCoreApplication","message":"Started FmsCoreApplication in 24.865 seconds (process running for 29.831)","service":"fms-core","version":"1.0.0","environment":"default"}
{"@timestamp":"2026-03-11T09:48:13.0205244+05:30","level":"INFO","logger_name":"net.com.fms_core.controller.RiskController","message":"rulesList.size = 1","service":"fms-core","version":"1.0.0","environment":"default"}
{"@timestamp":"2026-03-11T09:48:13.3115168+05:30","level":"INFO","logger_name":"org.drools.compiler.kie.builder.impl.KieContainerImpl","message":"Start creation of KieBase: defaultKieBase","service":"fms-core","version":"1.0.0","environment":"default"}
{"@timestamp":"2026-03-11T09:48:13.4575522+05:30","level":"INFO","logger_name":"org.drools.compiler.kie.builder.impl.KieContainerImpl","message":"End creation of KieBase: defaultKieBase","service":"fms-core","version":"1.0.0","environment":"default"}
{"@timestamp":"2026-03-11T09:48:13.4725545+05:30","level":"INFO","logger_name":"net.com.fms_core.config.SocketListener","message":"✅ FMS Receiver is listening on port 5000","service":"fms-core","version":"1.0.0","environment":"default"}
{"@timestamp":"2026-03-11T09:49:11.4181024+05:30","level":"INFO","logger_name":"org.springframework.web.socket.config.WebSocketMessageBrokerStats","message":"WebSocketSession[0 current WS(0)-HttpStream(0)-HttpPoll(0), 0 total, 0 closed abnormally (0 connect failure, 0 send limit, 0 transport error)], stompSubProtocol[processed CONNECT(0)-CONNECTED(0)-DISCONNECT(0)], stompBrokerRelay[null], inboundChannel[pool size = 0, active threads = 0, queued tasks = 0, completed tasks = 0], outboundChannel[pool size = 0, active threads = 0, queued tasks = 0, completed tasks = 0], sockJsScheduler[pool size = 1, active threads = 1, queued tasks = 0, completed tasks = 0]","service":"fms-core","version":"1.0.0","environment":"default"}
{"@timestamp":"2026-03-11T09:53:11.5884373+05:30","level":"INFO","logger_name":"com.netflix.discovery.shared.resolver.aws.ConfigClusterResolver","message":"Resolving eureka endpoints via configuration","service":"fms-core","version":"1.0.0","environment":"default"}
{"@timestamp":"2026-03-11T09:53:13.1594685+05:30","level":"INFO","logger_name":"org.apache.catalina.core.ContainerBase.[Tomcat].[localhost].[/fms-core-service]","message":"Initializing Spring DispatcherServlet 'dispatcherServlet'","service":"fms-core","version":"1.0.0","environment":"default"}
{"@timestamp":"2026-03-11T09:53:13.1604444+05:30","level":"INFO","logger_name":"org.springframework.web.servlet.DispatcherServlet","message":"Initializing Servlet 'dispatcherServlet'","service":"fms-core","version":"1.0.0","environment":"default"}
{"@timestamp":"2026-03-11T09:53:13.1644404+05:30","level":"INFO","logger_name":"org.springframework.web.servlet.DispatcherServlet","message":"Completed initialization in 4 ms","service":"fms-core","version":"1.0.0","environment":"default"}
{"@timestamp":"2026-03-11T09:53:13.3214611+05:30","level":"INFO","logger_name":"net.com.fms_core.controller.TransactionController","message":"Generating ML-based intelligent rules with pre-trained models...","service":"fms-core","version":"1.0.0","environment":"default"}
{"@timestamp":"2026-03-11T09:53:13.3214611+05:30","level":"INFO","logger_name":"net.com.fms_core.service.impl.script.ProductionRuleGenerationService","message":"Generating advanced ML-based rules with trained models...","service":"fms-core","version":"1.0.0","environment":"default"}
{"@timestamp":"2026-03-11T09:53:18.1104825+05:30","level":"INFO","logger_name":"net.com.fms_core.service.impl.script.ProductionRuleGenerationService","message":"Advanced ML rule generation completed with exit code: 0","service":"fms-core","version":"1.0.0","environment":"default"}
{"@timestamp":"2026-03-11T09:55:21.9179093+05:30","level":"INFO","logger_name":"net.com.fms_core.controller.TransactionController","message":"Deploying dynamic rules to database and KIE base...","service":"fms-core","version":"1.0.0","environment":"default"}
{"@timestamp":"2026-03-11T09:55:21.9187929+05:30","level":"INFO","logger_name":"net.com.fms_core.service.impl.script.DynamicRuleGenerationService","message":"Starting deployment of dynamic rules to database and KIE base...","service":"fms-core","version":"1.0.0","environment":"default"}
{"@timestamp":"2026-03-11T09:55:21.9197942+05:30","level":"DEBUG","logger_name":"net.com.fms_core.service.impl.script.DynamicRuleGenerationService","message":"Cleaned rules content: import net.com.fms_core.dto.message.IsoMessageDTO;\n\nrule \"Statistical Fee Anomaly Detection\"\nwhen\n  $msg : IsoMessageDTO(fee_ratio > 0.036701683004906824)\nthen\n  $msg.setStatus(\"REVIEW\");\n  $msg.setConfidence(0.7115950011267447);\nend\n\n\n\nimport net.com.fms_core.dto.message.IsoMessageDTO;\n\nrule \"Adaptive Risk Profile Detection\"\nwhen\n  $msg : IsoMessageDTO(amount > 1000)\nthen\n  $msg.setStatus(\"REVIEW\");\n  $msg.setConfidence(0.8283297406353853);\nend\n\n\n\nimport net.com.fms_core.dto.message.IsoMessageD","service":"fms-core","version":"1.0.0","environment":"default"}
{"@timestamp":"2026-03-11T09:55:21.920791+05:30","level":"INFO","logger_name":"net.com.fms_core.service.impl.script.DynamicRuleGenerationService","message":"Expected to deploy 4 rules based on content analysis","service":"fms-core","version":"1.0.0","environment":"default"}
{"@timestamp":"2026-03-11T09:55:22.1028208+05:30","level":"INFO","logger_name":"net.com.fms_core.service.impl.script.DynamicRuleGenerationService","message":"Parsing 5 rule sections from content","service":"fms-core","version":"1.0.0","environment":"default"}
{"@timestamp":"2026-03-11T09:55:22.1199924+05:30","level":"INFO","logger_name":"net.com.fms_core.service.impl.script.DynamicRuleGenerationService","message":"Creating new rule: UnknownRule_1773203122103","service":"fms-core","version":"1.0.0","environment":"default"}
{"@timestamp":"2026-03-11T09:55:22.1499667+05:30","level":"INFO","logger_name":"net.com.fms_core.service.impl.script.DynamicRuleGenerationService","message":"Saved dynamic rule: UnknownRule_1773203122103 (ID: DYN_UnknownRule_1773203122103)","service":"fms-core","version":"1.0.0","environment":"default"}
{"@timestamp":"2026-03-11T09:55:22.1567912+05:30","level":"INFO","logger_name":"net.com.fms_core.service.impl.script.DynamicRuleGenerationService","message":"Creating new rule: Statistical Fee Anomaly Detection","service":"fms-core","version":"1.0.0","environment":"default"}
{"@timestamp":"2026-03-11T09:55:22.1778194+05:30","level":"INFO","logger_name":"net.com.fms_core.service.impl.script.DynamicRuleGenerationService","message":"Saved dynamic rule: Statistical Fee Anomaly Detection (ID: DYN_Statistical_Fee_Anomaly_Detection)","service":"fms-core","version":"1.0.0","environment":"default"}
{"@timestamp":"2026-03-11T09:55:22.1917948+05:30","level":"INFO","logger_name":"net.com.fms_core.service.impl.script.DynamicRuleGenerationService","message":"Creating new rule: Adaptive Risk Profile Detection","service":"fms-core","version":"1.0.0","environment":"default"}
{"@timestamp":"2026-03-11T09:55:22.2107931+05:30","level":"INFO","logger_name":"net.com.fms_core.service.impl.script.DynamicRuleGenerationService","message":"Saved dynamic rule: Adaptive Risk Profile Detection (ID: DYN_Adaptive_Risk_Profile_Detection)","service":"fms-core","version":"1.0.0","environment":"default"}
{"@timestamp":"2026-03-11T09:55:22.2157918+05:30","level":"INFO","logger_name":"net.com.fms_core.service.impl.script.DynamicRuleGenerationService","message":"Creating new rule: Dynamic Amount Cluster Analysis","service":"fms-core","version":"1.0.0","environment":"default"}
{"@timestamp":"2026-03-11T09:55:22.2328325+05:30","level":"INFO","logger_name":"net.com.fms_core.service.impl.script.DynamicRuleGenerationService","message":"Saved dynamic rule: Dynamic Amount Cluster Analysis (ID: DYN_Dynamic_Amount_Cluster_Analysis)","service":"fms-core","version":"1.0.0","environment":"default"}
{"@timestamp":"2026-03-11T09:55:22.2378317+05:30","level":"INFO","logger_name":"net.com.fms_core.service.impl.script.DynamicRuleGenerationService","message":"Creating new rule: Dynamic Merchant Risk Analysis","service":"fms-core","version":"1.0.0","environment":"default"}
{"@timestamp":"2026-03-11T09:55:22.3336311+05:30","level":"INFO","logger_name":"net.com.fms_core.service.impl.script.DynamicRuleGenerationService","message":"Saved dynamic rule: Dynamic Merchant Risk Analysis (ID: DYN_Dynamic_Merchant_Risk_Analysis)","service":"fms-core","version":"1.0.0","environment":"default"}
{"@timestamp":"2026-03-11T09:55:22.3339561+05:30","level":"INFO","logger_name":"net.com.fms_core.service.impl.script.DynamicRuleGenerationService","message":"Successfully parsed and saved 5 rules out of 5 sections","service":"fms-core","version":"1.0.0","environment":"default"}
{"@timestamp":"2026-03-11T09:55:22.3347957+05:30","level":"INFO","logger_name":"net.com.fms_core.service.impl.AIKieService","message":"Cleared existing AI KIE container","service":"fms-core","version":"1.0.0","environment":"default"}
{"@timestamp":"2026-03-11T09:55:22.7809342+05:30","level":"ERROR","logger_name":"org.drools.compiler.kie.builder.impl.KieProject","message":"Unable to build KieBaseModel:defaultKieBase\n[3,44]: [ERR 102] Line 3:44 mismatched input 'in' in rule \"Dynamic Merchant Risk Analysis\"\n[0,0]: Parser returned a null Package\nUnable to Analyse Expression fee_ratio > 0.036701683004906824:\n[Error: unable to resolve method using strict-mode: net.com.fms_core.dto.message.IsoMessageDTO.fee_ratio()]\n[Near : {... fee_ratio > 0.0367016830049068 ....}]\n             ^\n[Line: 3, Column: 2] : [Rule name='Statistical Fee Anomaly Detection']\n\nRule Compilation error : [Rule name='Dynamic Amount Cluster Analysis']\n\tThe method setConfidence(double) is undefined for the type IsoMessageDTO\n\nRule Compilation error : [Rule name='Adaptive Risk Profile Detection']\n\tThe method setConfidence(double) is undefined for the type IsoMessageDTO\n\nRule Compilation error : [Rule name='Statistical Fee Anomaly Detection']\n\tThe method setConfidence(double) is undefined for the type IsoMessageDTO\n\n","service":"fms-core","version":"1.0.0","environment":"default"}
{"@timestamp":"2026-03-11T09:55:22.7809342+05:30","level":"ERROR","logger_name":"net.com.fms_core.service.impl.AIKieService","message":"AI rules build errors: [Message [id=1, kieBase=defaultKieBase, level=ERROR, path=ai-rules/rule_4.drl, line=3, column=0\n   text=[ERR 102] Line 3:44 mismatched input 'in' in rule \"Dynamic Merchant Risk Analysis\"], Message [id=2, kieBase=defaultKieBase, level=ERROR, path=ai-rules/rule_4.drl, line=0, column=0\n   text=Parser returned a null Package], Message [id=3, kieBase=defaultKieBase, level=ERROR, path=ai-rules/rule_1.drl, line=3, column=0\n   text=Unable to Analyse Expression fee_ratio > 0.036701683004906824:\n[Error: unable to resolve method using strict-mode: net.com.fms_core.dto.message.IsoMessageDTO.fee_ratio()]\n[Near : {... fee_ratio > 0.0367016830049068 ....}]\n             ^\n[Line: 3, Column: 2]], Message [id=4, kieBase=defaultKieBase, level=ERROR, path=ai-rules/rule_3.drl, line=1, column=0\n   text=Rule Compilation error The method setConfidence(double) is undefined for the type IsoMessageDTO], Message [id=5, kieBase=defaultKieBase, level=ERROR, path=ai-rules/rule_2.drl, line=1, column=0\n   text=Rule Compilation error The method setConfidence(double) is undefined for the type IsoMessageDTO], Message [id=6, kieBase=defaultKieBase, level=ERROR, path=ai-rules/rule_1.drl, line=1, column=0\n   text=Rule Compilation error The method setConfidence(double) is undefined for the type IsoMessageDTO]]","service":"fms-core","version":"1.0.0","environment":"default"}
{"@timestamp":"2026-03-11T09:55:22.7817938+05:30","level":"ERROR","logger_name":"net.com.fms_core.service.impl.AIKieService","message":"Failed to deploy AI rules","service":"fms-core","version":"1.0.0","environment":"default"}
{"@timestamp":"2026-03-11T09:55:22.785024+05:30","level":"ERROR","logger_name":"net.com.fms_core.service.impl.script.DynamicRuleGenerationService","message":"Failed to deploy dynamic rules: AI rules deployment failed","service":"fms-core","version":"1.0.0","environment":"default"}
{"@timestamp":"2026-03-11T09:55:22.7860277+05:30","level":"INFO","logger_name":"net.com.fms_core.service.impl.script.DynamicRuleGenerationService","message":"Successfully completed deployment of 4 rules","service":"fms-core","version":"1.0.0","environment":"default"}
{"@timestamp":"2026-03-11T09:55:57.0821498+05:30","level":"INFO","logger_name":"org.springframework.cloud.netflix.eureka.serviceregistry.EurekaServiceRegistry","message":"Unregistering application FMS_CORE with eureka with status DOWN","service":"fms-core","version":"1.0.0","environment":"default"}
{"@timestamp":"2026-03-11T09:55:57.0828505+05:30","level":"INFO","logger_name":"com.netflix.discovery.DiscoveryClient","message":"Saw local status change event StatusChangeEvent [timestamp=1773203157082, current=DOWN, previous=UP]","service":"fms-core","version":"1.0.0","environment":"default"}
{"@timestamp":"2026-03-11T09:55:57.0828505+05:30","level":"INFO","logger_name":"com.netflix.discovery.DiscoveryClient","message":"DiscoveryClient_FMS_CORE/KAVINDA5242.mshome.net:fms_core:8084: registering service...","service":"fms-core","version":"1.0.0","environment":"default"}
{"@timestamp":"2026-03-11T09:55:57.0888777+05:30","level":"INFO","logger_name":"org.springframework.boot.web.embedded.tomcat.GracefulShutdown","message":"Commencing graceful shutdown. Waiting for active requests to complete","service":"fms-core","version":"1.0.0","environment":"default"}
{"@timestamp":"2026-03-11T09:55:57.097848+05:30","level":"INFO","logger_name":"com.netflix.discovery.DiscoveryClient","message":"DiscoveryClient_FMS_CORE/KAVINDA5242.mshome.net:fms_core:8084 - registration status: 204","service":"fms-core","version":"1.0.0","environment":"default"}
{"@timestamp":"2026-03-11T09:55:57.1048488+05:30","level":"INFO","logger_name":"org.springframework.boot.web.embedded.tomcat.GracefulShutdown","message":"Graceful shutdown complete","service":"fms-core","version":"1.0.0","environment":"default"}
{"@timestamp":"2026-03-11T09:55:57.1088448+05:30","level":"INFO","logger_name":"org.springframework.messaging.simp.broker.SimpleBrokerMessageHandler","message":"Stopping...","service":"fms-core","version":"1.0.0","environment":"default"}
{"@timestamp":"2026-03-11T09:55:57.1088448+05:30","level":"INFO","logger_name":"org.springframework.messaging.simp.broker.SimpleBrokerMessageHandler","message":"BrokerAvailabilityEvent[available=false, SimpleBrokerMessageHandler [org.springframework.messaging.simp.broker.DefaultSubscriptionRegistry@86c49fd]]","service":"fms-core","version":"1.0.0","environment":"default"}
{"@timestamp":"2026-03-11T09:55:57.1098496+05:30","level":"INFO","logger_name":"org.springframework.messaging.simp.broker.SimpleBrokerMessageHandler","message":"Stopped.","service":"fms-core","version":"1.0.0","environment":"default"}
{"@timestamp":"2026-03-11T09:55:57.135846+05:30","level":"INFO","logger_name":"org.springframework.orm.jpa.LocalContainerEntityManagerFactoryBean","message":"Closing JPA EntityManagerFactory for persistence unit 'default'","service":"fms-core","version":"1.0.0","environment":"default"}
{"@timestamp":"2026-03-11T09:55:57.1408462+05:30","level":"INFO","logger_name":"com.zaxxer.hikari.HikariDataSource","message":"HikariPool-1 - Shutdown initiated...","service":"fms-core","version":"1.0.0","environment":"default"}
{"@timestamp":"2026-03-11T09:55:57.1538474+05:30","level":"INFO","logger_name":"com.zaxxer.hikari.HikariDataSource","message":"HikariPool-1 - Shutdown completed.","service":"fms-core","version":"1.0.0","environment":"default"}
{"@timestamp":"2026-03-11T09:55:57.1548473+05:30","level":"INFO","logger_name":"com.netflix.discovery.DiscoveryClient","message":"Shutting down DiscoveryClient ...","service":"fms-core","version":"1.0.0","environment":"default"}
{"@timestamp":"2026-03-11T09:56:00.1669591+05:30","level":"INFO","logger_name":"com.netflix.discovery.DiscoveryClient","message":"Unregistering ...","service":"fms-core","version":"1.0.0","environment":"default"}
{"@timestamp":"2026-03-11T09:56:00.1843199+05:30","level":"INFO","logger_name":"com.netflix.discovery.DiscoveryClient","message":"DiscoveryClient_FMS_CORE/KAVINDA5242.mshome.net:fms_core:8084 - deregister  status: 200","service":"fms-core","version":"1.0.0","environment":"default"}
{"@timestamp":"2026-03-11T09:56:00.1849583+05:30","level":"INFO","logger_name":"com.netflix.discovery.DiscoveryClient","message":"Completed shut down of DiscoveryClient","service":"fms-core","version":"1.0.0","environment":"default"}
{"@timestamp":"2026-03-11T09:56:20.668021+05:30","level":"INFO","logger_name":"net.com.fms_core.FmsCoreApplication","message":"Starting FmsCoreApplication using Java 21.0.2 with PID 19080 (C:\\Users\\kavinda_d\\Documents\\e soft\\final project\\project\\fms backend\\fms_core\\target\\classes started by kavinda_d in C:\\Users\\kavinda_d\\Documents\\e soft\\final project\\project\\fms backend)","service":"fms-core","version":"1.0.0","environment":"default"}
{"@timestamp":"2026-03-11T09:56:20.6987196+05:30","level":"DEBUG","logger_name":"net.com.fms_core.FmsCoreApplication","message":"Running with Spring Boot v3.4.4, Spring v6.2.5","service":"fms-core","version":"1.0.0","environment":"default"}
{"@timestamp":"2026-03-11T09:56:20.6997222+05:30","level":"INFO","logger_name":"net.com.fms_core.FmsCoreApplication","message":"The following 1 profile is active: \"dev\"","service":"fms-core","version":"1.0.0","environment":"default"}
{"@timestamp":"2026-03-11T09:56:21.017034+05:30","level":"INFO","logger_name":"org.springframework.cloud.config.client.ConfigServerConfigDataLoader","message":"Fetching config from server at : http://localhost:8888","service":"fms-core","version":"1.0.0","environment":"default"}
{"@timestamp":"2026-03-11T09:56:21.0175721+05:30","level":"INFO","logger_name":"org.springframework.cloud.config.client.ConfigServerConfigDataLoader","message":"Located environment: name=fms_core, profiles=[dev], label=null, version=null, state=null","service":"fms-core","version":"1.0.0","environment":"default"}
{"@timestamp":"2026-03-11T09:56:21.0225097+05:30","level":"INFO","logger_name":"org.springframework.boot.devtools.env.DevToolsPropertyDefaultsPostProcessor","message":"Devtools property defaults active! Set 'spring.devtools.add-properties' to 'false' to disable","service":"fms-core","version":"1.0.0","environment":"default"}
{"@timestamp":"2026-03-11T09:56:21.023574+05:30","level":"INFO","logger_name":"org.springframework.boot.devtools.env.DevToolsPropertyDefaultsPostProcessor","message":"For additional web related logging consider setting the 'logging.level.web' property to 'DEBUG'","service":"fms-core","version":"1.0.0","environment":"default"}
{"@timestamp":"2026-03-11T09:56:25.4216534+05:30","level":"INFO","logger_name":"org.springframework.data.repository.config.RepositoryConfigurationDelegate","message":"Bootstrapping Spring Data JPA repositories in DEFAULT mode.","service":"fms-core","version":"1.0.0","environment":"default"}
{"@timestamp":"2026-03-11T09:56:26.233046+05:30","level":"INFO","logger_name":"org.springframework.data.repository.config.RepositoryConfigurationDelegate","message":"Finished Spring Data repository scanning in 788 ms. Found 23 JPA repository interfaces.","service":"fms-core","version":"1.0.0","environment":"default"}
{"@timestamp":"2026-03-11T09:56:27.1418986+05:30","level":"INFO","logger_name":"org.springframework.cloud.context.scope.GenericScope","message":"BeanFactory id=00be10ca-805b-33a6-ba0f-6f93d757e18b","service":"fms-core","version":"1.0.0","environment":"default"}
{"@timestamp":"2026-03-11T09:56:29.1602211+05:30","level":"INFO","logger_name":"org.springframework.boot.web.embedded.tomcat.TomcatWebServer","message":"Tomcat initialized with port 8084 (http)","service":"fms-core","version":"1.0.0","environment":"default"}
{"@timestamp":"2026-03-11T09:56:29.1862286+05:30","level":"INFO","logger_name":"org.apache.catalina.core.StandardService","message":"Starting service [Tomcat]","service":"fms-core","version":"1.0.0","environment":"default"}
{"@timestamp":"2026-03-11T09:56:29.1882328+05:30","level":"INFO","logger_name":"org.apache.catalina.core.StandardEngine","message":"Starting Servlet engine: [Apache Tomcat/10.1.39]","service":"fms-core","version":"1.0.0","environment":"default"}
{"@timestamp":"2026-03-11T09:56:29.301276+05:30","level":"INFO","logger_name":"org.apache.catalina.core.ContainerBase.[Tomcat].[localhost].[/fms-core-service]","message":"Initializing Spring embedded WebApplicationContext","service":"fms-core","version":"1.0.0","environment":"default"}
{"@timestamp":"2026-03-11T09:56:29.301276+05:30","level":"INFO","logger_name":"org.springframework.boot.web.servlet.context.ServletWebServerApplicationContext","message":"Root WebApplicationContext: initialization completed in 8276 ms","service":"fms-core","version":"1.0.0","environment":"default"}
{"@timestamp":"2026-03-11T09:56:30.2852254+05:30","level":"INFO","logger_name":"com.zaxxer.hikari.HikariDataSource","message":"HikariPool-1 - Starting...","service":"fms-core","version":"1.0.0","environment":"default"}
{"@timestamp":"2026-03-11T09:56:30.7692241+05:30","level":"INFO","logger_name":"com.zaxxer.hikari.pool.HikariPool","message":"HikariPool-1 - Added connection com.mysql.cj.jdbc.ConnectionImpl@714b9420","service":"fms-core","version":"1.0.0","environment":"default"}
{"@timestamp":"2026-03-11T09:56:30.7724282+05:30","level":"INFO","logger_name":"com.zaxxer.hikari.HikariDataSource","message":"HikariPool-1 - Start completed.","service":"fms-core","version":"1.0.0","environment":"default"}
{"@timestamp":"2026-03-11T09:56:30.8594467+05:30","level":"INFO","logger_name":"org.hibernate.jpa.internal.util.LogHelper","message":"HHH000204: Processing PersistenceUnitInfo [name: default]","service":"fms-core","version":"1.0.0","environment":"default"}
{"@timestamp":"2026-03-11T09:56:31.0012279+05:30","level":"INFO","logger_name":"org.hibernate.Version","message":"HHH000412: Hibernate ORM core version 6.6.11.Final","service":"fms-core","version":"1.0.0","environment":"default"}
{"@timestamp":"2026-03-11T09:56:31.082226+05:30","level":"INFO","logger_name":"org.hibernate.cache.internal.RegionFactoryInitiator","message":"HHH000026: Second-level cache disabled","service":"fms-core","version":"1.0.0","environment":"default"}
{"@timestamp":"2026-03-11T09:56:31.718225+05:30","level":"INFO","logger_name":"org.springframework.orm.jpa.persistenceunit.SpringPersistenceUnitInfo","message":"No LoadTimeWeaver setup: ignoring JPA class transformer","service":"fms-core","version":"1.0.0","environment":"default"}
{"@timestamp":"2026-03-11T09:56:31.9502311+05:30","level":"INFO","logger_name":"org.hibernate.orm.connections.pooling","message":"HHH10001005: Database info:\n\tDatabase JDBC URL [Connecting through datasource 'HikariDataSource (HikariPool-1)']\n\tDatabase driver: undefined/unknown\n\tDatabase version: 8.1\n\tAutocommit mode: undefined/unknown\n\tIsolation level: undefined/unknown\n\tMinimum pool size: undefined/unknown\n\tMaximum pool size: undefined/unknown","service":"fms-core","version":"1.0.0","environment":"default"}
{"@timestamp":"2026-03-11T09:56:37.9722496+05:30","level":"INFO","logger_name":"org.hibernate.engine.transaction.jta.platform.internal.JtaPlatformInitiator","message":"HHH000489: No JTA platform available (set 'hibernate.transaction.jta.platform' to enable JTA platform integration)","service":"fms-core","version":"1.0.0","environment":"default"}
{"@timestamp":"2026-03-11T09:56:38.7842573+05:30","level":"INFO","logger_name":"org.springframework.orm.jpa.LocalContainerEntityManagerFactoryBean","message":"Initialized JPA EntityManagerFactory for persistence unit 'default'","service":"fms-core","version":"1.0.0","environment":"default"}
{"@timestamp":"2026-03-11T09:56:39.4282487+05:30","level":"INFO","logger_name":"org.springframework.data.jpa.repository.query.QueryEnhancerFactory","message":"Hibernate is in classpath; If applicable, HQL parser will be used.","service":"fms-core","version":"1.0.0","environment":"default"}
{"@timestamp":"2026-03-11T09:56:46.5078031+05:30","level":"WARN","logger_name":"org.drools.compiler.kie.builder.impl.KieBuilderImpl","message":"File 'ai-rules/default.drl' is in folder 'ai-rules' but declares package 'net.com.fms_core.ai.rules'. It is advised to have a correspondance between package and folder names.","service":"fms-core","version":"1.0.0","environment":"default"}
{"@timestamp":"2026-03-11T09:56:48.1898107+05:30","level":"INFO","logger_name":"net.com.fms_core.service.impl.AIKieService","message":"AI KIE base initialized successfully","service":"fms-core","version":"1.0.0","environment":"default"}
{"@timestamp":"2026-03-11T09:56:50.7998838+05:30","level":"WARN","logger_name":"org.springframework.boot.autoconfigure.orm.jpa.JpaBaseConfiguration$JpaWebConfiguration","message":"spring.jpa.open-in-view is enabled by default. Therefore, database queries may be performed during view rendering. Explicitly configure spring.jpa.open-in-view to disable this warning","service":"fms-core","version":"1.0.0","environment":"default"}
{"@timestamp":"2026-03-11T09:56:50.9025469+05:30","level":"INFO","logger_name":"org.springframework.validation.beanvalidation.OptionalValidatorFactoryBean","message":"Failed to set up a Bean Validation provider: jakarta.validation.NoProviderFoundException: Unable to create a Configuration, because no Jakarta Bean Validation provider could be found. Add a provider like Hibernate Validator (RI) to your classpath.","service":"fms-core","version":"1.0.0","environment":"default"}
{"@timestamp":"2026-03-11T09:56:53.8655027+05:30","level":"WARN","logger_name":"org.springframework.boot.devtools.autoconfigure.OptionalLiveReloadServer","message":"Unable to start LiveReload server","service":"fms-core","version":"1.0.0","environment":"default"}
{"@timestamp":"2026-03-11T09:56:53.9770992+05:30","level":"INFO","logger_name":"org.springframework.cloud.netflix.eureka.config.DiscoveryClientOptionalArgsConfiguration","message":"Eureka HTTP Client uses RestTemplate.","service":"fms-core","version":"1.0.0","environment":"default"}
{"@timestamp":"2026-03-11T09:56:54.2335259+05:30","level":"WARN","logger_name":"org.springframework.cloud.loadbalancer.config.LoadBalancerCacheAutoConfiguration$LoadBalancerCaffeineWarnLogger","message":"Spring Cloud LoadBalancer is currently working with the default cache. While this cache implementation is useful for development and tests, it's recommended to use Caffeine cache in production.You can switch to using Caffeine cache, by adding it and org.springframework.cache.caffeine.CaffeineCacheManager to the classpath.","service":"fms-core","version":"1.0.0","environment":"default"}
{"@timestamp":"2026-03-11T09:56:54.2645647+05:30","level":"INFO","logger_name":"org.springframework.boot.actuate.endpoint.web.EndpointLinksResolver","message":"Exposing 6 endpoints beneath base path '/actuator'","service":"fms-core","version":"1.0.0","environment":"default"}
{"@timestamp":"2026-03-11T09:56:54.4960928+05:30","level":"INFO","logger_name":"org.springframework.messaging.simp.broker.SimpleBrokerMessageHandler","message":"Starting...","service":"fms-core","version":"1.0.0","environment":"default"}
{"@timestamp":"2026-03-11T09:56:54.4971138+05:30","level":"INFO","logger_name":"org.springframework.messaging.simp.broker.SimpleBrokerMessageHandler","message":"BrokerAvailabilityEvent[available=true, SimpleBrokerMessageHandler [org.springframework.messaging.simp.broker.DefaultSubscriptionRegistry@4b0d5d15]]","service":"fms-core","version":"1.0.0","environment":"default"}
{"@timestamp":"2026-03-11T09:56:54.4990887+05:30","level":"INFO","logger_name":"org.springframework.messaging.simp.broker.SimpleBrokerMessageHandler","message":"Started.","service":"fms-core","version":"1.0.0","environment":"default"}
{"@timestamp":"2026-03-11T09:56:54.5188453+05:30","level":"INFO","logger_name":"org.springframework.cloud.netflix.eureka.InstanceInfoFactory","message":"Setting initial instance status as: STARTING","service":"fms-core","version":"1.0.0","environment":"default"}
{"@timestamp":"2026-03-11T09:56:54.5778317+05:30","level":"INFO","logger_name":"com.netflix.discovery.DiscoveryClient","message":"Initializing Eureka in region us-east-1","service":"fms-core","version":"1.0.0","environment":"default"}
{"@timestamp":"2026-03-11T09:56:54.5886303+05:30","level":"INFO","logger_name":"com.netflix.discovery.shared.resolver.aws.ConfigClusterResolver","message":"Resolving eureka endpoints via configuration","service":"fms-core","version":"1.0.0","environment":"default"}
{"@timestamp":"2026-03-11T09:56:54.6110179+05:30","level":"INFO","logger_name":"com.netflix.discovery.DiscoveryClient","message":"Disable delta property : false","service":"fms-core","version":"1.0.0","environment":"default"}
{"@timestamp":"2026-03-11T09:56:54.6110179+05:30","level":"INFO","logger_name":"com.netflix.discovery.DiscoveryClient","message":"Single vip registry refresh property : null","service":"fms-core","version":"1.0.0","environment":"default"}
{"@timestamp":"2026-03-11T09:56:54.6114997+05:30","level":"INFO","logger_name":"com.netflix.discovery.DiscoveryClient","message":"Force full registry fetch : false","service":"fms-core","version":"1.0.0","environment":"default"}
{"@timestamp":"2026-03-11T09:56:54.6121149+05:30","level":"INFO","logger_name":"com.netflix.discovery.DiscoveryClient","message":"Application is null : false","service":"fms-core","version":"1.0.0","environment":"default"}
{"@timestamp":"2026-03-11T09:56:54.6130233+05:30","level":"INFO","logger_name":"com.netflix.discovery.DiscoveryClient","message":"Registered Applications size is zero : true","service":"fms-core","version":"1.0.0","environment":"default"}
{"@timestamp":"2026-03-11T09:56:54.6130233+05:30","level":"INFO","logger_name":"com.netflix.discovery.DiscoveryClient","message":"Application version is -1: true","service":"fms-core","version":"1.0.0","environment":"default"}
{"@timestamp":"2026-03-11T09:56:54.6140181+05:30","level":"INFO","logger_name":"com.netflix.discovery.DiscoveryClient","message":"Getting all instance registry info from the eureka server","service":"fms-core","version":"1.0.0","environment":"default"}
{"@timestamp":"2026-03-11T09:56:55.1999199+05:30","level":"INFO","logger_name":"com.netflix.discovery.DiscoveryClient","message":"The response status is 200","service":"fms-core","version":"1.0.0","environment":"default"}
{"@timestamp":"2026-03-11T09:56:55.2029183+05:30","level":"INFO","logger_name":"com.netflix.discovery.DiscoveryClient","message":"Starting heartbeat executor: renew interval is: 30","service":"fms-core","version":"1.0.0","environment":"default"}
{"@timestamp":"2026-03-11T09:56:55.2079161+05:30","level":"INFO","logger_name":"com.netflix.discovery.InstanceInfoReplicator","message":"InstanceInfoReplicator onDemand update allowed rate per min is 4","service":"fms-core","version":"1.0.0","environment":"default"}
{"@timestamp":"2026-03-11T09:56:55.209918+05:30","level":"INFO","logger_name":"com.netflix.discovery.DiscoveryClient","message":"Discovery Client initialized at timestamp 1773203215209 with initial instances count: 3","service":"fms-core","version":"1.0.0","environment":"default"}
{"@timestamp":"2026-03-11T09:56:55.2279202+05:30","level":"INFO","logger_name":"org.springframework.cloud.netflix.eureka.serviceregistry.EurekaServiceRegistry","message":"Registering application FMS_CORE with eureka with status UP","service":"fms-core","version":"1.0.0","environment":"default"}
{"@timestamp":"2026-03-11T09:56:55.2299174+05:30","level":"INFO","logger_name":"com.netflix.discovery.DiscoveryClient","message":"Saw local status change event StatusChangeEvent [timestamp=1773203215229, current=UP, previous=STARTING]","service":"fms-core","version":"1.0.0","environment":"default"}
{"@timestamp":"2026-03-11T09:56:55.2330892+05:30","level":"INFO","logger_name":"com.netflix.discovery.DiscoveryClient","message":"DiscoveryClient_FMS_CORE/KAVINDA5242.mshome.net:fms_core:8084: registering service...","service":"fms-core","version":"1.0.0","environment":"default"}
{"@timestamp":"2026-03-11T09:56:55.2759607+05:30","level":"INFO","logger_name":"org.springframework.boot.web.embedded.tomcat.TomcatWebServer","message":"Tomcat started on port 8084 (http) with context path '/fms-core-service'","service":"fms-core","version":"1.0.0","environment":"default"}
{"@timestamp":"2026-03-11T09:56:55.2769604+05:30","level":"INFO","logger_name":"org.springframework.cloud.netflix.eureka.serviceregistry.EurekaAutoServiceRegistration","message":"Updating port to 8084","service":"fms-core","version":"1.0.0","environment":"default"}
{"@timestamp":"2026-03-11T09:56:55.3071389+05:30","level":"INFO","logger_name":"com.netflix.discovery.DiscoveryClient","message":"DiscoveryClient_FMS_CORE/KAVINDA5242.mshome.net:fms_core:8084 - registration status: 204","service":"fms-core","version":"1.0.0","environment":"default"}
{"@timestamp":"2026-03-11T09:56:55.3129604+05:30","level":"INFO","logger_name":"net.com.fms_core.FmsCoreApplication","message":"Started FmsCoreApplication in 37.984 seconds (process running for 41.045)","service":"fms-core","version":"1.0.0","environment":"default"}
{"@timestamp":"2026-03-11T09:56:56.3693125+05:30","level":"INFO","logger_name":"net.com.fms_core.controller.RiskController","message":"rulesList.size = 1","service":"fms-core","version":"1.0.0","environment":"default"}
{"@timestamp":"2026-03-11T09:56:56.5950789+05:30","level":"INFO","logger_name":"org.drools.compiler.kie.builder.impl.KieContainerImpl","message":"Start creation of KieBase: defaultKieBase","service":"fms-core","version":"1.0.0","environment":"default"}
{"@timestamp":"2026-03-11T09:56:56.7461188+05:30","level":"INFO","logger_name":"org.drools.compiler.kie.builder.impl.KieContainerImpl","message":"End creation of KieBase: defaultKieBase","service":"fms-core","version":"1.0.0","environment":"default"}
{"@timestamp":"2026-03-11T09:56:57.3048045+05:30","level":"INFO","logger_name":"net.com.fms_core.controller.RiskController","message":"rulesList.size = 1","service":"fms-core","version":"1.0.0","environment":"default"}
{"@timestamp":"2026-03-11T09:56:57.4317858+05:30","level":"INFO","logger_name":"org.drools.compiler.kie.builder.impl.KieContainerImpl","message":"Start creation of KieBase: defaultKieBase","service":"fms-core","version":"1.0.0","environment":"default"}
{"@timestamp":"2026-03-11T09:56:57.4487842+05:30","level":"INFO","logger_name":"org.drools.compiler.kie.builder.impl.KieContainerImpl","message":"End creation of KieBase: defaultKieBase","service":"fms-core","version":"1.0.0","environment":"default"}
{"@timestamp":"2026-03-11T09:56:57.4527922+05:30","level":"INFO","logger_name":"net.com.fms_core.config.SocketListener","message":"✅ FMS Receiver is listening on port 5000","service":"fms-core","version":"1.0.0","environment":"default"}
{"@timestamp":"2026-03-11T09:57:35.2801131+05:30","level":"INFO","logger_name":"org.apache.catalina.core.ContainerBase.[Tomcat].[localhost].[/fms-core-service]","message":"Initializing Spring DispatcherServlet 'dispatcherServlet'","service":"fms-core","version":"1.0.0","environment":"default"}
{"@timestamp":"2026-03-11T09:57:35.2812092+05:30","level":"INFO","logger_name":"org.springframework.web.servlet.DispatcherServlet","message":"Initializing Servlet 'dispatcherServlet'","service":"fms-core","version":"1.0.0","environment":"default"}
{"@timestamp":"2026-03-11T09:57:35.2866041+05:30","level":"INFO","logger_name":"org.springframework.web.servlet.DispatcherServlet","message":"Completed initialization in 4 ms","service":"fms-core","version":"1.0.0","environment":"default"}
{"@timestamp":"2026-03-11T09:57:35.4012424+05:30","level":"INFO","logger_name":"net.com.fms_core.controller.TransactionController","message":"Generating ML-based intelligent rules with pre-trained models...","service":"fms-core","version":"1.0.0","environment":"default"}
{"@timestamp":"2026-03-11T09:57:35.4021158+05:30","level":"INFO","logger_name":"net.com.fms_core.service.impl.script.ProductionRuleGenerationService","message":"Generating advanced ML-based rules with trained models...","service":"fms-core","version":"1.0.0","environment":"default"}
{"@timestamp":"2026-03-11T09:57:41.3131269+05:30","level":"INFO","logger_name":"net.com.fms_core.service.impl.script.ProductionRuleGenerationService","message":"Advanced ML rule generation completed with exit code: 0","service":"fms-core","version":"1.0.0","environment":"default"}
{"@timestamp":"2026-03-11T09:57:54.3879636+05:30","level":"INFO","logger_name":"org.springframework.web.socket.config.WebSocketMessageBrokerStats","message":"WebSocketSession[0 current WS(0)-HttpStream(0)-HttpPoll(0), 0 total, 0 closed abnormally (0 connect failure, 0 send limit, 0 transport error)], stompSubProtocol[processed CONNECT(0)-CONNECTED(0)-DISCONNECT(0)], stompBrokerRelay[null], inboundChannel[pool size = 0, active threads = 0, queued tasks = 0, completed tasks = 0], outboundChannel[pool size = 0, active threads = 0, queued tasks = 0, completed tasks = 0], sockJsScheduler[pool size = 1, active threads = 1, queued tasks = 0, completed tasks = 0]","service":"fms-core","version":"1.0.0","environment":"default"}
{"@timestamp":"2026-03-11T09:59:30.7774236+05:30","level":"INFO","logger_name":"org.springframework.cloud.netflix.eureka.serviceregistry.EurekaServiceRegistry","message":"Unregistering application FMS_CORE with eureka with status DOWN","service":"fms-core","version":"1.0.0","environment":"default"}
{"@timestamp":"2026-03-11T09:59:30.778419+05:30","level":"INFO","logger_name":"com.netflix.discovery.DiscoveryClient","message":"Saw local status change event StatusChangeEvent [timestamp=1773203370778, current=DOWN, previous=UP]","service":"fms-core","version":"1.0.0","environment":"default"}
{"@timestamp":"2026-03-11T09:59:30.778419+05:30","level":"INFO","logger_name":"com.netflix.discovery.DiscoveryClient","message":"DiscoveryClient_FMS_CORE/KAVINDA5242.mshome.net:fms_core:8084: registering service...","service":"fms-core","version":"1.0.0","environment":"default"}
{"@timestamp":"2026-03-11T09:59:30.7857223+05:30","level":"INFO","logger_name":"org.springframework.boot.web.embedded.tomcat.GracefulShutdown","message":"Commencing graceful shutdown. Waiting for active requests to complete","service":"fms-core","version":"1.0.0","environment":"default"}
{"@timestamp":"2026-03-11T09:59:30.8104207+05:30","level":"INFO","logger_name":"com.netflix.discovery.DiscoveryClient","message":"DiscoveryClient_FMS_CORE/KAVINDA5242.mshome.net:fms_core:8084 - registration status: 204","service":"fms-core","version":"1.0.0","environment":"default"}
{"@timestamp":"2026-03-11T09:59:30.8594202+05:30","level":"INFO","logger_name":"org.springframework.boot.web.embedded.tomcat.GracefulShutdown","message":"Graceful shutdown complete","service":"fms-core","version":"1.0.0","environment":"default"}
{"@timestamp":"2026-03-11T09:59:30.8637683+05:30","level":"INFO","logger_name":"org.springframework.messaging.simp.broker.SimpleBrokerMessageHandler","message":"Stopping...","service":"fms-core","version":"1.0.0","environment":"default"}
{"@timestamp":"2026-03-11T09:59:30.8644201+05:30","level":"INFO","logger_name":"org.springframework.messaging.simp.broker.SimpleBrokerMessageHandler","message":"BrokerAvailabilityEvent[available=false, SimpleBrokerMessageHandler [org.springframework.messaging.simp.broker.DefaultSubscriptionRegistry@4b0d5d15]]","service":"fms-core","version":"1.0.0","environment":"default"}
{"@timestamp":"2026-03-11T09:59:30.8644201+05:30","level":"INFO","logger_name":"org.springframework.messaging.simp.broker.SimpleBrokerMessageHandler","message":"Stopped.","service":"fms-core","version":"1.0.0","environment":"default"}
{"@timestamp":"2026-03-11T09:59:30.8934182+05:30","level":"INFO","logger_name":"org.springframework.orm.jpa.LocalContainerEntityManagerFactoryBean","message":"Closing JPA EntityManagerFactory for persistence unit 'default'","service":"fms-core","version":"1.0.0","environment":"default"}
{"@timestamp":"2026-03-11T09:59:30.9154212+05:30","level":"INFO","logger_name":"com.zaxxer.hikari.HikariDataSource","message":"HikariPool-1 - Shutdown initiated...","service":"fms-core","version":"1.0.0","environment":"default"}
{"@timestamp":"2026-03-11T09:59:30.9584219+05:30","level":"INFO","logger_name":"com.zaxxer.hikari.HikariDataSource","message":"HikariPool-1 - Shutdown completed.","service":"fms-core","version":"1.0.0","environment":"default"}
{"@timestamp":"2026-03-11T09:59:30.959422+05:30","level":"INFO","logger_name":"com.netflix.discovery.DiscoveryClient","message":"Shutting down DiscoveryClient ...","service":"fms-core","version":"1.0.0","environment":"default"}
{"@timestamp":"2026-03-11T09:59:34.0877676+05:30","level":"INFO","logger_name":"com.netflix.discovery.DiscoveryClient","message":"Unregistering ...","service":"fms-core","version":"1.0.0","environment":"default"}
{"@timestamp":"2026-03-11T09:59:34.104754+05:30","level":"INFO","logger_name":"com.netflix.discovery.DiscoveryClient","message":"DiscoveryClient_FMS_CORE/KAVINDA5242.mshome.net:fms_core:8084 - deregister  status: 200","service":"fms-core","version":"1.0.0","environment":"default"}
{"@timestamp":"2026-03-11T09:59:34.1058211+05:30","level":"INFO","logger_name":"com.netflix.discovery.DiscoveryClient","message":"Completed shut down of DiscoveryClient","service":"fms-core","version":"1.0.0","environment":"default"}
{"@timestamp":"2026-03-11T10:00:49.3108781+05:30","level":"INFO","logger_name":"net.com.fms_core.FmsCoreApplication","message":"Starting FmsCoreApplication using Java 21.0.2 with PID 24840 (C:\\Users\\kavinda_d\\Documents\\e soft\\final project\\project\\fms backend\\fms_core\\target\\classes started by kavinda_d in C:\\Users\\kavinda_d\\Documents\\e soft\\final project\\project\\fms backend)","service":"fms-core","version":"1.0.0","environment":"default"}
{"@timestamp":"2026-03-11T10:00:49.335139+05:30","level":"DEBUG","logger_name":"net.com.fms_core.FmsCoreApplication","message":"Running with Spring Boot v3.4.4, Spring v6.2.5","service":"fms-core","version":"1.0.0","environment":"default"}
{"@timestamp":"2026-03-11T10:00:49.3364149+05:30","level":"INFO","logger_name":"net.com.fms_core.FmsCoreApplication","message":"The following 1 profile is active: \"dev\"","service":"fms-core","version":"1.0.0","environment":"default"}
{"@timestamp":"2026-03-11T10:00:49.4635405+05:30","level":"INFO","logger_name":"org.springframework.cloud.config.client.ConfigServerConfigDataLoader","message":"Fetching config from server at : http://localhost:8888","service":"fms-core","version":"1.0.0","environment":"default"}
{"@timestamp":"2026-03-11T10:00:49.4645402+05:30","level":"INFO","logger_name":"org.springframework.cloud.config.client.ConfigServerConfigDataLoader","message":"Located environment: name=fms_core, profiles=[dev], label=null, version=null, state=null","service":"fms-core","version":"1.0.0","environment":"default"}
{"@timestamp":"2026-03-11T10:00:49.4686615+05:30","level":"INFO","logger_name":"org.springframework.boot.devtools.env.DevToolsPropertyDefaultsPostProcessor","message":"Devtools property defaults active! Set 'spring.devtools.add-properties' to 'false' to disable","service":"fms-core","version":"1.0.0","environment":"default"}
{"@timestamp":"2026-03-11T10:00:49.469644+05:30","level":"INFO","logger_name":"org.springframework.boot.devtools.env.DevToolsPropertyDefaultsPostProcessor","message":"For additional web related logging consider setting the 'logging.level.web' property to 'DEBUG'","service":"fms-core","version":"1.0.0","environment":"default"}
{"@timestamp":"2026-03-11T10:00:52.2801563+05:30","level":"INFO","logger_name":"org.springframework.data.repository.config.RepositoryConfigurationDelegate","message":"Bootstrapping Spring Data JPA repositories in DEFAULT mode.","service":"fms-core","version":"1.0.0","environment":"default"}
{"@timestamp":"2026-03-11T10:00:53.2796532+05:30","level":"INFO","logger_name":"org.springframework.data.repository.config.RepositoryConfigurationDelegate","message":"Finished Spring Data repository scanning in 982 ms. Found 23 JPA repository interfaces.","service":"fms-core","version":"1.0.0","environment":"default"}
{"@timestamp":"2026-03-11T10:00:54.6001878+05:30","level":"INFO","logger_name":"org.springframework.cloud.context.scope.GenericScope","message":"BeanFactory id=00be10ca-805b-33a6-ba0f-6f93d757e18b","service":"fms-core","version":"1.0.0","environment":"default"}
{"@timestamp":"2026-03-11T10:00:57.2433253+05:30","level":"INFO","logger_name":"org.springframework.boot.web.embedded.tomcat.TomcatWebServer","message":"Tomcat initialized with port 8084 (http)","service":"fms-core","version":"1.0.0","environment":"default"}
{"@timestamp":"2026-03-11T10:00:57.2763236+05:30","level":"INFO","logger_name":"org.apache.catalina.core.StandardService","message":"Starting service [Tomcat]","service":"fms-core","version":"1.0.0","environment":"default"}
{"@timestamp":"2026-03-11T10:00:57.2773243+05:30","level":"INFO","logger_name":"org.apache.catalina.core.StandardEngine","message":"Starting Servlet engine: [Apache Tomcat/10.1.39]","service":"fms-core","version":"1.0.0","environment":"default"}
{"@timestamp":"2026-03-11T10:00:57.4143231+05:30","level":"INFO","logger_name":"org.apache.catalina.core.ContainerBase.[Tomcat].[localhost].[/fms-core-service]","message":"Initializing Spring embedded WebApplicationContext","service":"fms-core","version":"1.0.0","environment":"default"}
{"@timestamp":"2026-03-11T10:00:57.4153241+05:30","level":"INFO","logger_name":"org.springframework.boot.web.servlet.context.ServletWebServerApplicationContext","message":"Root WebApplicationContext: initialization completed in 7943 ms","service":"fms-core","version":"1.0.0","environment":"default"}
{"@timestamp":"2026-03-11T10:00:58.5043224+05:30","level":"INFO","logger_name":"com.zaxxer.hikari.HikariDataSource","message":"HikariPool-1 - Starting...","service":"fms-core","version":"1.0.0","environment":"default"}
{"@timestamp":"2026-03-11T10:00:58.8134647+05:30","level":"INFO","logger_name":"com.zaxxer.hikari.pool.HikariPool","message":"HikariPool-1 - Added connection com.mysql.cj.jdbc.ConnectionImpl@69217772","service":"fms-core","version":"1.0.0","environment":"default"}
{"@timestamp":"2026-03-11T10:00:58.8163231+05:30","level":"INFO","logger_name":"com.zaxxer.hikari.HikariDataSource","message":"HikariPool-1 - Start completed.","service":"fms-core","version":"1.0.0","environment":"default"}
{"@timestamp":"2026-03-11T10:00:58.9023252+05:30","level":"INFO","logger_name":"org.hibernate.jpa.internal.util.LogHelper","message":"HHH000204: Processing PersistenceUnitInfo [name: default]","service":"fms-core","version":"1.0.0","environment":"default"}
{"@timestamp":"2026-03-11T10:00:59.037712+05:30","level":"INFO","logger_name":"org.hibernate.Version","message":"HHH000412: Hibernate ORM core version 6.6.11.Final","service":"fms-core","version":"1.0.0","environment":"default"}
{"@timestamp":"2026-03-11T10:00:59.1213226+05:30","level":"INFO","logger_name":"org.hibernate.cache.internal.RegionFactoryInitiator","message":"HHH000026: Second-level cache disabled","service":"fms-core","version":"1.0.0","environment":"default"}
{"@timestamp":"2026-03-11T10:00:59.9433256+05:30","level":"INFO","logger_name":"org.springframework.orm.jpa.persistenceunit.SpringPersistenceUnitInfo","message":"No LoadTimeWeaver setup: ignoring JPA class transformer","service":"fms-core","version":"1.0.0","environment":"default"}
{"@timestamp":"2026-03-11T10:01:00.2093219+05:30","level":"INFO","logger_name":"org.hibernate.orm.connections.pooling","message":"HHH10001005: Database info:\n\tDatabase JDBC URL [Connecting through datasource 'HikariDataSource (HikariPool-1)']\n\tDatabase driver: undefined/unknown\n\tDatabase version: 8.1\n\tAutocommit mode: undefined/unknown\n\tIsolation level: undefined/unknown\n\tMinimum pool size: undefined/unknown\n\tMaximum pool size: undefined/unknown","service":"fms-core","version":"1.0.0","environment":"default"}
{"@timestamp":"2026-03-11T10:01:03.8533326+05:30","level":"INFO","logger_name":"org.hibernate.engine.transaction.jta.platform.internal.JtaPlatformInitiator","message":"HHH000489: No JTA platform available (set 'hibernate.transaction.jta.platform' to enable JTA platform integration)","service":"fms-core","version":"1.0.0","environment":"default"}
{"@timestamp":"2026-03-11T10:01:04.5893323+05:30","level":"INFO","logger_name":"org.springframework.orm.jpa.LocalContainerEntityManagerFactoryBean","message":"Initialized JPA EntityManagerFactory for persistence unit 'default'","service":"fms-core","version":"1.0.0","environment":"default"}
{"@timestamp":"2026-03-11T10:01:05.1153306+05:30","level":"INFO","logger_name":"org.springframework.data.jpa.repository.query.QueryEnhancerFactory","message":"Hibernate is in classpath; If applicable, HQL parser will be used.","service":"fms-core","version":"1.0.0","environment":"default"}
{"@timestamp":"2026-03-11T10:01:09.7859022+05:30","level":"WARN","logger_name":"org.drools.compiler.kie.builder.impl.KieBuilderImpl","message":"File 'ai-rules/default.drl' is in folder 'ai-rules' but declares package 'net.com.fms_core.ai.rules'. It is advised to have a correspondance between package and folder names.","service":"fms-core","version":"1.0.0","environment":"default"}
{"@timestamp":"2026-03-11T10:01:11.8659441+05:30","level":"INFO","logger_name":"net.com.fms_core.service.impl.AIKieService","message":"AI KIE base initialized successfully","service":"fms-core","version":"1.0.0","environment":"default"}
{"@timestamp":"2026-03-11T10:01:15.0337562+05:30","level":"WARN","logger_name":"org.springframework.boot.autoconfigure.orm.jpa.JpaBaseConfiguration$JpaWebConfiguration","message":"spring.jpa.open-in-view is enabled by default. Therefore, database queries may be performed during view rendering. Explicitly configure spring.jpa.open-in-view to disable this warning","service":"fms-core","version":"1.0.0","environment":"default"}
{"@timestamp":"2026-03-11T10:01:15.3396356+05:30","level":"INFO","logger_name":"org.springframework.validation.beanvalidation.OptionalValidatorFactoryBean","message":"Failed to set up a Bean Validation provider: jakarta.validation.NoProviderFoundException: Unable to create a Configuration, because no Jakarta Bean Validation provider could be found. Add a provider like Hibernate Validator (RI) to your classpath.","service":"fms-core","version":"1.0.0","environment":"default"}
{"@timestamp":"2026-03-11T10:01:19.4576192+05:30","level":"WARN","logger_name":"org.springframework.boot.devtools.autoconfigure.OptionalLiveReloadServer","message":"Unable to start LiveReload server","service":"fms-core","version":"1.0.0","environment":"default"}
{"@timestamp":"2026-03-11T10:01:19.5681499+05:30","level":"INFO","logger_name":"org.springframework.cloud.netflix.eureka.config.DiscoveryClientOptionalArgsConfiguration","message":"Eureka HTTP Client uses RestTemplate.","service":"fms-core","version":"1.0.0","environment":"default"}
{"@timestamp":"2026-03-11T10:01:19.7662622+05:30","level":"WARN","logger_name":"org.springframework.cloud.loadbalancer.config.LoadBalancerCacheAutoConfiguration$LoadBalancerCaffeineWarnLogger","message":"Spring Cloud LoadBalancer is currently working with the default cache. While this cache implementation is useful for development and tests, it's recommended to use Caffeine cache in production.You can switch to using Caffeine cache, by adding it and org.springframework.cache.caffeine.CaffeineCacheManager to the classpath.","service":"fms-core","version":"1.0.0","environment":"default"}
{"@timestamp":"2026-03-11T10:01:19.809552+05:30","level":"INFO","logger_name":"org.springframework.boot.actuate.endpoint.web.EndpointLinksResolver","message":"Exposing 6 endpoints beneath base path '/actuator'","service":"fms-core","version":"1.0.0","environment":"default"}
{"@timestamp":"2026-03-11T10:01:20.0626632+05:30","level":"INFO","logger_name":"org.springframework.messaging.simp.broker.SimpleBrokerMessageHandler","message":"Starting...","service":"fms-core","version":"1.0.0","environment":"default"}
{"@timestamp":"2026-03-11T10:01:20.0635868+05:30","level":"INFO","logger_name":"org.springframework.messaging.simp.broker.SimpleBrokerMessageHandler","message":"BrokerAvailabilityEvent[available=true, SimpleBrokerMessageHandler [org.springframework.messaging.simp.broker.DefaultSubscriptionRegistry@4dc7958f]]","service":"fms-core","version":"1.0.0","environment":"default"}
{"@timestamp":"2026-03-11T10:01:20.0666074+05:30","level":"INFO","logger_name":"org.springframework.messaging.simp.broker.SimpleBrokerMessageHandler","message":"Started.","service":"fms-core","version":"1.0.0","environment":"default"}
{"@timestamp":"2026-03-11T10:01:20.0958641+05:30","level":"INFO","logger_name":"org.springframework.cloud.netflix.eureka.InstanceInfoFactory","message":"Setting initial instance status as: STARTING","service":"fms-core","version":"1.0.0","environment":"default"}
{"@timestamp":"2026-03-11T10:01:20.1525945+05:30","level":"INFO","logger_name":"com.netflix.discovery.DiscoveryClient","message":"Initializing Eureka in region us-east-1","service":"fms-core","version":"1.0.0","environment":"default"}
{"@timestamp":"2026-03-11T10:01:20.1635125+05:30","level":"INFO","logger_name":"com.netflix.discovery.shared.resolver.aws.ConfigClusterResolver","message":"Resolving eureka endpoints via configuration","service":"fms-core","version":"1.0.0","environment":"default"}
{"@timestamp":"2026-03-11T10:01:20.1841027+05:30","level":"INFO","logger_name":"com.netflix.discovery.DiscoveryClient","message":"Disable delta property : false","service":"fms-core","version":"1.0.0","environment":"default"}
{"@timestamp":"2026-03-11T10:01:20.1851623+05:30","level":"INFO","logger_name":"com.netflix.discovery.DiscoveryClient","message":"Single vip registry refresh property : null","service":"fms-core","version":"1.0.0","environment":"default"}
{"@timestamp":"2026-03-11T10:01:20.1851623+05:30","level":"INFO","logger_name":"com.netflix.discovery.DiscoveryClient","message":"Force full registry fetch : false","service":"fms-core","version":"1.0.0","environment":"default"}
{"@timestamp":"2026-03-11T10:01:20.1861034+05:30","level":"INFO","logger_name":"com.netflix.discovery.DiscoveryClient","message":"Application is null : false","service":"fms-core","version":"1.0.0","environment":"default"}
{"@timestamp":"2026-03-11T10:01:20.1861034+05:30","level":"INFO","logger_name":"com.netflix.discovery.DiscoveryClient","message":"Registered Applications size is zero : true","service":"fms-core","version":"1.0.0","environment":"default"}
{"@timestamp":"2026-03-11T10:01:20.1861034+05:30","level":"INFO","logger_name":"com.netflix.discovery.DiscoveryClient","message":"Application version is -1: true","service":"fms-core","version":"1.0.0","environment":"default"}
{"@timestamp":"2026-03-11T10:01:20.1871+05:30","level":"INFO","logger_name":"com.netflix.discovery.DiscoveryClient","message":"Getting all instance registry info from the eureka server","service":"fms-core","version":"1.0.0","environment":"default"}
{"@timestamp":"2026-03-11T10:01:20.8133173+05:30","level":"INFO","logger_name":"com.netflix.discovery.DiscoveryClient","message":"The response status is 200","service":"fms-core","version":"1.0.0","environment":"default"}
{"@timestamp":"2026-03-11T10:01:20.8164631+05:30","level":"INFO","logger_name":"com.netflix.discovery.DiscoveryClient","message":"Starting heartbeat executor: renew interval is: 30","service":"fms-core","version":"1.0.0","environment":"default"}
{"@timestamp":"2026-03-11T10:01:20.8194239+05:30","level":"INFO","logger_name":"com.netflix.discovery.InstanceInfoReplicator","message":"InstanceInfoReplicator onDemand update allowed rate per min is 4","service":"fms-core","version":"1.0.0","environment":"default"}
{"@timestamp":"2026-03-11T10:01:20.822185+05:30","level":"INFO","logger_name":"com.netflix.discovery.DiscoveryClient","message":"Discovery Client initialized at timestamp 1773203480821 with initial instances count: 3","service":"fms-core","version":"1.0.0","environment":"default"}
{"@timestamp":"2026-03-11T10:01:20.8373529+05:30","level":"INFO","logger_name":"org.springframework.cloud.netflix.eureka.serviceregistry.EurekaServiceRegistry","message":"Registering application FMS_CORE with eureka with status UP","service":"fms-core","version":"1.0.0","environment":"default"}
{"@timestamp":"2026-03-11T10:01:20.8381901+05:30","level":"INFO","logger_name":"com.netflix.discovery.DiscoveryClient","message":"Saw local status change event StatusChangeEvent [timestamp=1773203480838, current=UP, previous=STARTING]","service":"fms-core","version":"1.0.0","environment":"default"}
{"@timestamp":"2026-03-11T10:01:20.8421915+05:30","level":"INFO","logger_name":"com.netflix.discovery.DiscoveryClient","message":"DiscoveryClient_FMS_CORE/KAVINDA5242.mshome.net:fms_core:8084: registering service...","service":"fms-core","version":"1.0.0","environment":"default"}
{"@timestamp":"2026-03-11T10:01:20.8881905+05:30","level":"INFO","logger_name":"org.springframework.boot.web.embedded.tomcat.TomcatWebServer","message":"Tomcat started on port 8084 (http) with context path '/fms-core-service'","service":"fms-core","version":"1.0.0","environment":"default"}
{"@timestamp":"2026-03-11T10:01:20.8911878+05:30","level":"INFO","logger_name":"org.springframework.cloud.netflix.eureka.serviceregistry.EurekaAutoServiceRegistration","message":"Updating port to 8084","service":"fms-core","version":"1.0.0","environment":"default"}
{"@timestamp":"2026-03-11T10:01:20.920188+05:30","level":"INFO","logger_name":"com.netflix.discovery.DiscoveryClient","message":"DiscoveryClient_FMS_CORE/KAVINDA5242.mshome.net:fms_core:8084 - registration status: 204","service":"fms-core","version":"1.0.0","environment":"default"}
{"@timestamp":"2026-03-11T10:01:20.9281868+05:30","level":"INFO","logger_name":"net.com.fms_core.FmsCoreApplication","message":"Started FmsCoreApplication in 34.501 seconds (process running for 39.049)","service":"fms-core","version":"1.0.0","environment":"default"}
{"@timestamp":"2026-03-11T10:01:22.0981881+05:30","level":"INFO","logger_name":"net.com.fms_core.controller.RiskController","message":"rulesList.size = 1","service":"fms-core","version":"1.0.0","environment":"default"}
{"@timestamp":"2026-03-11T10:01:22.427904+05:30","level":"INFO","logger_name":"org.drools.compiler.kie.builder.impl.KieContainerImpl","message":"Start creation of KieBase: defaultKieBase","service":"fms-core","version":"1.0.0","environment":"default"}
{"@timestamp":"2026-03-11T10:01:22.67019+05:30","level":"INFO","logger_name":"org.drools.compiler.kie.builder.impl.KieContainerImpl","message":"End creation of KieBase: defaultKieBase","service":"fms-core","version":"1.0.0","environment":"default"}
{"@timestamp":"2026-03-11T10:01:23.6991891+05:30","level":"INFO","logger_name":"net.com.fms_core.controller.RiskController","message":"rulesList.size = 1","service":"fms-core","version":"1.0.0","environment":"default"}
{"@timestamp":"2026-03-11T10:01:24.3164113+05:30","level":"INFO","logger_name":"org.drools.compiler.kie.builder.impl.KieContainerImpl","message":"Start creation of KieBase: defaultKieBase","service":"fms-core","version":"1.0.0","environment":"default"}
{"@timestamp":"2026-03-11T10:01:24.3441925+05:30","level":"INFO","logger_name":"org.drools.compiler.kie.builder.impl.KieContainerImpl","message":"End creation of KieBase: defaultKieBase","service":"fms-core","version":"1.0.0","environment":"default"}
{"@timestamp":"2026-03-11T10:01:24.3492035+05:30","level":"INFO","logger_name":"net.com.fms_core.config.SocketListener","message":"✅ FMS Receiver is listening on port 5000","service":"fms-core","version":"1.0.0","environment":"default"}
{"@timestamp":"2026-03-11T10:02:19.9441062+05:30","level":"INFO","logger_name":"org.springframework.web.socket.config.WebSocketMessageBrokerStats","message":"WebSocketSession[0 current WS(0)-HttpStream(0)-HttpPoll(0), 0 total, 0 closed abnormally (0 connect failure, 0 send limit, 0 transport error)], stompSubProtocol[processed CONNECT(0)-CONNECTED(0)-DISCONNECT(0)], stompBrokerRelay[null], inboundChannel[pool size = 0, active threads = 0, queued tasks = 0, completed tasks = 0], outboundChannel[pool size = 0, active threads = 0, queued tasks = 0, completed tasks = 0], sockJsScheduler[pool size = 1, active threads = 1, queued tasks = 0, completed tasks = 0]","service":"fms-core","version":"1.0.0","environment":"default"}
{"@timestamp":"2026-03-11T10:03:32.3917698+05:30","level":"INFO","logger_name":"org.springframework.cloud.netflix.eureka.serviceregistry.EurekaServiceRegistry","message":"Unregistering application FMS_CORE with eureka with status DOWN","service":"fms-core","version":"1.0.0","environment":"default"}
{"@timestamp":"2026-03-11T10:03:32.3917698+05:30","level":"INFO","logger_name":"com.netflix.discovery.DiscoveryClient","message":"Saw local status change event StatusChangeEvent [timestamp=1773203612391, current=DOWN, previous=UP]","service":"fms-core","version":"1.0.0","environment":"default"}
{"@timestamp":"2026-03-11T10:03:32.3928811+05:30","level":"INFO","logger_name":"com.netflix.discovery.DiscoveryClient","message":"DiscoveryClient_FMS_CORE/KAVINDA5242.mshome.net:fms_core:8084: registering service...","service":"fms-core","version":"1.0.0","environment":"default"}
{"@timestamp":"2026-03-11T10:03:32.4007705+05:30","level":"INFO","logger_name":"org.springframework.boot.web.embedded.tomcat.GracefulShutdown","message":"Commencing graceful shutdown. Waiting for active requests to complete","service":"fms-core","version":"1.0.0","environment":"default"}
{"@timestamp":"2026-03-11T10:03:32.4127695+05:30","level":"INFO","logger_name":"com.netflix.discovery.DiscoveryClient","message":"DiscoveryClient_FMS_CORE/KAVINDA5242.mshome.net:fms_core:8084 - registration status: 204","service":"fms-core","version":"1.0.0","environment":"default"}
{"@timestamp":"2026-03-11T10:03:32.4198124+05:30","level":"INFO","logger_name":"org.springframework.boot.web.embedded.tomcat.GracefulShutdown","message":"Graceful shutdown complete","service":"fms-core","version":"1.0.0","environment":"default"}
{"@timestamp":"2026-03-11T10:03:32.4227672+05:30","level":"INFO","logger_name":"org.springframework.messaging.simp.broker.SimpleBrokerMessageHandler","message":"Stopping...","service":"fms-core","version":"1.0.0","environment":"default"}
{"@timestamp":"2026-03-11T10:03:32.4234347+05:30","level":"INFO","logger_name":"org.springframework.messaging.simp.broker.SimpleBrokerMessageHandler","message":"BrokerAvailabilityEvent[available=false, SimpleBrokerMessageHandler [org.springframework.messaging.simp.broker.DefaultSubscriptionRegistry@4dc7958f]]","service":"fms-core","version":"1.0.0","environment":"default"}
{"@timestamp":"2026-03-11T10:03:32.4238134+05:30","level":"INFO","logger_name":"org.springframework.messaging.simp.broker.SimpleBrokerMessageHandler","message":"Stopped.","service":"fms-core","version":"1.0.0","environment":"default"}
{"@timestamp":"2026-03-11T10:03:32.4507667+05:30","level":"INFO","logger_name":"org.springframework.orm.jpa.LocalContainerEntityManagerFactoryBean","message":"Closing JPA EntityManagerFactory for persistence unit 'default'","service":"fms-core","version":"1.0.0","environment":"default"}
{"@timestamp":"2026-03-11T10:03:32.457767+05:30","level":"INFO","logger_name":"com.zaxxer.hikari.HikariDataSource","message":"HikariPool-1 - Shutdown initiated...","service":"fms-core","version":"1.0.0","environment":"default"}
{"@timestamp":"2026-03-11T10:03:32.4717741+05:30","level":"INFO","logger_name":"com.zaxxer.hikari.HikariDataSource","message":"HikariPool-1 - Shutdown completed.","service":"fms-core","version":"1.0.0","environment":"default"}
{"@timestamp":"2026-03-11T10:03:32.4737683+05:30","level":"INFO","logger_name":"com.netflix.discovery.DiscoveryClient","message":"Shutting down DiscoveryClient ...","service":"fms-core","version":"1.0.0","environment":"default"}
{"@timestamp":"2026-03-11T10:03:35.479963+05:30","level":"INFO","logger_name":"com.netflix.discovery.DiscoveryClient","message":"Unregistering ...","service":"fms-core","version":"1.0.0","environment":"default"}
{"@timestamp":"2026-03-11T10:03:35.4987702+05:30","level":"INFO","logger_name":"com.netflix.discovery.DiscoveryClient","message":"DiscoveryClient_FMS_CORE/KAVINDA5242.mshome.net:fms_core:8084 - deregister  status: 200","service":"fms-core","version":"1.0.0","environment":"default"}
{"@timestamp":"2026-03-11T10:03:35.4987702+05:30","level":"INFO","logger_name":"com.netflix.discovery.DiscoveryClient","message":"Completed shut down of DiscoveryClient","service":"fms-core","version":"1.0.0","environment":"default"}
{"@timestamp":"2026-03-11T10:05:38.295713+05:30","level":"INFO","logger_name":"net.com.fms_core.FmsCoreApplication","message":"Starting FmsCoreApplication using Java 21.0.2 with PID 23504 (C:\\Users\\kavinda_d\\Documents\\e soft\\final project\\project\\fms backend\\fms_core\\target\\classes started by kavinda_d in C:\\Users\\kavinda_d\\Documents\\e soft\\final project\\project\\fms backend)","service":"fms-core","version":"1.0.0","environment":"default"}
{"@timestamp":"2026-03-11T10:05:38.3127132+05:30","level":"DEBUG","logger_name":"net.com.fms_core.FmsCoreApplication","message":"Running with Spring Boot v3.4.4, Spring v6.2.5","service":"fms-core","version":"1.0.0","environment":"default"}
{"@timestamp":"2026-03-11T10:05:38.3142505+05:30","level":"INFO","logger_name":"net.com.fms_core.FmsCoreApplication","message":"The following 1 profile is active: \"dev\"","service":"fms-core","version":"1.0.0","environment":"default"}
{"@timestamp":"2026-03-11T10:05:38.4322426+05:30","level":"INFO","logger_name":"org.springframework.cloud.config.client.ConfigServerConfigDataLoader","message":"Fetching config from server at : http://localhost:8888","service":"fms-core","version":"1.0.0","environment":"default"}
{"@timestamp":"2026-03-11T10:05:38.4329915+05:30","level":"INFO","logger_name":"org.springframework.cloud.config.client.ConfigServerConfigDataLoader","message":"Located environment: name=fms_core, profiles=[dev], label=null, version=null, state=null","service":"fms-core","version":"1.0.0","environment":"default"}
{"@timestamp":"2026-03-11T10:05:38.4375891+05:30","level":"INFO","logger_name":"org.springframework.boot.devtools.env.DevToolsPropertyDefaultsPostProcessor","message":"Devtools property defaults active! Set 'spring.devtools.add-properties' to 'false' to disable","service":"fms-core","version":"1.0.0","environment":"default"}
{"@timestamp":"2026-03-11T10:05:38.4375891+05:30","level":"INFO","logger_name":"org.springframework.boot.devtools.env.DevToolsPropertyDefaultsPostProcessor","message":"For additional web related logging consider setting the 'logging.level.web' property to 'DEBUG'","service":"fms-core","version":"1.0.0","environment":"default"}
{"@timestamp":"2026-03-11T10:05:41.1516998+05:30","level":"INFO","logger_name":"org.springframework.data.repository.config.RepositoryConfigurationDelegate","message":"Bootstrapping Spring Data JPA repositories in DEFAULT mode.","service":"fms-core","version":"1.0.0","environment":"default"}
{"@timestamp":"2026-03-11T10:05:41.7658371+05:30","level":"INFO","logger_name":"org.springframework.data.repository.config.RepositoryConfigurationDelegate","message":"Finished Spring Data repository scanning in 594 ms. Found 23 JPA repository interfaces.","service":"fms-core","version":"1.0.0","environment":"default"}
{"@timestamp":"2026-03-11T10:05:42.3062016+05:30","level":"INFO","logger_name":"org.springframework.cloud.context.scope.GenericScope","message":"BeanFactory id=00be10ca-805b-33a6-ba0f-6f93d757e18b","service":"fms-core","version":"1.0.0","environment":"default"}
{"@timestamp":"2026-03-11T10:05:43.6690927+05:30","level":"INFO","logger_name":"org.springframework.boot.web.embedded.tomcat.TomcatWebServer","message":"Tomcat initialized with port 8084 (http)","service":"fms-core","version":"1.0.0","environment":"default"}
{"@timestamp":"2026-03-11T10:05:43.6970519+05:30","level":"INFO","logger_name":"org.apache.catalina.core.StandardService","message":"Starting service [Tomcat]","service":"fms-core","version":"1.0.0","environment":"default"}
{"@timestamp":"2026-03-11T10:05:43.6970519+05:30","level":"INFO","logger_name":"org.apache.catalina.core.StandardEngine","message":"Starting Servlet engine: [Apache Tomcat/10.1.39]","service":"fms-core","version":"1.0.0","environment":"default"}
{"@timestamp":"2026-03-11T10:05:43.7720898+05:30","level":"INFO","logger_name":"org.apache.catalina.core.ContainerBase.[Tomcat].[localhost].[/fms-core-service]","message":"Initializing Spring embedded WebApplicationContext","service":"fms-core","version":"1.0.0","environment":"default"}
{"@timestamp":"2026-03-11T10:05:43.7730508+05:30","level":"INFO","logger_name":"org.springframework.boot.web.servlet.context.ServletWebServerApplicationContext","message":"Root WebApplicationContext: initialization completed in 5335 ms","service":"fms-core","version":"1.0.0","environment":"default"}
{"@timestamp":"2026-03-11T10:05:44.350087+05:30","level":"INFO","logger_name":"com.zaxxer.hikari.HikariDataSource","message":"HikariPool-1 - Starting...","service":"fms-core","version":"1.0.0","environment":"default"}
{"@timestamp":"2026-03-11T10:05:44.6570559+05:30","level":"INFO","logger_name":"com.zaxxer.hikari.pool.HikariPool","message":"HikariPool-1 - Added connection com.mysql.cj.jdbc.ConnectionImpl@5222a045","service":"fms-core","version":"1.0.0","environment":"default"}
{"@timestamp":"2026-03-11T10:05:44.6600543+05:30","level":"INFO","logger_name":"com.zaxxer.hikari.HikariDataSource","message":"HikariPool-1 - Start completed.","service":"fms-core","version":"1.0.0","environment":"default"}
{"@timestamp":"2026-03-11T10:05:44.7510594+05:30","level":"INFO","logger_name":"org.hibernate.jpa.internal.util.LogHelper","message":"HHH000204: Processing PersistenceUnitInfo [name: default]","service":"fms-core","version":"1.0.0","environment":"default"}
{"@timestamp":"2026-03-11T10:05:44.9300655+05:30","level":"INFO","logger_name":"org.hibernate.Version","message":"HHH000412: Hibernate ORM core version 6.6.11.Final","service":"fms-core","version":"1.0.0","environment":"default"}
{"@timestamp":"2026-03-11T10:05:45.0052575+05:30","level":"INFO","logger_name":"org.hibernate.cache.internal.RegionFactoryInitiator","message":"HHH000026: Second-level cache disabled","service":"fms-core","version":"1.0.0","environment":"default"}
{"@timestamp":"2026-03-11T10:05:45.4101581+05:30","level":"INFO","logger_name":"org.springframework.orm.jpa.persistenceunit.SpringPersistenceUnitInfo","message":"No LoadTimeWeaver setup: ignoring JPA class transformer","service":"fms-core","version":"1.0.0","environment":"default"}
{"@timestamp":"2026-03-11T10:05:45.5910542+05:30","level":"INFO","logger_name":"org.hibernate.orm.connections.pooling","message":"HHH10001005: Database info:\n\tDatabase JDBC URL [Connecting through datasource 'HikariDataSource (HikariPool-1)']\n\tDatabase driver: undefined/unknown\n\tDatabase version: 8.1\n\tAutocommit mode: undefined/unknown\n\tIsolation level: undefined/unknown\n\tMinimum pool size: undefined/unknown\n\tMaximum pool size: undefined/unknown","service":"fms-core","version":"1.0.0","environment":"default"}
{"@timestamp":"2026-03-11T10:05:47.7850566+05:30","level":"INFO","logger_name":"org.hibernate.engine.transaction.jta.platform.internal.JtaPlatformInitiator","message":"HHH000489: No JTA platform available (set 'hibernate.transaction.jta.platform' to enable JTA platform integration)","service":"fms-core","version":"1.0.0","environment":"default"}
{"@timestamp":"2026-03-11T10:05:48.3354834+05:30","level":"INFO","logger_name":"org.springframework.orm.jpa.LocalContainerEntityManagerFactoryBean","message":"Initialized JPA EntityManagerFactory for persistence unit 'default'","service":"fms-core","version":"1.0.0","environment":"default"}
{"@timestamp":"2026-03-11T10:05:48.7174833+05:30","level":"INFO","logger_name":"org.springframework.data.jpa.repository.query.QueryEnhancerFactory","message":"Hibernate is in classpath; If applicable, HQL parser will be used.","service":"fms-core","version":"1.0.0","environment":"default"}
{"@timestamp":"2026-03-11T10:05:52.7794872+05:30","level":"WARN","logger_name":"org.drools.compiler.kie.builder.impl.KieBuilderImpl","message":"File 'ai-rules/default.drl' is in folder 'ai-rules' but declares package 'net.com.fms_core.ai.rules'. It is advised to have a correspondance between package and folder names.","service":"fms-core","version":"1.0.0","environment":"default"}
{"@timestamp":"2026-03-11T10:05:54.2974847+05:30","level":"INFO","logger_name":"net.com.fms_core.service.impl.AIKieService","message":"AI KIE base initialized successfully","service":"fms-core","version":"1.0.0","environment":"default"}
{"@timestamp":"2026-03-11T10:05:55.4725233+05:30","level":"WARN","logger_name":"org.springframework.boot.autoconfigure.orm.jpa.JpaBaseConfiguration$JpaWebConfiguration","message":"spring.jpa.open-in-view is enabled by default. Therefore, database queries may be performed during view rendering. Explicitly configure spring.jpa.open-in-view to disable this warning","service":"fms-core","version":"1.0.0","environment":"default"}
{"@timestamp":"2026-03-11T10:05:55.520582+05:30","level":"INFO","logger_name":"org.springframework.validation.beanvalidation.OptionalValidatorFactoryBean","message":"Failed to set up a Bean Validation provider: jakarta.validation.NoProviderFoundException: Unable to create a Configuration, because no Jakarta Bean Validation provider could be found. Add a provider like Hibernate Validator (RI) to your classpath.","service":"fms-core","version":"1.0.0","environment":"default"}
{"@timestamp":"2026-03-11T10:05:57.2379361+05:30","level":"INFO","logger_name":"org.springframework.cloud.commons.util.InetUtils","message":"Cannot determine local hostname","service":"fms-core","version":"1.0.0","environment":"default"}
{"@timestamp":"2026-03-11T10:05:57.9363333+05:30","level":"WARN","logger_name":"org.springframework.boot.devtools.autoconfigure.OptionalLiveReloadServer","message":"Unable to start LiveReload server","service":"fms-core","version":"1.0.0","environment":"default"}
{"@timestamp":"2026-03-11T10:05:58.9714915+05:30","level":"INFO","logger_name":"org.springframework.cloud.commons.util.InetUtils","message":"Cannot determine local hostname","service":"fms-core","version":"1.0.0","environment":"default"}
{"@timestamp":"2026-03-11T10:05:59.0064925+05:30","level":"INFO","logger_name":"org.springframework.cloud.netflix.eureka.config.DiscoveryClientOptionalArgsConfiguration","message":"Eureka HTTP Client uses RestTemplate.","service":"fms-core","version":"1.0.0","environment":"default"}
{"@timestamp":"2026-03-11T10:05:59.1025216+05:30","level":"WARN","logger_name":"org.springframework.cloud.loadbalancer.config.LoadBalancerCacheAutoConfiguration$LoadBalancerCaffeineWarnLogger","message":"Spring Cloud LoadBalancer is currently working with the default cache. While this cache implementation is useful for development and tests, it's recommended to use Caffeine cache in production.You can switch to using Caffeine cache, by adding it and org.springframework.cache.caffeine.CaffeineCacheManager to the classpath.","service":"fms-core","version":"1.0.0","environment":"default"}
{"@timestamp":"2026-03-11T10:05:59.117492+05:30","level":"INFO","logger_name":"org.springframework.boot.actuate.endpoint.web.EndpointLinksResolver","message":"Exposing 6 endpoints beneath base path '/actuator'","service":"fms-core","version":"1.0.0","environment":"default"}
{"@timestamp":"2026-03-11T10:05:59.2664882+05:30","level":"INFO","logger_name":"org.springframework.messaging.simp.broker.SimpleBrokerMessageHandler","message":"Starting...","service":"fms-core","version":"1.0.0","environment":"default"}
{"@timestamp":"2026-03-11T10:05:59.2674911+05:30","level":"INFO","logger_name":"org.springframework.messaging.simp.broker.SimpleBrokerMessageHandler","message":"BrokerAvailabilityEvent[available=true, SimpleBrokerMessageHandler [org.springframework.messaging.simp.broker.DefaultSubscriptionRegistry@1cfa0251]]","service":"fms-core","version":"1.0.0","environment":"default"}
{"@timestamp":"2026-03-11T10:05:59.2700941+05:30","level":"INFO","logger_name":"org.springframework.messaging.simp.broker.SimpleBrokerMessageHandler","message":"Started.","service":"fms-core","version":"1.0.0","environment":"default"}
{"@timestamp":"2026-03-11T10:05:59.2834895+05:30","level":"INFO","logger_name":"org.springframework.cloud.netflix.eureka.InstanceInfoFactory","message":"Setting initial instance status as: STARTING","service":"fms-core","version":"1.0.0","environment":"default"}
{"@timestamp":"2026-03-11T10:05:59.3145058+05:30","level":"INFO","logger_name":"com.netflix.discovery.DiscoveryClient","message":"Initializing Eureka in region us-east-1","service":"fms-core","version":"1.0.0","environment":"default"}
{"@timestamp":"2026-03-11T10:05:59.3184908+05:30","level":"INFO","logger_name":"com.netflix.discovery.shared.resolver.aws.ConfigClusterResolver","message":"Resolving eureka endpoints via configuration","service":"fms-core","version":"1.0.0","environment":"default"}
{"@timestamp":"2026-03-11T10:05:59.3334924+05:30","level":"INFO","logger_name":"com.netflix.discovery.DiscoveryClient","message":"Disable delta property : false","service":"fms-core","version":"1.0.0","environment":"default"}
{"@timestamp":"2026-03-11T10:05:59.3334924+05:30","level":"INFO","logger_name":"com.netflix.discovery.DiscoveryClient","message":"Single vip registry refresh property : null","service":"fms-core","version":"1.0.0","environment":"default"}
{"@timestamp":"2026-03-11T10:05:59.334491+05:30","level":"INFO","logger_name":"com.netflix.discovery.DiscoveryClient","message":"Force full registry fetch : false","service":"fms-core","version":"1.0.0","environment":"default"}
{"@timestamp":"2026-03-11T10:05:59.334491+05:30","level":"INFO","logger_name":"com.netflix.discovery.DiscoveryClient","message":"Application is null : false","service":"fms-core","version":"1.0.0","environment":"default"}
{"@timestamp":"2026-03-11T10:05:59.334491+05:30","level":"INFO","logger_name":"com.netflix.discovery.DiscoveryClient","message":"Registered Applications size is zero : true","service":"fms-core","version":"1.0.0","environment":"default"}
{"@timestamp":"2026-03-11T10:05:59.334491+05:30","level":"INFO","logger_name":"com.netflix.discovery.DiscoveryClient","message":"Application version is -1: true","service":"fms-core","version":"1.0.0","environment":"default"}
{"@timestamp":"2026-03-11T10:05:59.334491+05:30","level":"INFO","logger_name":"com.netflix.discovery.DiscoveryClient","message":"Getting all instance registry info from the eureka server","service":"fms-core","version":"1.0.0","environment":"default"}
{"@timestamp":"2026-03-11T10:05:59.9044962+05:30","level":"INFO","logger_name":"com.netflix.discovery.DiscoveryClient","message":"The response status is 200","service":"fms-core","version":"1.0.0","environment":"default"}
{"@timestamp":"2026-03-11T10:05:59.9094935+05:30","level":"INFO","logger_name":"com.netflix.discovery.DiscoveryClient","message":"Starting heartbeat executor: renew interval is: 30","service":"fms-core","version":"1.0.0","environment":"default"}
{"@timestamp":"2026-03-11T10:05:59.9134938+05:30","level":"INFO","logger_name":"com.netflix.discovery.InstanceInfoReplicator","message":"InstanceInfoReplicator onDemand update allowed rate per min is 4","service":"fms-core","version":"1.0.0","environment":"default"}
{"@timestamp":"2026-03-11T10:05:59.9174914+05:30","level":"INFO","logger_name":"com.netflix.discovery.DiscoveryClient","message":"Discovery Client initialized at timestamp 1773203759916 with initial instances count: 3","service":"fms-core","version":"1.0.0","environment":"default"}
{"@timestamp":"2026-03-11T10:05:59.9344917+05:30","level":"INFO","logger_name":"org.springframework.cloud.netflix.eureka.serviceregistry.EurekaServiceRegistry","message":"Registering application FMS_CORE with eureka with status UP","service":"fms-core","version":"1.0.0","environment":"default"}
{"@timestamp":"2026-03-11T10:05:59.9354909+05:30","level":"INFO","logger_name":"com.netflix.discovery.DiscoveryClient","message":"Saw local status change event StatusChangeEvent [timestamp=1773203759935, current=UP, previous=STARTING]","service":"fms-core","version":"1.0.0","environment":"default"}
{"@timestamp":"2026-03-11T10:05:59.9384926+05:30","level":"INFO","logger_name":"com.netflix.discovery.DiscoveryClient","message":"DiscoveryClient_FMS_CORE/localhost:fms_core:8084: registering service...","service":"fms-core","version":"1.0.0","environment":"default"}
{"@timestamp":"2026-03-11T10:06:00.0044896+05:30","level":"INFO","logger_name":"org.springframework.boot.web.embedded.tomcat.TomcatWebServer","message":"Tomcat started on port 8084 (http) with context path '/fms-core-service'","service":"fms-core","version":"1.0.0","environment":"default"}
{"@timestamp":"2026-03-11T10:06:00.0094914+05:30","level":"INFO","logger_name":"org.springframework.cloud.netflix.eureka.serviceregistry.EurekaAutoServiceRegistration","message":"Updating port to 8084","service":"fms-core","version":"1.0.0","environment":"default"}
{"@timestamp":"2026-03-11T10:06:00.0395105+05:30","level":"INFO","logger_name":"com.netflix.discovery.DiscoveryClient","message":"DiscoveryClient_FMS_CORE/localhost:fms_core:8084 - registration status: 204","service":"fms-core","version":"1.0.0","environment":"default"}
{"@timestamp":"2026-03-11T10:06:01.0211809+05:30","level":"INFO","logger_name":"org.springframework.cloud.commons.util.InetUtils","message":"Cannot determine local hostname","service":"fms-core","version":"1.0.0","environment":"default"}
{"@timestamp":"2026-03-11T10:06:01.0376048+05:30","level":"INFO","logger_name":"net.com.fms_core.FmsCoreApplication","message":"Started FmsCoreApplication in 25.983 seconds (process running for 29.831)","service":"fms-core","version":"1.0.0","environment":"default"}
{"@timestamp":"2026-03-11T10:06:01.9338455+05:30","level":"INFO","logger_name":"net.com.fms_core.controller.RiskController","message":"rulesList.size = 1","service":"fms-core","version":"1.0.0","environment":"default"}
{"@timestamp":"2026-03-11T10:06:02.166608+05:30","level":"INFO","logger_name":"org.drools.compiler.kie.builder.impl.KieContainerImpl","message":"Start creation of KieBase: defaultKieBase","service":"fms-core","version":"1.0.0","environment":"default"}
{"@timestamp":"2026-03-11T10:06:02.3186072+05:30","level":"INFO","logger_name":"org.drools.compiler.kie.builder.impl.KieContainerImpl","message":"End creation of KieBase: defaultKieBase","service":"fms-core","version":"1.0.0","environment":"default"}
{"@timestamp":"2026-03-11T10:06:02.3346063+05:30","level":"INFO","logger_name":"net.com.fms_core.config.SocketListener","message":"✅ FMS Receiver is listening on port 5000","service":"fms-core","version":"1.0.0","environment":"default"}
{"@timestamp":"2026-03-11T10:06:27.2262202+05:30","level":"INFO","logger_name":"org.apache.catalina.core.ContainerBase.[Tomcat].[localhost].[/fms-core-service]","message":"Initializing Spring DispatcherServlet 'dispatcherServlet'","service":"fms-core","version":"1.0.0","environment":"default"}
{"@timestamp":"2026-03-11T10:06:27.2262202+05:30","level":"INFO","logger_name":"org.springframework.web.servlet.DispatcherServlet","message":"Initializing Servlet 'dispatcherServlet'","service":"fms-core","version":"1.0.0","environment":"default"}
{"@timestamp":"2026-03-11T10:06:27.2322193+05:30","level":"INFO","logger_name":"org.springframework.web.servlet.DispatcherServlet","message":"Completed initialization in 6 ms","service":"fms-core","version":"1.0.0","environment":"default"}
{"@timestamp":"2026-03-11T10:06:27.4002177+05:30","level":"INFO","logger_name":"net.com.fms_core.controller.TransactionController","message":"Generating ML-based intelligent rules with pre-trained models...","service":"fms-core","version":"1.0.0","environment":"default"}
{"@timestamp":"2026-03-11T10:06:27.401217+05:30","level":"INFO","logger_name":"net.com.fms_core.service.impl.script.ProductionRuleGenerationService","message":"Generating advanced ML-based rules with trained models...","service":"fms-core","version":"1.0.0","environment":"default"}
{"@timestamp":"2026-03-11T10:06:33.9125868+05:30","level":"INFO","logger_name":"net.com.fms_core.service.impl.script.ProductionRuleGenerationService","message":"Advanced ML rule generation completed with exit code: 0","service":"fms-core","version":"1.0.0","environment":"default"}
{"@timestamp":"2026-03-11T10:06:59.1783666+05:30","level":"INFO","logger_name":"org.springframework.web.socket.config.WebSocketMessageBrokerStats","message":"WebSocketSession[0 current WS(0)-HttpStream(0)-HttpPoll(0), 0 total, 0 closed abnormally (0 connect failure, 0 send limit, 0 transport error)], stompSubProtocol[processed CONNECT(0)-CONNECTED(0)-DISCONNECT(0)], stompBrokerRelay[null], inboundChannel[pool size = 0, active threads = 0, queued tasks = 0, completed tasks = 0], outboundChannel[pool size = 0, active threads = 0, queued tasks = 0, completed tasks = 0], sockJsScheduler[pool size = 1, active threads = 1, queued tasks = 0, completed tasks = 0]","service":"fms-core","version":"1.0.0","environment":"default"}
{"@timestamp":"2026-03-11T10:07:49.6519694+05:30","level":"INFO","logger_name":"net.com.fms_core.controller.TransactionController","message":"Deploying dynamic rules to database and KIE base...","service":"fms-core","version":"1.0.0","environment":"default"}
{"@timestamp":"2026-03-11T10:07:49.6529743+05:30","level":"INFO","logger_name":"net.com.fms_core.service.impl.script.DynamicRuleGenerationService","message":"Starting deployment of dynamic rules to database and KIE base...","service":"fms-core","version":"1.0.0","environment":"default"}
{"@timestamp":"2026-03-11T10:07:49.654129+05:30","level":"DEBUG","logger_name":"net.com.fms_core.service.impl.script.DynamicRuleGenerationService","message":"Cleaned rules content: import net.com.fms_core.dto.message.IsoMessageDTO;\n\nrule \"Adaptive Risk Profile Detection\"\nwhen\n  $msg : IsoMessageDTO(amount > 1000)\nthen\n  $msg.setStatus(\"BLOCK\");\n  $msg.setConfidence(0.7008479218275723);\nend\n\n\n\nimport net.com.fms_core.dto.message.IsoMessageDTO;\n\nrule \"Ensemble Voting Decision\"\nwhen\n  $msg : IsoMessageDTO(fraud_probability >= 0.6816202892673278)\nthen\n  $msg.setStatus(\"BLOCK\");\n  $msg.setConfidence(0.6816202892673278);\nend\n\n\n\nimport net.com.fms_core.dto.message.IsoMessageDTO;\n","service":"fms-core","version":"1.0.0","environment":"default"}
{"@timestamp":"2026-03-11T10:07:49.6549778+05:30","level":"INFO","logger_name":"net.com.fms_core.service.impl.script.DynamicRuleGenerationService","message":"Expected to deploy 7 rules based on content analysis","service":"fms-core","version":"1.0.0","environment":"default"}
{"@timestamp":"2026-03-11T10:07:50.2189702+05:30","level":"INFO","logger_name":"net.com.fms_core.service.impl.script.DynamicRuleGenerationService","message":"Parsing 8 rule sections from content","service":"fms-core","version":"1.0.0","environment":"default"}
{"@timestamp":"2026-03-11T10:07:50.2409762+05:30","level":"INFO","logger_name":"net.com.fms_core.service.impl.script.DynamicRuleGenerationService","message":"Creating new rule: UnknownRule_1773203870218","service":"fms-core","version":"1.0.0","environment":"default"}
{"@timestamp":"2026-03-11T10:07:50.2555308+05:30","level":"INFO","logger_name":"net.com.fms_core.service.impl.script.DynamicRuleGenerationService","message":"Saved dynamic rule: UnknownRule_1773203870218 (ID: DYN_UnknownRule_1773203870218)","service":"fms-core","version":"1.0.0","environment":"default"}
{"@timestamp":"2026-03-11T10:07:50.2609698+05:30","level":"INFO","logger_name":"net.com.fms_core.service.impl.script.DynamicRuleGenerationService","message":"Updating existing rule: Adaptive Risk Profile Detection","service":"fms-core","version":"1.0.0","environment":"default"}
{"@timestamp":"2026-03-11T10:07:50.3074863+05:30","level":"INFO","logger_name":"net.com.fms_core.service.impl.script.DynamicRuleGenerationService","message":"Saved dynamic rule: Adaptive Risk Profile Detection (ID: DYN_Adaptive_Risk_Profile_Detection)","service":"fms-core","version":"1.0.0","environment":"default"}
{"@timestamp":"2026-03-11T10:07:50.3129706+05:30","level":"INFO","logger_name":"net.com.fms_core.service.impl.script.DynamicRuleGenerationService","message":"Creating new rule: Ensemble Voting Decision","service":"fms-core","version":"1.0.0","environment":"default"}
{"@timestamp":"2026-03-11T10:07:50.3249951+05:30","level":"INFO","logger_name":"net.com.fms_core.service.impl.script.DynamicRuleGenerationService","message":"Saved dynamic rule: Ensemble Voting Decision (ID: DYN_Ensemble_Voting_Decision)","service":"fms-core","version":"1.0.0","environment":"default"}
{"@timestamp":"2026-03-11T10:07:50.3309995+05:30","level":"INFO","logger_name":"net.com.fms_core.service.impl.script.DynamicRuleGenerationService","message":"Updating existing rule: Dynamic Merchant Risk Analysis","service":"fms-core","version":"1.0.0","environment":"default"}
{"@timestamp":"2026-03-11T10:07:50.3389764+05:30","level":"INFO","logger_name":"net.com.fms_core.service.impl.script.DynamicRuleGenerationService","message":"Saved dynamic rule: Dynamic Merchant Risk Analysis (ID: DYN_Dynamic_Merchant_Risk_Analysis)","service":"fms-core","version":"1.0.0","environment":"default"}
{"@timestamp":"2026-03-11T10:07:50.3450471+05:30","level":"INFO","logger_name":"net.com.fms_core.service.impl.script.DynamicRuleGenerationService","message":"Updating existing rule: Statistical Fee Anomaly Detection","service":"fms-core","version":"1.0.0","environment":"default"}
{"@timestamp":"2026-03-11T10:07:50.3640361+05:30","level":"INFO","logger_name":"net.com.fms_core.service.impl.script.DynamicRuleGenerationService","message":"Saved dynamic rule: Statistical Fee Anomaly Detection (ID: DYN_Statistical_Fee_Anomaly_Detection)","service":"fms-core","version":"1.0.0","environment":"default"}
{"@timestamp":"2026-03-11T10:07:50.3692455+05:30","level":"INFO","logger_name":"net.com.fms_core.service.impl.script.DynamicRuleGenerationService","message":"Creating new rule: Statistical Outlier Detection (customerRiskScore)","service":"fms-core","version":"1.0.0","environment":"default"}
{"@timestamp":"2026-03-11T10:07:50.3789902+05:30","level":"INFO","logger_name":"net.com.fms_core.service.impl.script.DynamicRuleGenerationService","message":"Saved dynamic rule: Statistical Outlier Detection (customerRiskScore) (ID: DYN_Statistical_Outlier_Detection__customerRiskScore_)","service":"fms-core","version":"1.0.0","environment":"default"}
{"@timestamp":"2026-03-11T10:07:50.384971+05:30","level":"INFO","logger_name":"net.com.fms_core.service.impl.script.DynamicRuleGenerationService","message":"Updating existing rule: Dynamic Amount Cluster Analysis","service":"fms-core","version":"1.0.0","environment":"default"}
{"@timestamp":"2026-03-11T10:07:50.399361+05:30","level":"INFO","logger_name":"net.com.fms_core.service.impl.script.DynamicRuleGenerationService","message":"Saved dynamic rule: Dynamic Amount Cluster Analysis (ID: DYN_Dynamic_Amount_Cluster_Analysis)","service":"fms-core","version":"1.0.0","environment":"default"}
{"@timestamp":"2026-03-11T10:07:50.4139673+05:30","level":"INFO","logger_name":"net.com.fms_core.service.impl.script.DynamicRuleGenerationService","message":"Creating new rule: Correlation Pattern Detection","service":"fms-core","version":"1.0.0","environment":"default"}
{"@timestamp":"2026-03-11T10:07:50.4299752+05:30","level":"INFO","logger_name":"net.com.fms_core.service.impl.script.DynamicRuleGenerationService","message":"Saved dynamic rule: Correlation Pattern Detection (ID: DYN_Correlation_Pattern_Detection)","service":"fms-core","version":"1.0.0","environment":"default"}
{"@timestamp":"2026-03-11T10:07:50.4299752+05:30","level":"INFO","logger_name":"net.com.fms_core.service.impl.script.DynamicRuleGenerationService","message":"Successfully parsed and saved 8 rules out of 8 sections","service":"fms-core","version":"1.0.0","environment":"default"}
{"@timestamp":"2026-03-11T10:07:50.4310044+05:30","level":"INFO","logger_name":"net.com.fms_core.service.impl.AIKieService","message":"Cleared existing AI KIE container","service":"fms-core","version":"1.0.0","environment":"default"}
{"@timestamp":"2026-03-11T10:07:50.7419695+05:30","level":"ERROR","logger_name":"org.drools.compiler.kie.builder.impl.KieProject","message":"Unable to build KieBaseModel:defaultKieBase\n[3,44]: [ERR 102] Line 3:44 mismatched input 'in' in rule \"Dynamic Merchant Risk Analysis\"\n[0,0]: Parser returned a null Package\nUnable to Analyse Expression fraud_probability >= 0.6816202892673278:\n[Error: unable to resolve method using strict-mode: net.com.fms_core.dto.message.IsoMessageDTO.fraud_probability()]\n[Near : {... fraud_probability >= 0.6816202 ....}]\n             ^\n[Line: 3, Column: 2] : [Rule name='Ensemble Voting Decision']\n\nUnable to Analyse Expression fee_ratio > 0.030362865404772676:\n[Error: unable to resolve method using strict-mode: net.com.fms_core.dto.message.IsoMessageDTO.fee_ratio()]\n[Near : {... fee_ratio > 0.0303628654047726 ....}]\n             ^\n[Line: 3, Column: 2] : [Rule name='Statistical Fee Anomaly Detection']\n\nRule Compilation error : [Rule name='Dynamic Amount Cluster Analysis']\n\tThe method setConfidence(double) is undefined for the type IsoMessageDTO\n\nRule Compilation error : [Rule name='Statistical Outlier Detection (customerRiskScore)']\n\tThe method setConfidence(double) is undefined for the type IsoMessageDTO\n\nRule Compilation error : [Rule name='Correlation Pattern Detection']\n\tThe method setConfidence(double) is undefined for the type IsoMessageDTO\n\nRule Compilation error : [Rule name='Statistical Fee Anomaly Detection']\n\tThe method setConfidence(double) is undefined for the type IsoMessageDTO\n\nRule Compilation error : [Rule name='Ensemble Voting Decision']\n\tThe method setConfidence(double) is undefined for the type IsoMessageDTO\n\nRule Compilation error : [Rule name='Adaptive Risk Profile Detection']\n\tThe method setConfidence(double) is undefined for the type IsoMessageDTO\n\n","service":"fms-core","version":"1.0.0","environment":"default"}
{"@timestamp":"2026-03-11T10:07:50.7430021+05:30","level":"ERROR","logger_name":"net.com.fms_core.service.impl.AIKieService","message":"AI rules build errors: [Message [id=1, kieBase=defaultKieBase, level=ERROR, path=ai-rules/rule_3.drl, line=3, column=0\n   text=[ERR 102] Line 3:44 mismatched input 'in' in rule \"Dynamic Merchant Risk Analysis\"], Message [id=2, kieBase=defaultKieBase, level=ERROR, path=ai-rules/rule_3.drl, line=0, column=0\n   text=Parser returned a null Package], Message [id=3, kieBase=defaultKieBase, level=ERROR, path=ai-rules/rule_2.drl, line=3, column=0\n   text=Unable to Analyse Expression fraud_probability >= 0.6816202892673278:\n[Error: unable to resolve method using strict-mode: net.com.fms_core.dto.message.IsoMessageDTO.fraud_probability()]\n[Near : {... fraud_probability >= 0.6816202 ....}]\n             ^\n[Line: 3, Column: 2]], Message [id=4, kieBase=defaultKieBase, level=ERROR, path=ai-rules/rule_4.drl, line=3, column=0\n   text=Unable to Analyse Expression fee_ratio > 0.030362865404772676:\n[Error: unable to resolve method using strict-mode: net.com.fms_core.dto.message.IsoMessageDTO.fee_ratio()]\n[Near : {... fee_ratio > 0.0303628654047726 ....}]\n             ^\n[Line: 3, Column: 2]], Message [id=5, kieBase=defaultKieBase, level=ERROR, path=ai-rules/rule_6.drl, line=1, column=0\n   text=Rule Compilation error The method setConfidence(double) is undefined for the type IsoMessageDTO], Message [id=6, kieBase=defaultKieBase, level=ERROR, path=ai-rules/rule_5.drl, line=1, column=0\n   text=Rule Compilation error The method setConfidence(double) is undefined for the type IsoMessageDTO], Message [id=7, kieBase=defaultKieBase, level=ERROR, path=ai-rules/rule_7.drl, line=1, column=0\n   text=Rule Compilation error The method setConfidence(double) is undefined for the type IsoMessageDTO], Message [id=8, kieBase=defaultKieBase, level=ERROR, path=ai-rules/rule_4.drl, line=1, column=0\n   text=Rule Compilation error The method setConfidence(double) is undefined for the type IsoMessageDTO], Message [id=9, kieBase=defaultKieBase, level=ERROR, path=ai-rules/rule_2.drl, line=1, column=0\n   text=Rule Compilation error The method setConfidence(double) is undefined for the type IsoMessageDTO], Message [id=10, kieBase=defaultKieBase, level=ERROR, path=ai-rules/rule_1.drl, line=1, column=0\n   text=Rule Compilation error The method setConfidence(double) is undefined for the type IsoMessageDTO]]","service":"fms-core","version":"1.0.0","environment":"default"}
{"@timestamp":"2026-03-11T10:07:50.7450111+05:30","level":"ERROR","logger_name":"net.com.fms_core.service.impl.AIKieService","message":"Failed to deploy AI rules","service":"fms-core","version":"1.0.0","environment":"default"}
{"@timestamp":"2026-03-11T10:07:50.7494377+05:30","level":"ERROR","logger_name":"net.com.fms_core.service.impl.script.DynamicRuleGenerationService","message":"Failed to deploy dynamic rules: AI rules deployment failed","service":"fms-core","version":"1.0.0","environment":"default"}
{"@timestamp":"2026-03-11T10:07:50.7499751+05:30","level":"INFO","logger_name":"net.com.fms_core.service.impl.script.DynamicRuleGenerationService","message":"Successfully completed deployment of 7 rules","service":"fms-core","version":"1.0.0","environment":"default"}
{"@timestamp":"2026-03-11T10:10:52.0512479+05:30","level":"INFO","logger_name":"org.springframework.cloud.netflix.eureka.serviceregistry.EurekaServiceRegistry","message":"Unregistering application FMS_CORE with eureka with status DOWN","service":"fms-core","version":"1.0.0","environment":"default"}
{"@timestamp":"2026-03-11T10:10:52.0522516+05:30","level":"INFO","logger_name":"com.netflix.discovery.DiscoveryClient","message":"Saw local status change event StatusChangeEvent [timestamp=1773204052052, current=DOWN, previous=UP]","service":"fms-core","version":"1.0.0","environment":"default"}
{"@timestamp":"2026-03-11T10:10:52.0522516+05:30","level":"INFO","logger_name":"com.netflix.discovery.DiscoveryClient","message":"DiscoveryClient_FMS_CORE/localhost:fms_core:8084: registering service...","service":"fms-core","version":"1.0.0","environment":"default"}
{"@timestamp":"2026-03-11T10:10:52.0572542+05:30","level":"INFO","logger_name":"org.springframework.boot.web.embedded.tomcat.GracefulShutdown","message":"Commencing graceful shutdown. Waiting for active requests to complete","service":"fms-core","version":"1.0.0","environment":"default"}
{"@timestamp":"2026-03-11T10:10:52.0682466+05:30","level":"INFO","logger_name":"com.netflix.discovery.DiscoveryClient","message":"DiscoveryClient_FMS_CORE/localhost:fms_core:8084 - registration status: 204","service":"fms-core","version":"1.0.0","environment":"default"}
{"@timestamp":"2026-03-11T10:10:52.0732471+05:30","level":"INFO","logger_name":"org.springframework.boot.web.embedded.tomcat.GracefulShutdown","message":"Graceful shutdown complete","service":"fms-core","version":"1.0.0","environment":"default"}
{"@timestamp":"2026-03-11T10:10:52.0762471+05:30","level":"INFO","logger_name":"org.springframework.messaging.simp.broker.SimpleBrokerMessageHandler","message":"Stopping...","service":"fms-core","version":"1.0.0","environment":"default"}
{"@timestamp":"2026-03-11T10:10:52.0762471+05:30","level":"INFO","logger_name":"org.springframework.messaging.simp.broker.SimpleBrokerMessageHandler","message":"BrokerAvailabilityEvent[available=false, SimpleBrokerMessageHandler [org.springframework.messaging.simp.broker.DefaultSubscriptionRegistry@1cfa0251]]","service":"fms-core","version":"1.0.0","environment":"default"}
{"@timestamp":"2026-03-11T10:10:52.0762471+05:30","level":"INFO","logger_name":"org.springframework.messaging.simp.broker.SimpleBrokerMessageHandler","message":"Stopped.","service":"fms-core","version":"1.0.0","environment":"default"}
{"@timestamp":"2026-03-11T10:10:52.1006892+05:30","level":"INFO","logger_name":"org.springframework.orm.jpa.LocalContainerEntityManagerFactoryBean","message":"Closing JPA EntityManagerFactory for persistence unit 'default'","service":"fms-core","version":"1.0.0","environment":"default"}
{"@timestamp":"2026-03-11T10:10:52.1052566+05:30","level":"INFO","logger_name":"com.zaxxer.hikari.HikariDataSource","message":"HikariPool-1 - Shutdown initiated...","service":"fms-core","version":"1.0.0","environment":"default"}
{"@timestamp":"2026-03-11T10:10:52.1282479+05:30","level":"INFO","logger_name":"com.zaxxer.hikari.HikariDataSource","message":"HikariPool-1 - Shutdown completed.","service":"fms-core","version":"1.0.0","environment":"default"}
{"@timestamp":"2026-03-11T10:10:52.1302465+05:30","level":"INFO","logger_name":"com.netflix.discovery.DiscoveryClient","message":"Shutting down DiscoveryClient ...","service":"fms-core","version":"1.0.0","environment":"default"}
{"@timestamp":"2026-03-11T10:10:55.131393+05:30","level":"INFO","logger_name":"com.netflix.discovery.DiscoveryClient","message":"Unregistering ...","service":"fms-core","version":"1.0.0","environment":"default"}
{"@timestamp":"2026-03-11T10:10:55.1511255+05:30","level":"INFO","logger_name":"com.netflix.discovery.DiscoveryClient","message":"DiscoveryClient_FMS_CORE/localhost:fms_core:8084 - deregister  status: 200","service":"fms-core","version":"1.0.0","environment":"default"}
{"@timestamp":"2026-03-11T10:10:55.1523406+05:30","level":"INFO","logger_name":"com.netflix.discovery.DiscoveryClient","message":"Completed shut down of DiscoveryClient","service":"fms-core","version":"1.0.0","environment":"default"}
{"@timestamp":"2026-03-11T10:11:14.9777443+05:30","level":"INFO","logger_name":"net.com.fms_core.FmsCoreApplication","message":"Starting FmsCoreApplication using Java 21.0.2 with PID 24616 (C:\\Users\\kavinda_d\\Documents\\e soft\\final project\\project\\fms backend\\fms_core\\target\\classes started by kavinda_d in C:\\Users\\kavinda_d\\Documents\\e soft\\final project\\project\\fms backend)","service":"fms-core","version":"1.0.0","environment":"default"}
{"@timestamp":"2026-03-11T10:11:14.9897453+05:30","level":"DEBUG","logger_name":"net.com.fms_core.FmsCoreApplication","message":"Running with Spring Boot v3.4.4, Spring v6.2.5","service":"fms-core","version":"1.0.0","environment":"default"}
{"@timestamp":"2026-03-11T10:11:14.9907461+05:30","level":"INFO","logger_name":"net.com.fms_core.FmsCoreApplication","message":"The following 1 profile is active: \"dev\"","service":"fms-core","version":"1.0.0","environment":"default"}
{"@timestamp":"2026-03-11T10:11:15.0807483+05:30","level":"INFO","logger_name":"org.springframework.cloud.config.client.ConfigServerConfigDataLoader","message":"Fetching config from server at : http://localhost:8888","service":"fms-core","version":"1.0.0","environment":"default"}
{"@timestamp":"2026-03-11T10:11:15.0817661+05:30","level":"INFO","logger_name":"org.springframework.cloud.config.client.ConfigServerConfigDataLoader","message":"Located environment: name=fms_core, profiles=[dev], label=null, version=null, state=null","service":"fms-core","version":"1.0.0","environment":"default"}
{"@timestamp":"2026-03-11T10:11:15.0847527+05:30","level":"INFO","logger_name":"org.springframework.boot.devtools.env.DevToolsPropertyDefaultsPostProcessor","message":"Devtools property defaults active! Set 'spring.devtools.add-properties' to 'false' to disable","service":"fms-core","version":"1.0.0","environment":"default"}
{"@timestamp":"2026-03-11T10:11:15.0847527+05:30","level":"INFO","logger_name":"org.springframework.boot.devtools.env.DevToolsPropertyDefaultsPostProcessor","message":"For additional web related logging consider setting the 'logging.level.web' property to 'DEBUG'","service":"fms-core","version":"1.0.0","environment":"default"}
{"@timestamp":"2026-03-11T10:11:17.2788092+05:30","level":"INFO","logger_name":"org.springframework.data.repository.config.RepositoryConfigurationDelegate","message":"Bootstrapping Spring Data JPA repositories in DEFAULT mode.","service":"fms-core","version":"1.0.0","environment":"default"}
{"@timestamp":"2026-03-11T10:11:17.6217289+05:30","level":"INFO","logger_name":"org.springframework.data.repository.config.RepositoryConfigurationDelegate","message":"Finished Spring Data repository scanning in 332 ms. Found 23 JPA repository interfaces.","service":"fms-core","version":"1.0.0","environment":"default"}
{"@timestamp":"2026-03-11T10:11:18.0787139+05:30","level":"INFO","logger_name":"org.springframework.cloud.context.scope.GenericScope","message":"BeanFactory id=00be10ca-805b-33a6-ba0f-6f93d757e18b","service":"fms-core","version":"1.0.0","environment":"default"}
{"@timestamp":"2026-03-11T10:11:19.3937155+05:30","level":"INFO","logger_name":"org.springframework.boot.web.embedded.tomcat.TomcatWebServer","message":"Tomcat initialized with port 8084 (http)","service":"fms-core","version":"1.0.0","environment":"default"}
{"@timestamp":"2026-03-11T10:11:19.4179384+05:30","level":"INFO","logger_name":"org.apache.catalina.core.StandardService","message":"Starting service [Tomcat]","service":"fms-core","version":"1.0.0","environment":"default"}
{"@timestamp":"2026-03-11T10:11:19.4187189+05:30","level":"INFO","logger_name":"org.apache.catalina.core.StandardEngine","message":"Starting Servlet engine: [Apache Tomcat/10.1.39]","service":"fms-core","version":"1.0.0","environment":"default"}
{"@timestamp":"2026-03-11T10:11:19.4997125+05:30","level":"INFO","logger_name":"org.apache.catalina.core.ContainerBase.[Tomcat].[localhost].[/fms-core-service]","message":"Initializing Spring embedded WebApplicationContext","service":"fms-core","version":"1.0.0","environment":"default"}
{"@timestamp":"2026-03-11T10:11:19.5007131+05:30","level":"INFO","logger_name":"org.springframework.boot.web.servlet.context.ServletWebServerApplicationContext","message":"Root WebApplicationContext: initialization completed in 4415 ms","service":"fms-core","version":"1.0.0","environment":"default"}
{"@timestamp":"2026-03-11T10:11:20.1797138+05:30","level":"INFO","logger_name":"com.zaxxer.hikari.HikariDataSource","message":"HikariPool-1 - Starting...","service":"fms-core","version":"1.0.0","environment":"default"}
{"@timestamp":"2026-03-11T10:11:20.4047954+05:30","level":"INFO","logger_name":"com.zaxxer.hikari.pool.HikariPool","message":"HikariPool-1 - Added connection com.mysql.cj.jdbc.ConnectionImpl@e88a86e","service":"fms-core","version":"1.0.0","environment":"default"}
{"@timestamp":"2026-03-11T10:11:20.4077161+05:30","level":"INFO","logger_name":"com.zaxxer.hikari.HikariDataSource","message":"HikariPool-1 - Start completed.","service":"fms-core","version":"1.0.0","environment":"default"}
{"@timestamp":"2026-03-11T10:11:20.4887138+05:30","level":"INFO","logger_name":"org.hibernate.jpa.internal.util.LogHelper","message":"HHH000204: Processing PersistenceUnitInfo [name: default]","service":"fms-core","version":"1.0.0","environment":"default"}
{"@timestamp":"2026-03-11T10:11:20.6337172+05:30","level":"INFO","logger_name":"org.hibernate.Version","message":"HHH000412: Hibernate ORM core version 6.6.11.Final","service":"fms-core","version":"1.0.0","environment":"default"}
{"@timestamp":"2026-03-11T10:11:20.7237183+05:30","level":"INFO","logger_name":"org.hibernate.cache.internal.RegionFactoryInitiator","message":"HHH000026: Second-level cache disabled","service":"fms-core","version":"1.0.0","environment":"default"}
{"@timestamp":"2026-03-11T10:11:21.2112001+05:30","level":"INFO","logger_name":"org.springframework.orm.jpa.persistenceunit.SpringPersistenceUnitInfo","message":"No LoadTimeWeaver setup: ignoring JPA class transformer","service":"fms-core","version":"1.0.0","environment":"default"}
{"@timestamp":"2026-03-11T10:11:21.3417139+05:30","level":"INFO","logger_name":"org.hibernate.orm.connections.pooling","message":"HHH10001005: Database info:\n\tDatabase JDBC URL [Connecting through datasource 'HikariDataSource (HikariPool-1)']\n\tDatabase driver: undefined/unknown\n\tDatabase version: 8.1\n\tAutocommit mode: undefined/unknown\n\tIsolation level: undefined/unknown\n\tMinimum pool size: undefined/unknown\n\tMaximum pool size: undefined/unknown","service":"fms-core","version":"1.0.0","environment":"default"}
{"@timestamp":"2026-03-11T10:11:24.6987311+05:30","level":"INFO","logger_name":"org.hibernate.engine.transaction.jta.platform.internal.JtaPlatformInitiator","message":"HHH000489: No JTA platform available (set 'hibernate.transaction.jta.platform' to enable JTA platform integration)","service":"fms-core","version":"1.0.0","environment":"default"}
{"@timestamp":"2026-03-11T10:11:27.2667711+05:30","level":"INFO","logger_name":"org.springframework.orm.jpa.LocalContainerEntityManagerFactoryBean","message":"Initialized JPA EntityManagerFactory for persistence unit 'default'","service":"fms-core","version":"1.0.0","environment":"default"}
{"@timestamp":"2026-03-11T10:11:29.0747161+05:30","level":"INFO","logger_name":"org.springframework.data.jpa.repository.query.QueryEnhancerFactory","message":"Hibernate is in classpath; If applicable, HQL parser will be used.","service":"fms-core","version":"1.0.0","environment":"default"}
{"@timestamp":"2026-03-11T10:11:39.5988901+05:30","level":"WARN","logger_name":"org.drools.compiler.kie.builder.impl.KieBuilderImpl","message":"File 'ai-rules/default.drl' is in folder 'ai-rules' but declares package 'net.com.fms_core.ai.rules'. It is advised to have a correspondance between package and folder names.","service":"fms-core","version":"1.0.0","environment":"default"}
{"@timestamp":"2026-03-11T10:11:46.0896887+05:30","level":"INFO","logger_name":"net.com.fms_core.service.impl.AIKieService","message":"AI KIE base initialized successfully","service":"fms-core","version":"1.0.0","environment":"default"}
{"@timestamp":"2026-03-11T10:11:48.7278293+05:30","level":"WARN","logger_name":"org.springframework.boot.autoconfigure.orm.jpa.JpaBaseConfiguration$JpaWebConfiguration","message":"spring.jpa.open-in-view is enabled by default. Therefore, database queries may be performed during view rendering. Explicitly configure spring.jpa.open-in-view to disable this warning","service":"fms-core","version":"1.0.0","environment":"default"}
{"@timestamp":"2026-03-11T10:11:48.8587102+05:30","level":"INFO","logger_name":"org.springframework.validation.beanvalidation.OptionalValidatorFactoryBean","message":"Failed to set up a Bean Validation provider: jakarta.validation.NoProviderFoundException: Unable to create a Configuration, because no Jakarta Bean Validation provider could be found. Add a provider like Hibernate Validator (RI) to your classpath.","service":"fms-core","version":"1.0.0","environment":"default"}
{"@timestamp":"2026-03-11T10:11:51.8951937+05:30","level":"INFO","logger_name":"org.springframework.cloud.commons.util.InetUtils","message":"Cannot determine local hostname","service":"fms-core","version":"1.0.0","environment":"default"}
{"@timestamp":"2026-03-11T10:11:54.4323463+05:30","level":"WARN","logger_name":"org.springframework.boot.devtools.autoconfigure.OptionalLiveReloadServer","message":"Unable to start LiveReload server","service":"fms-core","version":"1.0.0","environment":"default"}
{"@timestamp":"2026-03-11T10:11:55.5275967+05:30","level":"INFO","logger_name":"org.springframework.cloud.commons.util.InetUtils","message":"Cannot determine local hostname","service":"fms-core","version":"1.0.0","environment":"default"}
{"@timestamp":"2026-03-11T10:11:55.6042417+05:30","level":"INFO","logger_name":"org.springframework.cloud.netflix.eureka.config.DiscoveryClientOptionalArgsConfiguration","message":"Eureka HTTP Client uses RestTemplate.","service":"fms-core","version":"1.0.0","environment":"default"}
{"@timestamp":"2026-03-11T10:11:55.7822454+05:30","level":"WARN","logger_name":"org.springframework.cloud.loadbalancer.config.LoadBalancerCacheAutoConfiguration$LoadBalancerCaffeineWarnLogger","message":"Spring Cloud LoadBalancer is currently working with the default cache. While this cache implementation is useful for development and tests, it's recommended to use Caffeine cache in production.You can switch to using Caffeine cache, by adding it and org.springframework.cache.caffeine.CaffeineCacheManager to the classpath.","service":"fms-core","version":"1.0.0","environment":"default"}
{"@timestamp":"2026-03-11T10:11:55.809351+05:30","level":"INFO","logger_name":"org.springframework.boot.actuate.endpoint.web.EndpointLinksResolver","message":"Exposing 6 endpoints beneath base path '/actuator'","service":"fms-core","version":"1.0.0","environment":"default"}
{"@timestamp":"2026-03-11T10:11:56.1052566+05:30","level":"INFO","logger_name":"org.springframework.messaging.simp.broker.SimpleBrokerMessageHandler","message":"Starting...","service":"fms-core","version":"1.0.0","environment":"default"}
{"@timestamp":"2026-03-11T10:11:56.108258+05:30","level":"INFO","logger_name":"org.springframework.messaging.simp.broker.SimpleBrokerMessageHandler","message":"BrokerAvailabilityEvent[available=true, SimpleBrokerMessageHandler [org.springframework.messaging.simp.broker.DefaultSubscriptionRegistry@7625f9b2]]","service":"fms-core","version":"1.0.0","environment":"default"}
{"@timestamp":"2026-03-11T10:11:56.1122566+05:30","level":"INFO","logger_name":"org.springframework.messaging.simp.broker.SimpleBrokerMessageHandler","message":"Started.","service":"fms-core","version":"1.0.0","environment":"default"}
{"@timestamp":"2026-03-11T10:11:56.14832+05:30","level":"INFO","logger_name":"org.springframework.cloud.netflix.eureka.InstanceInfoFactory","message":"Setting initial instance status as: STARTING","service":"fms-core","version":"1.0.0","environment":"default"}
{"@timestamp":"2026-03-11T10:11:56.2822733+05:30","level":"INFO","logger_name":"com.netflix.discovery.DiscoveryClient","message":"Initializing Eureka in region us-east-1","service":"fms-core","version":"1.0.0","environment":"default"}
{"@timestamp":"2026-03-11T10:11:56.2982644+05:30","level":"INFO","logger_name":"com.netflix.discovery.shared.resolver.aws.ConfigClusterResolver","message":"Resolving eureka endpoints via configuration","service":"fms-core","version":"1.0.0","environment":"default"}
{"@timestamp":"2026-03-11T10:11:56.4273503+05:30","level":"INFO","logger_name":"com.netflix.discovery.DiscoveryClient","message":"Disable delta property : false","service":"fms-core","version":"1.0.0","environment":"default"}
{"@timestamp":"2026-03-11T10:11:56.4282897+05:30","level":"INFO","logger_name":"com.netflix.discovery.DiscoveryClient","message":"Single vip registry refresh property : null","service":"fms-core","version":"1.0.0","environment":"default"}
{"@timestamp":"2026-03-11T10:11:56.4292683+05:30","level":"INFO","logger_name":"com.netflix.discovery.DiscoveryClient","message":"Force full registry fetch : false","service":"fms-core","version":"1.0.0","environment":"default"}
{"@timestamp":"2026-03-11T10:11:56.4297196+05:30","level":"INFO","logger_name":"com.netflix.discovery.DiscoveryClient","message":"Application is null : false","service":"fms-core","version":"1.0.0","environment":"default"}
{"@timestamp":"2026-03-11T10:11:56.4302671+05:30","level":"INFO","logger_name":"com.netflix.discovery.DiscoveryClient","message":"Registered Applications size is zero : true","service":"fms-core","version":"1.0.0","environment":"default"}
{"@timestamp":"2026-03-11T10:11:56.4302671+05:30","level":"INFO","logger_name":"com.netflix.discovery.DiscoveryClient","message":"Application version is -1: true","service":"fms-core","version":"1.0.0","environment":"default"}
{"@timestamp":"2026-03-11T10:11:56.4302671+05:30","level":"INFO","logger_name":"com.netflix.discovery.DiscoveryClient","message":"Getting all instance registry info from the eureka server","service":"fms-core","version":"1.0.0","environment":"default"}
{"@timestamp":"2026-03-11T10:11:57.9107052+05:30","level":"INFO","logger_name":"com.netflix.discovery.DiscoveryClient","message":"The response status is 200","service":"fms-core","version":"1.0.0","environment":"default"}
{"@timestamp":"2026-03-11T10:11:57.9136989+05:30","level":"INFO","logger_name":"com.netflix.discovery.DiscoveryClient","message":"Starting heartbeat executor: renew interval is: 30","service":"fms-core","version":"1.0.0","environment":"default"}
{"@timestamp":"2026-03-11T10:11:57.9177021+05:30","level":"INFO","logger_name":"com.netflix.discovery.InstanceInfoReplicator","message":"InstanceInfoReplicator onDemand update allowed rate per min is 4","service":"fms-core","version":"1.0.0","environment":"default"}
{"@timestamp":"2026-03-11T10:11:57.9207061+05:30","level":"INFO","logger_name":"com.netflix.discovery.DiscoveryClient","message":"Discovery Client initialized at timestamp 1773204117920 with initial instances count: 3","service":"fms-core","version":"1.0.0","environment":"default"}
{"@timestamp":"2026-03-11T10:11:57.9327019+05:30","level":"INFO","logger_name":"org.springframework.cloud.netflix.eureka.serviceregistry.EurekaServiceRegistry","message":"Registering application FMS_CORE with eureka with status UP","service":"fms-core","version":"1.0.0","environment":"default"}
{"@timestamp":"2026-03-11T10:11:57.9338948+05:30","level":"INFO","logger_name":"com.netflix.discovery.DiscoveryClient","message":"Saw local status change event StatusChangeEvent [timestamp=1773204117933, current=UP, previous=STARTING]","service":"fms-core","version":"1.0.0","environment":"default"}
{"@timestamp":"2026-03-11T10:11:57.9367025+05:30","level":"INFO","logger_name":"com.netflix.discovery.DiscoveryClient","message":"DiscoveryClient_FMS_CORE/localhost:fms_core:8084: registering service...","service":"fms-core","version":"1.0.0","environment":"default"}
{"@timestamp":"2026-03-11T10:11:57.9767041+05:30","level":"INFO","logger_name":"org.springframework.boot.web.embedded.tomcat.TomcatWebServer","message":"Tomcat started on port 8084 (http) with context path '/fms-core-service'","service":"fms-core","version":"1.0.0","environment":"default"}
{"@timestamp":"2026-03-11T10:11:57.9779767+05:30","level":"INFO","logger_name":"org.springframework.cloud.netflix.eureka.serviceregistry.EurekaAutoServiceRegistration","message":"Updating port to 8084","service":"fms-core","version":"1.0.0","environment":"default"}
{"@timestamp":"2026-03-11T10:11:58.007892+05:30","level":"INFO","logger_name":"com.netflix.discovery.DiscoveryClient","message":"DiscoveryClient_FMS_CORE/localhost:fms_core:8084 - registration status: 204","service":"fms-core","version":"1.0.0","environment":"default"}
{"@timestamp":"2026-03-11T10:11:58.9978781+05:30","level":"INFO","logger_name":"org.springframework.cloud.commons.util.InetUtils","message":"Cannot determine local hostname","service":"fms-core","version":"1.0.0","environment":"default"}
{"@timestamp":"2026-03-11T10:11:59.0237437+05:30","level":"INFO","logger_name":"net.com.fms_core.FmsCoreApplication","message":"Started FmsCoreApplication in 47.081 seconds (process running for 49.405)","service":"fms-core","version":"1.0.0","environment":"default"}
{"@timestamp":"2026-03-11T10:12:00.0901228+05:30","level":"INFO","logger_name":"net.com.fms_core.controller.RiskController","message":"rulesList.size = 1","service":"fms-core","version":"1.0.0","environment":"default"}
{"@timestamp":"2026-03-11T10:12:00.3107851+05:30","level":"INFO","logger_name":"org.drools.compiler.kie.builder.impl.KieContainerImpl","message":"Start creation of KieBase: defaultKieBase","service":"fms-core","version":"1.0.0","environment":"default"}
{"@timestamp":"2026-03-11T10:12:00.4477893+05:30","level":"INFO","logger_name":"org.drools.compiler.kie.builder.impl.KieContainerImpl","message":"End creation of KieBase: defaultKieBase","service":"fms-core","version":"1.0.0","environment":"default"}
{"@timestamp":"2026-03-11T10:12:00.9792936+05:30","level":"INFO","logger_name":"net.com.fms_core.controller.RiskController","message":"rulesList.size = 1","service":"fms-core","version":"1.0.0","environment":"default"}
{"@timestamp":"2026-03-11T10:12:01.0938269+05:30","level":"INFO","logger_name":"org.drools.compiler.kie.builder.impl.KieContainerImpl","message":"Start creation of KieBase: defaultKieBase","service":"fms-core","version":"1.0.0","environment":"default"}
{"@timestamp":"2026-03-11T10:12:01.1069778+05:30","level":"INFO","logger_name":"org.drools.compiler.kie.builder.impl.KieContainerImpl","message":"End creation of KieBase: defaultKieBase","service":"fms-core","version":"1.0.0","environment":"default"}
{"@timestamp":"2026-03-11T10:12:01.1108117+05:30","level":"INFO","logger_name":"net.com.fms_core.config.SocketListener","message":"✅ FMS Receiver is listening on port 5000","service":"fms-core","version":"1.0.0","environment":"default"}
{"@timestamp":"2026-03-11T10:12:18.152466+05:30","level":"INFO","logger_name":"org.apache.catalina.core.ContainerBase.[Tomcat].[localhost].[/fms-core-service]","message":"Initializing Spring DispatcherServlet 'dispatcherServlet'","service":"fms-core","version":"1.0.0","environment":"default"}
{"@timestamp":"2026-03-11T10:12:18.152466+05:30","level":"INFO","logger_name":"org.springframework.web.servlet.DispatcherServlet","message":"Initializing Servlet 'dispatcherServlet'","service":"fms-core","version":"1.0.0","environment":"default"}
{"@timestamp":"2026-03-11T10:12:18.1574633+05:30","level":"INFO","logger_name":"org.springframework.web.servlet.DispatcherServlet","message":"Completed initialization in 3 ms","service":"fms-core","version":"1.0.0","environment":"default"}
{"@timestamp":"2026-03-11T10:12:18.3314723+05:30","level":"INFO","logger_name":"net.com.fms_core.controller.TransactionController","message":"Deploying dynamic rules to database and KIE base...","service":"fms-core","version":"1.0.0","environment":"default"}
{"@timestamp":"2026-03-11T10:12:18.3314723+05:30","level":"INFO","logger_name":"net.com.fms_core.service.impl.script.DynamicRuleGenerationService","message":"Starting deployment of dynamic rules to database and KIE base...","service":"fms-core","version":"1.0.0","environment":"default"}
{"@timestamp":"2026-03-11T10:12:18.3314723+05:30","level":"DEBUG","logger_name":"net.com.fms_core.service.impl.script.DynamicRuleGenerationService","message":"Cleaned rules content: import net.com.fms_core.dto.message.IsoMessageDTO;\n\nrule \"Adaptive Risk Profile Detection\"\nwhen\n  $msg : IsoMessageDTO(amount > 1000)\nthen\n  $msg.setStatus(\"BLOCK\");\n  $msg.setConfidence(0.7008479218275723);\nend\n\n\n\nimport net.com.fms_core.dto.message.IsoMessageDTO;\n\nrule \"Ensemble Voting Decision\"\nwhen\n  $msg : IsoMessageDTO(fraud_probability >= 0.6816202892673278)\nthen\n  $msg.setStatus(\"BLOCK\");\n  $msg.setConfidence(0.6816202892673278);\nend\n\n\n\nimport net.com.fms_core.dto.message.IsoMessageDTO;\n","service":"fms-core","version":"1.0.0","environment":"default"}
{"@timestamp":"2026-03-11T10:12:18.3384705+05:30","level":"INFO","logger_name":"net.com.fms_core.service.impl.script.DynamicRuleGenerationService","message":"Expected to deploy 7 rules based on content analysis","service":"fms-core","version":"1.0.0","environment":"default"}
{"@timestamp":"2026-03-11T10:12:18.5674794+05:30","level":"INFO","logger_name":"net.com.fms_core.service.impl.script.DynamicRuleGenerationService","message":"Starting to parse rules content of length: 1629","service":"fms-core","version":"1.0.0","environment":"default"}
{"@timestamp":"2026-03-11T10:12:18.5684823+05:30","level":"INFO","logger_name":"net.com.fms_core.service.impl.script.DynamicRuleGenerationService","message":"Found 7 rule blocks after splitting by import statements","service":"fms-core","version":"1.0.0","environment":"default"}
{"@timestamp":"2026-03-11T10:12:18.5684823+05:30","level":"DEBUG","logger_name":"net.com.fms_core.service.impl.script.DynamicRuleGenerationService","message":"Extracted rule name: Adaptive Risk Profile Detection","service":"fms-core","version":"1.0.0","environment":"default"}
{"@timestamp":"2026-03-11T10:12:18.5784941+05:30","level":"INFO","logger_name":"net.com.fms_core.service.impl.script.DynamicRuleGenerationService","message":"Creating new rule: Adaptive Risk Profile Detection (DYN_ADAPTIVE_RISK_PROFILE_DETECTION)","service":"fms-core","version":"1.0.0","environment":"default"}
{"@timestamp":"2026-03-11T10:12:18.5895789+05:30","level":"INFO","logger_name":"net.com.fms_core.service.impl.script.DynamicRuleGenerationService","message":"Successfully saved rule: Adaptive Risk Profile Detection (ID: 195, Code: DYN_ADAPTIVE_RISK_PROFILE_DETECTION)","service":"fms-core","version":"1.0.0","environment":"default"}
{"@timestamp":"2026-03-11T10:12:18.5904808+05:30","level":"DEBUG","logger_name":"net.com.fms_core.service.impl.script.DynamicRuleGenerationService","message":"Saved rule content length: 211","service":"fms-core","version":"1.0.0","environment":"default"}
{"@timestamp":"2026-03-11T10:12:18.5904808+05:30","level":"DEBUG","logger_name":"net.com.fms_core.service.impl.script.DynamicRuleGenerationService","message":"Extracted rule name: Ensemble Voting Decision","service":"fms-core","version":"1.0.0","environment":"default"}
{"@timestamp":"2026-03-11T10:12:18.5964838+05:30","level":"INFO","logger_name":"net.com.fms_core.service.impl.script.DynamicRuleGenerationService","message":"Creating new rule: Ensemble Voting Decision (DYN_ENSEMBLE_VOTING_DECISION)","service":"fms-core","version":"1.0.0","environment":"default"}
{"@timestamp":"2026-03-11T10:12:18.6054809+05:30","level":"INFO","logger_name":"net.com.fms_core.service.impl.script.DynamicRuleGenerationService","message":"Successfully saved rule: Ensemble Voting Decision (ID: 196, Code: DYN_ENSEMBLE_VOTING_DECISION)","service":"fms-core","version":"1.0.0","environment":"default"}
{"@timestamp":"2026-03-11T10:12:18.6054809+05:30","level":"DEBUG","logger_name":"net.com.fms_core.service.impl.script.DynamicRuleGenerationService","message":"Saved rule content length: 230","service":"fms-core","version":"1.0.0","environment":"default"}
{"@timestamp":"2026-03-11T10:12:18.6064814+05:30","level":"DEBUG","logger_name":"net.com.fms_core.service.impl.script.DynamicRuleGenerationService","message":"Extracted rule name: Dynamic Merchant Risk Analysis","service":"fms-core","version":"1.0.0","environment":"default"}
{"@timestamp":"2026-03-11T10:12:18.611483+05:30","level":"INFO","logger_name":"net.com.fms_core.service.impl.script.DynamicRuleGenerationService","message":"Creating new rule: Dynamic Merchant Risk Analysis (DYN_DYNAMIC_MERCHANT_RISK_ANALYSIS)","service":"fms-core","version":"1.0.0","environment":"default"}
{"@timestamp":"2026-03-11T10:12:18.6204787+05:30","level":"INFO","logger_name":"net.com.fms_core.service.impl.script.DynamicRuleGenerationService","message":"Successfully saved rule: Dynamic Merchant Risk Analysis (ID: 197, Code: DYN_DYNAMIC_MERCHANT_RISK_ANALYSIS)","service":"fms-core","version":"1.0.0","environment":"default"}
{"@timestamp":"2026-03-11T10:12:18.6214816+05:30","level":"DEBUG","logger_name":"net.com.fms_core.service.impl.script.DynamicRuleGenerationService","message":"Saved rule content length: 240","service":"fms-core","version":"1.0.0","environment":"default"}
{"@timestamp":"2026-03-11T10:12:18.6214816+05:30","level":"DEBUG","logger_name":"net.com.fms_core.service.impl.script.DynamicRuleGenerationService","message":"Extracted rule name: Statistical Fee Anomaly Detection","service":"fms-core","version":"1.0.0","environment":"default"}
{"@timestamp":"2026-03-11T10:12:18.6254819+05:30","level":"INFO","logger_name":"net.com.fms_core.service.impl.script.DynamicRuleGenerationService","message":"Creating new rule: Statistical Fee Anomaly Detection (DYN_STATISTICAL_FEE_ANOMALY_DETECTION)","service":"fms-core","version":"1.0.0","environment":"default"}
{"@timestamp":"2026-03-11T10:12:18.6344823+05:30","level":"INFO","logger_name":"net.com.fms_core.service.impl.script.DynamicRuleGenerationService","message":"Successfully saved rule: Statistical Fee Anomaly Detection (ID: 198, Code: DYN_STATISTICAL_FEE_ANOMALY_DETECTION)","service":"fms-core","version":"1.0.0","environment":"default"}
{"@timestamp":"2026-03-11T10:12:18.6344823+05:30","level":"DEBUG","logger_name":"net.com.fms_core.service.impl.script.DynamicRuleGenerationService","message":"Saved rule content length: 233","service":"fms-core","version":"1.0.0","environment":"default"}
{"@timestamp":"2026-03-11T10:12:18.6354859+05:30","level":"DEBUG","logger_name":"net.com.fms_core.service.impl.script.DynamicRuleGenerationService","message":"Extracted rule name: Statistical Outlier Detection (customerRiskScore)","service":"fms-core","version":"1.0.0","environment":"default"}
{"@timestamp":"2026-03-11T10:12:18.6394834+05:30","level":"INFO","logger_name":"net.com.fms_core.service.impl.script.DynamicRuleGenerationService","message":"Creating new rule: Statistical Outlier Detection (customerRiskScore) (DYN_STATISTICAL_OUTLIER_DETECTION__CUSTOMERRISKSCORE_)","service":"fms-core","version":"1.0.0","environment":"default"}
{"@timestamp":"2026-03-11T10:12:18.6484811+05:30","level":"INFO","logger_name":"net.com.fms_core.service.impl.script.DynamicRuleGenerationService","message":"Successfully saved rule: Statistical Outlier Detection (customerRiskScore) (ID: 199, Code: DYN_STATISTICAL_OUTLIER_DETECTION__CUSTOMERRISKSCORE_)","service":"fms-core","version":"1.0.0","environment":"default"}
{"@timestamp":"2026-03-11T10:12:18.6484811+05:30","level":"DEBUG","logger_name":"net.com.fms_core.service.impl.script.DynamicRuleGenerationService","message":"Saved rule content length: 254","service":"fms-core","version":"1.0.0","environment":"default"}
{"@timestamp":"2026-03-11T10:12:18.6484811+05:30","level":"DEBUG","logger_name":"net.com.fms_core.service.impl.script.DynamicRuleGenerationService","message":"Extracted rule name: Dynamic Amount Cluster Analysis","service":"fms-core","version":"1.0.0","environment":"default"}
{"@timestamp":"2026-03-11T10:12:18.6544827+05:30","level":"INFO","logger_name":"net.com.fms_core.service.impl.script.DynamicRuleGenerationService","message":"Creating new rule: Dynamic Amount Cluster Analysis (DYN_DYNAMIC_AMOUNT_CLUSTER_ANALYSIS)","service":"fms-core","version":"1.0.0","environment":"default"}
{"@timestamp":"2026-03-11T10:12:18.664482+05:30","level":"INFO","logger_name":"net.com.fms_core.service.impl.script.DynamicRuleGenerationService","message":"Successfully saved rule: Dynamic Amount Cluster Analysis (ID: 200, Code: DYN_DYNAMIC_AMOUNT_CLUSTER_ANALYSIS)","service":"fms-core","version":"1.0.0","environment":"default"}
{"@timestamp":"2026-03-11T10:12:18.664482+05:30","level":"DEBUG","logger_name":"net.com.fms_core.service.impl.script.DynamicRuleGenerationService","message":"Saved rule content length: 225","service":"fms-core","version":"1.0.0","environment":"default"}
{"@timestamp":"2026-03-11T10:12:18.6654864+05:30","level":"DEBUG","logger_name":"net.com.fms_core.service.impl.script.DynamicRuleGenerationService","message":"Extracted rule name: Correlation Pattern Detection","service":"fms-core","version":"1.0.0","environment":"default"}
{"@timestamp":"2026-03-11T10:12:18.6720711+05:30","level":"INFO","logger_name":"net.com.fms_core.service.impl.script.DynamicRuleGenerationService","message":"Creating new rule: Correlation Pattern Detection (DYN_CORRELATION_PATTERN_DETECTION)","service":"fms-core","version":"1.0.0","environment":"default"}
{"@timestamp":"2026-03-11T10:12:18.6824973+05:30","level":"INFO","logger_name":"net.com.fms_core.service.impl.script.DynamicRuleGenerationService","message":"Successfully saved rule: Correlation Pattern Detection (ID: 201, Code: DYN_CORRELATION_PATTERN_DETECTION)","service":"fms-core","version":"1.0.0","environment":"default"}
{"@timestamp":"2026-03-11T10:12:18.6834889+05:30","level":"DEBUG","logger_name":"net.com.fms_core.service.impl.script.DynamicRuleGenerationService","message":"Saved rule content length: 210","service":"fms-core","version":"1.0.0","environment":"default"}
{"@timestamp":"2026-03-11T10:12:18.6834889+05:30","level":"INFO","logger_name":"net.com.fms_core.service.impl.script.DynamicRuleGenerationService","message":"Successfully parsed and saved 7 rules out of 7 blocks","service":"fms-core","version":"1.0.0","environment":"default"}
{"@timestamp":"2026-03-11T10:12:18.6844922+05:30","level":"INFO","logger_name":"net.com.fms_core.service.impl.AIKieService","message":"Cleared existing AI KIE container","service":"fms-core","version":"1.0.0","environment":"default"}
{"@timestamp":"2026-03-11T10:12:19.2395065+05:30","level":"ERROR","logger_name":"org.drools.compiler.kie.builder.impl.KieProject","message":"Unable to build KieBaseModel:defaultKieBase\n[5,44]: [ERR 102] Line 5:44 mismatched input 'in' in rule \"Dynamic Merchant Risk Analysis\"\n[0,0]: Parser returned a null Package\nUnable to Analyse Expression fee_ratio > 0.030362865404772676:\n[Error: unable to resolve method using strict-mode: net.com.fms_core.dto.message.IsoMessageDTO.fee_ratio()]\n[Near : {... fee_ratio > 0.0303628654047726 ....}]\n             ^\n[Line: 5, Column: 2] : [Rule name='Statistical Fee Anomaly Detection']\n\nUnable to Analyse Expression fraud_probability >= 0.6816202892673278:\n[Error: unable to resolve method using strict-mode: net.com.fms_core.dto.message.IsoMessageDTO.fraud_probability()]\n[Near : {... fraud_probability >= 0.6816202 ....}]\n             ^\n[Line: 5, Column: 2] : [Rule name='Ensemble Voting Decision']\n\nRule Compilation error : [Rule name='Dynamic Amount Cluster Analysis']\n\tThe method setConfidence(double) is undefined for the type IsoMessageDTO\n\nRule Compilation error : [Rule name='Statistical Outlier Detection (customerRiskScore)']\n\tThe method setConfidence(double) is undefined for the type IsoMessageDTO\n\nRule Compilation error : [Rule name='Correlation Pattern Detection']\n\tThe method setConfidence(double) is undefined for the type IsoMessageDTO\n\nRule Compilation error : [Rule name='Statistical Fee Anomaly Detection']\n\tThe method setConfidence(double) is undefined for the type IsoMessageDTO\n\nRule Compilation error : [Rule name='Ensemble Voting Decision']\n\tThe method setConfidence(double) is undefined for the type IsoMessageDTO\n\nRule Compilation error : [Rule name='Adaptive Risk Profile Detection']\n\tThe method setConfidence(double) is undefined for the type IsoMessageDTO\n\n","service":"fms-core","version":"1.0.0","environment":"default"}
{"@timestamp":"2026-03-11T10:12:19.2415053+05:30","level":"ERROR","logger_name":"net.com.fms_core.service.impl.AIKieService","message":"AI rules build errors: [Message [id=1, kieBase=defaultKieBase, level=ERROR, path=ai-rules/rule_2.drl, line=5, column=0\n   text=[ERR 102] Line 5:44 mismatched input 'in' in rule \"Dynamic Merchant Risk Analysis\"], Message [id=2, kieBase=defaultKieBase, level=ERROR, path=ai-rules/rule_2.drl, line=0, column=0\n   text=Parser returned a null Package], Message [id=3, kieBase=defaultKieBase, level=ERROR, path=ai-rules/rule_3.drl, line=5, column=0\n   text=Unable to Analyse Expression fee_ratio > 0.030362865404772676:\n[Error: unable to resolve method using strict-mode: net.com.fms_core.dto.message.IsoMessageDTO.fee_ratio()]\n[Near : {... fee_ratio > 0.0303628654047726 ....}]\n             ^\n[Line: 5, Column: 2]], Message [id=4, kieBase=defaultKieBase, level=ERROR, path=ai-rules/rule_1.drl, line=5, column=0\n   text=Unable to Analyse Expression fraud_probability >= 0.6816202892673278:\n[Error: unable to resolve method using strict-mode: net.com.fms_core.dto.message.IsoMessageDTO.fraud_probability()]\n[Near : {... fraud_probability >= 0.6816202 ....}]\n             ^\n[Line: 5, Column: 2]], Message [id=5, kieBase=defaultKieBase, level=ERROR, path=ai-rules/rule_5.drl, line=3, column=0\n   text=Rule Compilation error The method setConfidence(double) is undefined for the type IsoMessageDTO], Message [id=6, kieBase=defaultKieBase, level=ERROR, path=ai-rules/rule_4.drl, line=3, column=0\n   text=Rule Compilation error The method setConfidence(double) is undefined for the type IsoMessageDTO], Message [id=7, kieBase=defaultKieBase, level=ERROR, path=ai-rules/rule_6.drl, line=3, column=0\n   text=Rule Compilation error The method setConfidence(double) is undefined for the type IsoMessageDTO], Message [id=8, kieBase=defaultKieBase, level=ERROR, path=ai-rules/rule_3.drl, line=3, column=0\n   text=Rule Compilation error The method setConfidence(double) is undefined for the type IsoMessageDTO], Message [id=9, kieBase=defaultKieBase, level=ERROR, path=ai-rules/rule_1.drl, line=3, column=0\n   text=Rule Compilation error The method setConfidence(double) is undefined for the type IsoMessageDTO], Message [id=10, kieBase=defaultKieBase, level=ERROR, path=ai-rules/rule_0.drl, line=3, column=0\n   text=Rule Compilation error The method setConfidence(double) is undefined for the type IsoMessageDTO]]","service":"fms-core","version":"1.0.0","environment":"default"}
{"@timestamp":"2026-03-11T10:12:19.2425055+05:30","level":"ERROR","logger_name":"net.com.fms_core.service.impl.AIKieService","message":"Failed to deploy AI rules","service":"fms-core","version":"1.0.0","environment":"default"}
{"@timestamp":"2026-03-11T10:12:19.2455077+05:30","level":"ERROR","logger_name":"net.com.fms_core.service.impl.script.DynamicRuleGenerationService","message":"Failed to deploy dynamic rules: AI rules deployment failed","service":"fms-core","version":"1.0.0","environment":"default"}
{"@timestamp":"2026-03-11T10:12:19.2475056+05:30","level":"INFO","logger_name":"net.com.fms_core.service.impl.script.DynamicRuleGenerationService","message":"Successfully completed deployment of 7 rules","service":"fms-core","version":"1.0.0","environment":"default"}
{"@timestamp":"2026-03-11T10:12:44.6768529+05:30","level":"WARN","logger_name":"net.com.fms_core.service.impl.AIKieService","message":"AI KIE container not initialized","service":"fms-core","version":"1.0.0","environment":"default"}
{"@timestamp":"2026-03-11T10:12:44.6787948+05:30","level":"WARN","logger_name":"net.com.fms_core.service.impl.AIKieService","message":"AI KIE container not initialized","service":"fms-core","version":"1.0.0","environment":"default"}
{"@timestamp":"2026-03-11T10:12:44.6797918+05:30","level":"WARN","logger_name":"net.com.fms_core.service.impl.AIKieService","message":"AI KIE container not initialized","service":"fms-core","version":"1.0.0","environment":"default"}
{"@timestamp":"2026-03-11T10:12:44.6807882+05:30","level":"WARN","logger_name":"net.com.fms_core.service.impl.AIKieService","message":"AI KIE container not initialized","service":"fms-core","version":"1.0.0","environment":"default"}
{"@timestamp":"2026-03-11T10:12:44.681792+05:30","level":"WARN","logger_name":"net.com.fms_core.service.impl.AIKieService","message":"AI KIE container not initialized","service":"fms-core","version":"1.0.0","environment":"default"}
{"@timestamp":"2026-03-11T10:12:44.6827867+05:30","level":"WARN","logger_name":"net.com.fms_core.service.impl.AIKieService","message":"AI KIE container not initialized","service":"fms-core","version":"1.0.0","environment":"default"}
{"@timestamp":"2026-03-11T10:12:44.6837905+05:30","level":"WARN","logger_name":"net.com.fms_core.service.impl.AIKieService","message":"AI KIE container not initialized","service":"fms-core","version":"1.0.0","environment":"default"}
{"@timestamp":"2026-03-11T10:12:44.6847911+05:30","level":"WARN","logger_name":"net.com.fms_core.service.impl.AIKieService","message":"AI KIE container not initialized","service":"fms-core","version":"1.0.0","environment":"default"}
{"@timestamp":"2026-03-11T10:12:44.6877865+05:30","level":"WARN","logger_name":"net.com.fms_core.service.impl.AIKieService","message":"AI KIE container not initialized","service":"fms-core","version":"1.0.0","environment":"default"}
{"@timestamp":"2026-03-11T10:12:44.688802+05:30","level":"WARN","logger_name":"net.com.fms_core.service.impl.AIKieService","message":"AI KIE container not initialized","service":"fms-core","version":"1.0.0","environment":"default"}
{"@timestamp":"2026-03-11T10:12:44.6897904+05:30","level":"WARN","logger_name":"net.com.fms_core.service.impl.AIKieService","message":"AI KIE container not initialized","service":"fms-core","version":"1.0.0","environment":"default"}
{"@timestamp":"2026-03-11T10:12:44.6917897+05:30","level":"WARN","logger_name":"net.com.fms_core.service.impl.AIKieService","message":"AI KIE container not initialized","service":"fms-core","version":"1.0.0","environment":"default"}
{"@timestamp":"2026-03-11T10:12:44.6897904+05:30","level":"WARN","logger_name":"net.com.fms_core.service.impl.AIKieService","message":"AI KIE container not initialized","service":"fms-core","version":"1.0.0","environment":"default"}
{"@timestamp":"2026-03-11T10:12:55.9464685+05:30","level":"INFO","logger_name":"org.springframework.web.socket.config.WebSocketMessageBrokerStats","message":"WebSocketSession[0 current WS(0)-HttpStream(0)-HttpPoll(0), 0 total, 0 closed abnormally (0 connect failure, 0 send limit, 0 transport error)], stompSubProtocol[processed CONNECT(0)-CONNECTED(0)-DISCONNECT(0)], stompBrokerRelay[null], inboundChannel[pool size = 0, active threads = 0, queued tasks = 0, completed tasks = 0], outboundChannel[pool size = 0, active threads = 0, queued tasks = 0, completed tasks = 0], sockJsScheduler[pool size = 1, active threads = 1, queued tasks = 0, completed tasks = 0]","service":"fms-core","version":"1.0.0","environment":"default"}
{"@timestamp":"2026-03-11T10:14:05.4726686+05:30","level":"INFO","logger_name":"net.com.fms_core.controller.TransactionController","message":"Generating ML-based intelligent rules with pre-trained models...","service":"fms-core","version":"1.0.0","environment":"default"}
{"@timestamp":"2026-03-11T10:14:05.4757021+05:30","level":"INFO","logger_name":"net.com.fms_core.service.impl.script.ProductionRuleGenerationService","message":"Generating advanced ML-based rules with trained models...","service":"fms-core","version":"1.0.0","environment":"default"}
{"@timestamp":"2026-03-11T10:14:12.5924117+05:30","level":"INFO","logger_name":"net.com.fms_core.service.impl.script.ProductionRuleGenerationService","message":"Advanced ML rule generation completed with exit code: 0","service":"fms-core","version":"1.0.0","environment":"default"}
{"@timestamp":"2026-03-11T10:14:46.1093829+05:30","level":"WARN","logger_name":"net.com.fms_core.service.impl.AIKieService","message":"AI KIE container not initialized","service":"fms-core","version":"1.0.0","environment":"default"}
{"@timestamp":"2026-03-11T10:14:46.1103864+05:30","level":"WARN","logger_name":"net.com.fms_core.service.impl.AIKieService","message":"AI KIE container not initialized","service":"fms-core","version":"1.0.0","environment":"default"}
{"@timestamp":"2026-03-11T10:14:46.1113852+05:30","level":"WARN","logger_name":"net.com.fms_core.service.impl.AIKieService","message":"AI KIE container not initialized","service":"fms-core","version":"1.0.0","environment":"default"}
{"@timestamp":"2026-03-11T10:14:46.1113852+05:30","level":"WARN","logger_name":"net.com.fms_core.service.impl.AIKieService","message":"AI KIE container not initialized","service":"fms-core","version":"1.0.0","environment":"default"}
{"@timestamp":"2026-03-11T10:14:46.1123869+05:30","level":"WARN","logger_name":"net.com.fms_core.service.impl.AIKieService","message":"AI KIE container not initialized","service":"fms-core","version":"1.0.0","environment":"default"}
{"@timestamp":"2026-03-11T10:14:46.1133855+05:30","level":"WARN","logger_name":"net.com.fms_core.service.impl.AIKieService","message":"AI KIE container not initialized","service":"fms-core","version":"1.0.0","environment":"default"}
{"@timestamp":"2026-03-11T10:14:46.1143878+05:30","level":"WARN","logger_name":"net.com.fms_core.service.impl.AIKieService","message":"AI KIE container not initialized","service":"fms-core","version":"1.0.0","environment":"default"}
{"@timestamp":"2026-03-11T10:14:46.1153867+05:30","level":"WARN","logger_name":"net.com.fms_core.service.impl.AIKieService","message":"AI KIE container not initialized","service":"fms-core","version":"1.0.0","environment":"default"}
{"@timestamp":"2026-03-11T10:14:46.1163866+05:30","level":"WARN","logger_name":"net.com.fms_core.service.impl.AIKieService","message":"AI KIE container not initialized","service":"fms-core","version":"1.0.0","environment":"default"}
{"@timestamp":"2026-03-11T10:14:46.1173861+05:30","level":"WARN","logger_name":"net.com.fms_core.service.impl.AIKieService","message":"AI KIE container not initialized","service":"fms-core","version":"1.0.0","environment":"default"}
{"@timestamp":"2026-03-11T10:14:46.1183847+05:30","level":"WARN","logger_name":"net.com.fms_core.service.impl.AIKieService","message":"AI KIE container not initialized","service":"fms-core","version":"1.0.0","environment":"default"}
{"@timestamp":"2026-03-11T10:14:46.1193858+05:30","level":"WARN","logger_name":"net.com.fms_core.service.impl.AIKieService","message":"AI KIE container not initialized","service":"fms-core","version":"1.0.0","environment":"default"}
{"@timestamp":"2026-03-11T10:14:46.1203882+05:30","level":"WARN","logger_name":"net.com.fms_core.service.impl.AIKieService","message":"AI KIE container not initialized","service":"fms-core","version":"1.0.0","environment":"default"}
{"@timestamp":"2026-03-11T10:16:09.9930871+05:30","level":"INFO","logger_name":"net.com.fms_core.service.impl.AIToggleService","message":"AI rules toggle updated: true by admin","service":"fms-core","version":"1.0.0","environment":"default"}
{"@timestamp":"2026-03-11T10:16:41.1134212+05:30","level":"INFO","logger_name":"net.com.fms_core.service.impl.ImpossibleDistanceServiceImpl","message":"Using Java + Python model for distance analysis","service":"fms-core","version":"1.0.0","environment":"default"}
{"@timestamp":"2026-03-11T10:16:44.6982556+05:30","level":"ERROR","logger_name":"net.com.fms_core.service.impl.PythonIntegrationService","message":"Python model call failed: Unrecognized token 'Traceback': was expecting (JSON String, Number, Array, Object or token 'null', 'true' or 'false')\n at [Source: REDACTED (`StreamReadFeature.INCLUDE_SOURCE_IN_LOCATION` disabled); line: 1, column: 10]","service":"fms-core","version":"1.0.0","environment":"default"}
{"@timestamp":"2026-03-11T10:16:44.699258+05:30","level":"INFO","logger_name":"net.com.fms_core.controller.RiskController","message":"Distance: 0.0km, Time: 1315min, Required Speed: 0.0km/h","service":"fms-core","version":"1.0.0","environment":"default"}
{"@timestamp":"2026-03-11T10:16:46.0263022+05:30","level":"INFO","logger_name":"net.com.fms_core.client.NotificationClient","message":"High risk notification sent for transaction: 123.0","service":"fms-core","version":"1.0.0","environment":"default"}
{"@timestamp":"2026-03-11T10:16:46.0263022+05:30","level":"WARN","logger_name":"net.com.fms_core.service.impl.DynamicDroolsServiceImpl","message":"HIGH RISK transaction detected: ID=123.0, Score=HIGH","service":"fms-core","version":"1.0.0","environment":"default"}
{"@timestamp":"2026-03-11T10:16:56.4475443+05:30","level":"INFO","logger_name":"com.netflix.discovery.shared.resolver.aws.ConfigClusterResolver","message":"Resolving eureka endpoints via configuration","service":"fms-core","version":"1.0.0","environment":"default"}
{"@timestamp":"2026-03-11T10:17:11.069164+05:30","level":"INFO","logger_name":"net.com.fms_core.service.impl.ImpossibleDistanceServiceImpl","message":"Using Java + Python model for distance analysis","service":"fms-core","version":"1.0.0","environment":"default"}
{"@timestamp":"2026-03-11T10:17:13.4021941+05:30","level":"ERROR","logger_name":"net.com.fms_core.service.impl.PythonIntegrationService","message":"Python model call failed: Unrecognized token 'Traceback': was expecting (JSON String, Number, Array, Object or token 'null', 'true' or 'false')\n at [Source: REDACTED (`StreamReadFeature.INCLUDE_SOURCE_IN_LOCATION` disabled); line: 1, column: 10]","service":"fms-core","version":"1.0.0","environment":"default"}
{"@timestamp":"2026-03-11T10:17:13.4031879+05:30","level":"INFO","logger_name":"net.com.fms_core.controller.RiskController","message":"Distance: 0.0km, Time: 1316min, Required Speed: 0.0km/h","service":"fms-core","version":"1.0.0","environment":"default"}
{"@timestamp":"2026-03-11T10:17:30.2597266+05:30","level":"INFO","logger_name":"net.com.fms_core.service.impl.ImpossibleDistanceServiceImpl","message":"Using Java + Python model for distance analysis","service":"fms-core","version":"1.0.0","environment":"default"}
{"@timestamp":"2026-03-11T10:17:32.8157626+05:30","level":"ERROR","logger_name":"net.com.fms_core.service.impl.PythonIntegrationService","message":"Python model call failed: Unrecognized token 'Traceback': was expecting (JSON String, Number, Array, Object or token 'null', 'true' or 'false')\n at [Source: REDACTED (`StreamReadFeature.INCLUDE_SOURCE_IN_LOCATION` disabled); line: 1, column: 10]","service":"fms-core","version":"1.0.0","environment":"default"}
{"@timestamp":"2026-03-11T10:17:32.8157626+05:30","level":"INFO","logger_name":"net.com.fms_core.controller.RiskController","message":"Distance: 0.0km, Time: 1min, Required Speed: 0.0km/h","service":"fms-core","version":"1.0.0","environment":"default"}
{"@timestamp":"2026-03-11T10:17:32.8737684+05:30","level":"INFO","logger_name":"net.com.fms_core.client.NotificationClient","message":"High risk notification sent for transaction: 123.0","service":"fms-core","version":"1.0.0","environment":"default"}
{"@timestamp":"2026-03-11T10:17:32.8737684+05:30","level":"WARN","logger_name":"net.com.fms_core.service.impl.DynamicDroolsServiceImpl","message":"HIGH RISK transaction detected: ID=123.0, Score=HIGH","service":"fms-core","version":"1.0.0","environment":"default"}
{"@timestamp":"2026-03-11T10:18:29.4360998+05:30","level":"INFO","logger_name":"net.com.fms_core.service.impl.ImpossibleDistanceServiceImpl","message":"Using Java + Python model for distance analysis","service":"fms-core","version":"1.0.0","environment":"default"}
{"@timestamp":"2026-03-11T10:18:31.5291167+05:30","level":"ERROR","logger_name":"net.com.fms_core.service.impl.PythonIntegrationService","message":"Python model call failed: Unrecognized token 'Traceback': was expecting (JSON String, Number, Array, Object or token 'null', 'true' or 'false')\n at [Source: REDACTED (`StreamReadFeature.INCLUDE_SOURCE_IN_LOCATION` disabled); line: 1, column: 10]","service":"fms-core","version":"1.0.0","environment":"default"}
{"@timestamp":"2026-03-11T10:18:31.5291167+05:30","level":"INFO","logger_name":"net.com.fms_core.controller.RiskController","message":"Distance: 0.0km, Time: 1min, Required Speed: 0.0km/h","service":"fms-core","version":"1.0.0","environment":"default"}
{"@timestamp":"2026-03-11T10:21:51.9522977+05:30","level":"INFO","logger_name":"net.com.fms_core.service.impl.ImpossibleDistanceServiceImpl","message":"Using Java + Python model for distance analysis","service":"fms-core","version":"1.0.0","environment":"default"}
{"@timestamp":"2026-03-11T10:21:55.5753133+05:30","level":"ERROR","logger_name":"net.com.fms_core.service.impl.PythonIntegrationService","message":"Python model call failed: Unrecognized token 'Traceback': was expecting (JSON String, Number, Array, Object or token 'null', 'true' or 'false')\n at [Source: REDACTED (`StreamReadFeature.INCLUDE_SOURCE_IN_LOCATION` disabled); line: 1, column: 10]","service":"fms-core","version":"1.0.0","environment":"default"}
{"@timestamp":"2026-03-11T10:21:55.5753133+05:30","level":"INFO","logger_name":"net.com.fms_core.controller.RiskController","message":"Distance: 0.0km, Time: 3min, Required Speed: 0.0km/h","service":"fms-core","version":"1.0.0","environment":"default"}
{"@timestamp":"2026-03-11T10:21:56.5173166+05:30","level":"INFO","logger_name":"com.netflix.discovery.shared.resolver.aws.ConfigClusterResolver","message":"Resolving eureka endpoints via configuration","service":"fms-core","version":"1.0.0","environment":"default"}
{"@timestamp":"2026-03-11T10:22:56.7904637+05:30","level":"INFO","logger_name":"org.springframework.cloud.netflix.eureka.serviceregistry.EurekaServiceRegistry","message":"Unregistering application FMS_CORE with eureka with status DOWN","service":"fms-core","version":"1.0.0","environment":"default"}
{"@timestamp":"2026-03-11T10:22:56.7904637+05:30","level":"INFO","logger_name":"com.netflix.discovery.DiscoveryClient","message":"Saw local status change event StatusChangeEvent [timestamp=1773204776790, current=DOWN, previous=UP]","service":"fms-core","version":"1.0.0","environment":"default"}
{"@timestamp":"2026-03-11T10:22:56.7944674+05:30","level":"INFO","logger_name":"com.netflix.discovery.DiscoveryClient","message":"DiscoveryClient_FMS_CORE/localhost:fms_core:8084: registering service...","service":"fms-core","version":"1.0.0","environment":"default"}
{"@timestamp":"2026-03-11T10:22:56.7984646+05:30","level":"INFO","logger_name":"org.springframework.boot.web.embedded.tomcat.GracefulShutdown","message":"Commencing graceful shutdown. Waiting for active requests to complete","service":"fms-core","version":"1.0.0","environment":"default"}
{"@timestamp":"2026-03-11T10:22:56.8164639+05:30","level":"INFO","logger_name":"com.netflix.discovery.DiscoveryClient","message":"DiscoveryClient_FMS_CORE/localhost:fms_core:8084 - registration status: 204","service":"fms-core","version":"1.0.0","environment":"default"}
{"@timestamp":"2026-03-11T10:23:35.5388023+05:30","level":"INFO","logger_name":"net.com.fms_core.FmsCoreApplication","message":"Starting FmsCoreApplication using Java 21.0.2 with PID 25048 (C:\\Users\\kavinda_d\\Documents\\e soft\\final project\\project\\fms backend\\fms_core\\target\\classes started by kavinda_d in C:\\Users\\kavinda_d\\Documents\\e soft\\final project\\project\\fms backend)","service":"fms-core","version":"1.0.0","environment":"default"}
{"@timestamp":"2026-03-11T10:23:35.5868019+05:30","level":"DEBUG","logger_name":"net.com.fms_core.FmsCoreApplication","message":"Running with Spring Boot v3.4.4, Spring v6.2.5","service":"fms-core","version":"1.0.0","environment":"default"}
{"@timestamp":"2026-03-11T10:23:35.5888177+05:30","level":"INFO","logger_name":"net.com.fms_core.FmsCoreApplication","message":"The following 1 profile is active: \"dev\"","service":"fms-core","version":"1.0.0","environment":"default"}
{"@timestamp":"2026-03-11T10:23:35.7498092+05:30","level":"INFO","logger_name":"org.springframework.cloud.config.client.ConfigServerConfigDataLoader","message":"Fetching config from server at : http://localhost:8888","service":"fms-core","version":"1.0.0","environment":"default"}
{"@timestamp":"2026-03-11T10:23:35.7518021+05:30","level":"INFO","logger_name":"org.springframework.cloud.config.client.ConfigServerConfigDataLoader","message":"Located environment: name=fms_core, profiles=[dev], label=null, version=null, state=null","service":"fms-core","version":"1.0.0","environment":"default"}
{"@timestamp":"2026-03-11T10:23:35.7557999+05:30","level":"INFO","logger_name":"org.springframework.boot.devtools.env.DevToolsPropertyDefaultsPostProcessor","message":"Devtools property defaults active! Set 'spring.devtools.add-properties' to 'false' to disable","service":"fms-core","version":"1.0.0","environment":"default"}
{"@timestamp":"2026-03-11T10:23:35.7568132+05:30","level":"INFO","logger_name":"org.springframework.boot.devtools.env.DevToolsPropertyDefaultsPostProcessor","message":"For additional web related logging consider setting the 'logging.level.web' property to 'DEBUG'","service":"fms-core","version":"1.0.0","environment":"default"}
{"@timestamp":"2026-03-11T10:23:37.7358166+05:30","level":"INFO","logger_name":"org.springframework.data.repository.config.RepositoryConfigurationDelegate","message":"Bootstrapping Spring Data JPA repositories in DEFAULT mode.","service":"fms-core","version":"1.0.0","environment":"default"}
{"@timestamp":"2026-03-11T10:23:38.0848185+05:30","level":"INFO","logger_name":"org.springframework.data.repository.config.RepositoryConfigurationDelegate","message":"Finished Spring Data repository scanning in 336 ms. Found 23 JPA repository interfaces.","service":"fms-core","version":"1.0.0","environment":"default"}
{"@timestamp":"2026-03-11T10:23:38.5218167+05:30","level":"INFO","logger_name":"org.springframework.cloud.context.scope.GenericScope","message":"BeanFactory id=00be10ca-805b-33a6-ba0f-6f93d757e18b","service":"fms-core","version":"1.0.0","environment":"default"}
{"@timestamp":"2026-03-11T10:23:39.813826+05:30","level":"INFO","logger_name":"org.springframework.boot.web.embedded.tomcat.TomcatWebServer","message":"Tomcat initialized with port 8084 (http)","service":"fms-core","version":"1.0.0","environment":"default"}
{"@timestamp":"2026-03-11T10:23:39.8298244+05:30","level":"INFO","logger_name":"org.apache.catalina.core.StandardService","message":"Starting service [Tomcat]","service":"fms-core","version":"1.0.0","environment":"default"}
{"@timestamp":"2026-03-11T10:23:39.8308246+05:30","level":"INFO","logger_name":"org.apache.catalina.core.StandardEngine","message":"Starting Servlet engine: [Apache Tomcat/10.1.39]","service":"fms-core","version":"1.0.0","environment":"default"}
{"@timestamp":"2026-03-11T10:23:39.9078248+05:30","level":"INFO","logger_name":"org.apache.catalina.core.ContainerBase.[Tomcat].[localhost].[/fms-core-service]","message":"Initializing Spring embedded WebApplicationContext","service":"fms-core","version":"1.0.0","environment":"default"}
{"@timestamp":"2026-03-11T10:23:39.9078248+05:30","level":"INFO","logger_name":"org.springframework.boot.web.servlet.context.ServletWebServerApplicationContext","message":"Root WebApplicationContext: initialization completed in 4150 ms","service":"fms-core","version":"1.0.0","environment":"default"}
{"@timestamp":"2026-03-11T10:23:40.7868314+05:30","level":"INFO","logger_name":"com.zaxxer.hikari.HikariDataSource","message":"HikariPool-1 - Starting...","service":"fms-core","version":"1.0.0","environment":"default"}
{"@timestamp":"2026-03-11T10:23:41.0528339+05:30","level":"INFO","logger_name":"com.zaxxer.hikari.pool.HikariPool","message":"HikariPool-1 - Added connection com.mysql.cj.jdbc.ConnectionImpl@16bea73e","service":"fms-core","version":"1.0.0","environment":"default"}
{"@timestamp":"2026-03-11T10:23:41.054834+05:30","level":"INFO","logger_name":"com.zaxxer.hikari.HikariDataSource","message":"HikariPool-1 - Start completed.","service":"fms-core","version":"1.0.0","environment":"default"}
{"@timestamp":"2026-03-11T10:23:41.1078346+05:30","level":"INFO","logger_name":"org.hibernate.jpa.internal.util.LogHelper","message":"HHH000204: Processing PersistenceUnitInfo [name: default]","service":"fms-core","version":"1.0.0","environment":"default"}
{"@timestamp":"2026-03-11T10:23:41.1908399+05:30","level":"INFO","logger_name":"org.hibernate.Version","message":"HHH000412: Hibernate ORM core version 6.6.11.Final","service":"fms-core","version":"1.0.0","environment":"default"}
{"@timestamp":"2026-03-11T10:23:41.2418358+05:30","level":"INFO","logger_name":"org.hibernate.cache.internal.RegionFactoryInitiator","message":"HHH000026: Second-level cache disabled","service":"fms-core","version":"1.0.0","environment":"default"}
{"@timestamp":"2026-03-11T10:23:41.7888419+05:30","level":"INFO","logger_name":"org.springframework.orm.jpa.persistenceunit.SpringPersistenceUnitInfo","message":"No LoadTimeWeaver setup: ignoring JPA class transformer","service":"fms-core","version":"1.0.0","environment":"default"}
{"@timestamp":"2026-03-11T10:23:42.0058381+05:30","level":"INFO","logger_name":"org.hibernate.orm.connections.pooling","message":"HHH10001005: Database info:\n\tDatabase JDBC URL [Connecting through datasource 'HikariDataSource (HikariPool-1)']\n\tDatabase driver: undefined/unknown\n\tDatabase version: 8.1\n\tAutocommit mode: undefined/unknown\n\tIsolation level: undefined/unknown\n\tMinimum pool size: undefined/unknown\n\tMaximum pool size: undefined/unknown","service":"fms-core","version":"1.0.0","environment":"default"}
{"@timestamp":"2026-03-11T10:23:44.1498831+05:30","level":"INFO","logger_name":"org.hibernate.engine.transaction.jta.platform.internal.JtaPlatformInitiator","message":"HHH000489: No JTA platform available (set 'hibernate.transaction.jta.platform' to enable JTA platform integration)","service":"fms-core","version":"1.0.0","environment":"default"}
{"@timestamp":"2026-03-11T10:23:44.6048767+05:30","level":"INFO","logger_name":"org.springframework.orm.jpa.LocalContainerEntityManagerFactoryBean","message":"Initialized JPA EntityManagerFactory for persistence unit 'default'","service":"fms-core","version":"1.0.0","environment":"default"}
{"@timestamp":"2026-03-11T10:23:45.011883+05:30","level":"INFO","logger_name":"org.springframework.data.jpa.repository.query.QueryEnhancerFactory","message":"Hibernate is in classpath; If applicable, HQL parser will be used.","service":"fms-core","version":"1.0.0","environment":"default"}
{"@timestamp":"2026-03-11T10:23:48.4449015+05:30","level":"WARN","logger_name":"org.drools.compiler.kie.builder.impl.KieBuilderImpl","message":"File 'ai-rules/default.drl' is in folder 'ai-rules' but declares package 'net.com.fms_core.ai.rules'. It is advised to have a correspondance between package and folder names.","service":"fms-core","version":"1.0.0","environment":"default"}
{"@timestamp":"2026-03-11T10:23:49.5309098+05:30","level":"INFO","logger_name":"net.com.fms_core.service.impl.AIKieService","message":"AI KIE base initialized successfully","service":"fms-core","version":"1.0.0","environment":"default"}
{"@timestamp":"2026-03-11T10:23:50.5139142+05:30","level":"WARN","logger_name":"org.springframework.boot.autoconfigure.orm.jpa.JpaBaseConfiguration$JpaWebConfiguration","message":"spring.jpa.open-in-view is enabled by default. Therefore, database queries may be performed during view rendering. Explicitly configure spring.jpa.open-in-view to disable this warning","service":"fms-core","version":"1.0.0","environment":"default"}
{"@timestamp":"2026-03-11T10:23:50.6179153+05:30","level":"INFO","logger_name":"org.springframework.validation.beanvalidation.OptionalValidatorFactoryBean","message":"Failed to set up a Bean Validation provider: jakarta.validation.NoProviderFoundException: Unable to create a Configuration, because no Jakarta Bean Validation provider could be found. Add a provider like Hibernate Validator (RI) to your classpath.","service":"fms-core","version":"1.0.0","environment":"default"}
{"@timestamp":"2026-03-11T10:23:52.4910406+05:30","level":"INFO","logger_name":"org.springframework.cloud.commons.util.InetUtils","message":"Cannot determine local hostname","service":"fms-core","version":"1.0.0","environment":"default"}
{"@timestamp":"2026-03-11T10:23:53.244041+05:30","level":"WARN","logger_name":"org.springframework.boot.devtools.autoconfigure.OptionalLiveReloadServer","message":"Unable to start LiveReload server","service":"fms-core","version":"1.0.0","environment":"default"}
{"@timestamp":"2026-03-11T10:23:54.2707715+05:30","level":"INFO","logger_name":"org.springframework.cloud.commons.util.InetUtils","message":"Cannot determine local hostname","service":"fms-core","version":"1.0.0","environment":"default"}
{"@timestamp":"2026-03-11T10:23:54.3057888+05:30","level":"INFO","logger_name":"org.springframework.cloud.netflix.eureka.config.DiscoveryClientOptionalArgsConfiguration","message":"Eureka HTTP Client uses RestTemplate.","service":"fms-core","version":"1.0.0","environment":"default"}
{"@timestamp":"2026-03-11T10:23:54.3997938+05:30","level":"WARN","logger_name":"org.springframework.cloud.loadbalancer.config.LoadBalancerCacheAutoConfiguration$LoadBalancerCaffeineWarnLogger","message":"Spring Cloud LoadBalancer is currently working with the default cache. While this cache implementation is useful for development and tests, it's recommended to use Caffeine cache in production.You can switch to using Caffeine cache, by adding it and org.springframework.cache.caffeine.CaffeineCacheManager to the classpath.","service":"fms-core","version":"1.0.0","environment":"default"}
{"@timestamp":"2026-03-11T10:23:54.4147592+05:30","level":"INFO","logger_name":"org.springframework.boot.actuate.endpoint.web.EndpointLinksResolver","message":"Exposing 6 endpoints beneath base path '/actuator'","service":"fms-core","version":"1.0.0","environment":"default"}
{"@timestamp":"2026-03-11T10:23:54.6197931+05:30","level":"INFO","logger_name":"org.springframework.messaging.simp.broker.SimpleBrokerMessageHandler","message":"Starting...","service":"fms-core","version":"1.0.0","environment":"default"}
{"@timestamp":"2026-03-11T10:23:54.6217713+05:30","level":"INFO","logger_name":"org.springframework.messaging.simp.broker.SimpleBrokerMessageHandler","message":"BrokerAvailabilityEvent[available=true, SimpleBrokerMessageHandler [org.springframework.messaging.simp.broker.DefaultSubscriptionRegistry@1c39f343]]","service":"fms-core","version":"1.0.0","environment":"default"}
{"@timestamp":"2026-03-11T10:23:54.6267615+05:30","level":"INFO","logger_name":"org.springframework.messaging.simp.broker.SimpleBrokerMessageHandler","message":"Started.","service":"fms-core","version":"1.0.0","environment":"default"}
{"@timestamp":"2026-03-11T10:23:54.6467637+05:30","level":"INFO","logger_name":"org.springframework.cloud.netflix.eureka.InstanceInfoFactory","message":"Setting initial instance status as: STARTING","service":"fms-core","version":"1.0.0","environment":"default"}
{"@timestamp":"2026-03-11T10:23:54.6937651+05:30","level":"INFO","logger_name":"com.netflix.discovery.DiscoveryClient","message":"Initializing Eureka in region us-east-1","service":"fms-core","version":"1.0.0","environment":"default"}
{"@timestamp":"2026-03-11T10:23:54.7017632+05:30","level":"INFO","logger_name":"com.netflix.discovery.shared.resolver.aws.ConfigClusterResolver","message":"Resolving eureka endpoints via configuration","service":"fms-core","version":"1.0.0","environment":"default"}
{"@timestamp":"2026-03-11T10:23:54.7197702+05:30","level":"INFO","logger_name":"com.netflix.discovery.DiscoveryClient","message":"Disable delta property : false","service":"fms-core","version":"1.0.0","environment":"default"}
{"@timestamp":"2026-03-11T10:23:54.7197702+05:30","level":"INFO","logger_name":"com.netflix.discovery.DiscoveryClient","message":"Single vip registry refresh property : null","service":"fms-core","version":"1.0.0","environment":"default"}
{"@timestamp":"2026-03-11T10:23:54.7207604+05:30","level":"INFO","logger_name":"com.netflix.discovery.DiscoveryClient","message":"Force full registry fetch : false","service":"fms-core","version":"1.0.0","environment":"default"}
{"@timestamp":"2026-03-11T10:23:54.7207604+05:30","level":"INFO","logger_name":"com.netflix.discovery.DiscoveryClient","message":"Application is null : false","service":"fms-core","version":"1.0.0","environment":"default"}
{"@timestamp":"2026-03-11T10:23:54.7207604+05:30","level":"INFO","logger_name":"com.netflix.discovery.DiscoveryClient","message":"Registered Applications size is zero : true","service":"fms-core","version":"1.0.0","environment":"default"}
{"@timestamp":"2026-03-11T10:23:54.7207604+05:30","level":"INFO","logger_name":"com.netflix.discovery.DiscoveryClient","message":"Application version is -1: true","service":"fms-core","version":"1.0.0","environment":"default"}
{"@timestamp":"2026-03-11T10:23:54.7217607+05:30","level":"INFO","logger_name":"com.netflix.discovery.DiscoveryClient","message":"Getting all instance registry info from the eureka server","service":"fms-core","version":"1.0.0","environment":"default"}
{"@timestamp":"2026-03-11T10:23:55.2317628+05:30","level":"INFO","logger_name":"com.netflix.discovery.DiscoveryClient","message":"The response status is 200","service":"fms-core","version":"1.0.0","environment":"default"}
{"@timestamp":"2026-03-11T10:23:55.2357662+05:30","level":"INFO","logger_name":"com.netflix.discovery.DiscoveryClient","message":"Starting heartbeat executor: renew interval is: 30","service":"fms-core","version":"1.0.0","environment":"default"}
{"@timestamp":"2026-03-11T10:23:55.2397622+05:30","level":"INFO","logger_name":"com.netflix.discovery.InstanceInfoReplicator","message":"InstanceInfoReplicator onDemand update allowed rate per min is 4","service":"fms-core","version":"1.0.0","environment":"default"}
{"@timestamp":"2026-03-11T10:23:55.2417641+05:30","level":"INFO","logger_name":"com.netflix.discovery.DiscoveryClient","message":"Discovery Client initialized at timestamp 1773204835241 with initial instances count: 4","service":"fms-core","version":"1.0.0","environment":"default"}
{"@timestamp":"2026-03-11T10:23:55.2597647+05:30","level":"INFO","logger_name":"org.springframework.cloud.netflix.eureka.serviceregistry.EurekaServiceRegistry","message":"Registering application FMS_CORE with eureka with status UP","service":"fms-core","version":"1.0.0","environment":"default"}
{"@timestamp":"2026-03-11T10:23:55.2607653+05:30","level":"INFO","logger_name":"com.netflix.discovery.DiscoveryClient","message":"Saw local status change event StatusChangeEvent [timestamp=1773204835260, current=UP, previous=STARTING]","service":"fms-core","version":"1.0.0","environment":"default"}
{"@timestamp":"2026-03-11T10:23:55.2627666+05:30","level":"INFO","logger_name":"com.netflix.discovery.DiscoveryClient","message":"DiscoveryClient_FMS_CORE/localhost:fms_core:8084: registering service...","service":"fms-core","version":"1.0.0","environment":"default"}
{"@timestamp":"2026-03-11T10:23:55.3387799+05:30","level":"INFO","logger_name":"org.springframework.boot.web.embedded.tomcat.TomcatWebServer","message":"Tomcat started on port 8084 (http) with context path '/fms-core-service'","service":"fms-core","version":"1.0.0","environment":"default"}
{"@timestamp":"2026-03-11T10:23:55.3407654+05:30","level":"INFO","logger_name":"org.springframework.cloud.netflix.eureka.serviceregistry.EurekaAutoServiceRegistration","message":"Updating port to 8084","service":"fms-core","version":"1.0.0","environment":"default"}
{"@timestamp":"2026-03-11T10:23:55.3537828+05:30","level":"INFO","logger_name":"com.netflix.discovery.DiscoveryClient","message":"DiscoveryClient_FMS_CORE/localhost:fms_core:8084 - registration status: 204","service":"fms-core","version":"1.0.0","environment":"default"}
{"@timestamp":"2026-03-11T10:23:56.3518987+05:30","level":"INFO","logger_name":"org.springframework.cloud.commons.util.InetUtils","message":"Cannot determine local hostname","service":"fms-core","version":"1.0.0","environment":"default"}
{"@timestamp":"2026-03-11T10:23:56.3673998+05:30","level":"INFO","logger_name":"net.com.fms_core.FmsCoreApplication","message":"Started FmsCoreApplication in 23.933 seconds (process running for 26.751)","service":"fms-core","version":"1.0.0","environment":"default"}
{"@timestamp":"2026-03-11T10:23:57.1993729+05:30","level":"INFO","logger_name":"net.com.fms_core.controller.RiskController","message":"rulesList.size = 1","service":"fms-core","version":"1.0.0","environment":"default"}
{"@timestamp":"2026-03-11T10:23:57.3623779+05:30","level":"INFO","logger_name":"org.drools.compiler.kie.builder.impl.KieContainerImpl","message":"Start creation of KieBase: defaultKieBase","service":"fms-core","version":"1.0.0","environment":"default"}
{"@timestamp":"2026-03-11T10:23:57.4733754+05:30","level":"INFO","logger_name":"org.drools.compiler.kie.builder.impl.KieContainerImpl","message":"End creation of KieBase: defaultKieBase","service":"fms-core","version":"1.0.0","environment":"default"}
{"@timestamp":"2026-03-11T10:23:57.9933755+05:30","level":"INFO","logger_name":"net.com.fms_core.controller.RiskController","message":"rulesList.size = 1","service":"fms-core","version":"1.0.0","environment":"default"}
{"@timestamp":"2026-03-11T10:23:58.0913936+05:30","level":"INFO","logger_name":"org.drools.compiler.kie.builder.impl.KieContainerImpl","message":"Start creation of KieBase: defaultKieBase","service":"fms-core","version":"1.0.0","environment":"default"}
{"@timestamp":"2026-03-11T10:23:58.103377+05:30","level":"INFO","logger_name":"org.drools.compiler.kie.builder.impl.KieContainerImpl","message":"End creation of KieBase: defaultKieBase","service":"fms-core","version":"1.0.0","environment":"default"}
{"@timestamp":"2026-03-11T10:23:58.1053761+05:30","level":"INFO","logger_name":"net.com.fms_core.config.SocketListener","message":"✅ FMS Receiver is listening on port 5000","service":"fms-core","version":"1.0.0","environment":"default"}
{"@timestamp":"2026-03-11T10:24:04.2741002+05:30","level":"INFO","logger_name":"org.apache.catalina.core.ContainerBase.[Tomcat].[localhost].[/fms-core-service]","message":"Initializing Spring DispatcherServlet 'dispatcherServlet'","service":"fms-core","version":"1.0.0","environment":"default"}
{"@timestamp":"2026-03-11T10:24:04.2750977+05:30","level":"INFO","logger_name":"org.springframework.web.servlet.DispatcherServlet","message":"Initializing Servlet 'dispatcherServlet'","service":"fms-core","version":"1.0.0","environment":"default"}
{"@timestamp":"2026-03-11T10:24:04.2810956+05:30","level":"INFO","logger_name":"org.springframework.web.servlet.DispatcherServlet","message":"Completed initialization in 6 ms","service":"fms-core","version":"1.0.0","environment":"default"}
{"@timestamp":"2026-03-11T10:24:04.3740967+05:30","level":"INFO","logger_name":"net.com.fms_core.service.impl.ImpossibleDistanceServiceImpl","message":"Using Java + Python model for distance analysis","service":"fms-core","version":"1.0.0","environment":"default"}
{"@timestamp":"2026-03-11T10:24:07.4361126+05:30","level":"ERROR","logger_name":"net.com.fms_core.service.impl.PythonIntegrationService","message":"Python model call failed: Unrecognized token 'Traceback': was expecting (JSON String, Number, Array, Object or token 'null', 'true' or 'false')\n at [Source: REDACTED (`StreamReadFeature.INCLUDE_SOURCE_IN_LOCATION` disabled); line: 1, column: 10]","service":"fms-core","version":"1.0.0","environment":"default"}
{"@timestamp":"2026-03-11T10:24:07.437115+05:30","level":"INFO","logger_name":"net.com.fms_core.controller.RiskController","message":"Distance: 0.0km, Time: 2min, Required Speed: 0.0km/h","service":"fms-core","version":"1.0.0","environment":"default"}
{"@timestamp":"2026-03-11T10:24:07.5801175+05:30","level":"INFO","logger_name":"org.drools.compiler.kie.builder.impl.KieContainerImpl","message":"Start creation of KieBase: defaultKieBase","service":"fms-core","version":"1.0.0","environment":"default"}
{"@timestamp":"2026-03-11T10:24:07.5861196+05:30","level":"INFO","logger_name":"org.drools.compiler.kie.builder.impl.KieContainerImpl","message":"End creation of KieBase: defaultKieBase","service":"fms-core","version":"1.0.0","environment":"default"}
{"@timestamp":"2026-03-11T10:24:54.4863875+05:30","level":"INFO","logger_name":"org.springframework.web.socket.config.WebSocketMessageBrokerStats","message":"WebSocketSession[0 current WS(0)-HttpStream(0)-HttpPoll(0), 0 total, 0 closed abnormally (0 connect failure, 0 send limit, 0 transport error)], stompSubProtocol[processed CONNECT(0)-CONNECTED(0)-DISCONNECT(0)], stompBrokerRelay[null], inboundChannel[pool size = 1, active threads = 0, queued tasks = 0, completed tasks = 1], outboundChannel[pool size = 1, active threads = 0, queued tasks = 0, completed tasks = 1], sockJsScheduler[pool size = 1, active threads = 1, queued tasks = 0, completed tasks = 0]","service":"fms-core","version":"1.0.0","environment":"default"}
{"@timestamp":"2026-03-11T10:25:25.2232994+05:30","level":"INFO","logger_name":"net.com.fms_core.service.impl.ImpossibleDistanceServiceImpl","message":"Using Java + Python model for distance analysis","service":"fms-core","version":"1.0.0","environment":"default"}
{"@timestamp":"2026-03-11T10:25:27.1683103+05:30","level":"ERROR","logger_name":"net.com.fms_core.service.impl.PythonIntegrationService","message":"Python model call failed: Unrecognized token 'Traceback': was expecting (JSON String, Number, Array, Object or token 'null', 'true' or 'false')\n at [Source: REDACTED (`StreamReadFeature.INCLUDE_SOURCE_IN_LOCATION` disabled); line: 1, column: 10]","service":"fms-core","version":"1.0.0","environment":"default"}
{"@timestamp":"2026-03-11T10:25:27.1693245+05:30","level":"INFO","logger_name":"net.com.fms_core.controller.RiskController","message":"Distance: 0.0km, Time: 1min, Required Speed: 0.0km/h","service":"fms-core","version":"1.0.0","environment":"default"}
{"@timestamp":"2026-03-11T10:28:55.0640106+05:30","level":"INFO","logger_name":"com.netflix.discovery.shared.resolver.aws.ConfigClusterResolver","message":"Resolving eureka endpoints via configuration","service":"fms-core","version":"1.0.0","environment":"default"}
{"@timestamp":"2026-03-11T10:29:17.9219913+05:30","level":"INFO","logger_name":"org.springframework.cloud.netflix.eureka.serviceregistry.EurekaServiceRegistry","message":"Unregistering application FMS_CORE with eureka with status DOWN","service":"fms-core","version":"1.0.0","environment":"default"}
{"@timestamp":"2026-03-11T10:29:17.9230077+05:30","level":"INFO","logger_name":"com.netflix.discovery.DiscoveryClient","message":"Saw local status change event StatusChangeEvent [timestamp=1773205157923, current=DOWN, previous=UP]","service":"fms-core","version":"1.0.0","environment":"default"}
{"@timestamp":"2026-03-11T10:29:17.9239886+05:30","level":"INFO","logger_name":"com.netflix.discovery.DiscoveryClient","message":"DiscoveryClient_FMS_CORE/localhost:fms_core:8084: registering service...","service":"fms-core","version":"1.0.0","environment":"default"}
{"@timestamp":"2026-03-11T10:29:17.9299869+05:30","level":"INFO","logger_name":"org.springframework.boot.web.embedded.tomcat.GracefulShutdown","message":"Commencing graceful shutdown. Waiting for active requests to complete","service":"fms-core","version":"1.0.0","environment":"default"}
{"@timestamp":"2026-03-11T10:29:17.9419883+05:30","level":"INFO","logger_name":"com.netflix.discovery.DiscoveryClient","message":"DiscoveryClient_FMS_CORE/localhost:fms_core:8084 - registration status: 204","service":"fms-core","version":"1.0.0","environment":"default"}
{"@timestamp":"2026-03-11T10:29:35.3926123+05:30","level":"INFO","logger_name":"net.com.fms_core.FmsCoreApplication","message":"Starting FmsCoreApplication using Java 21.0.2 with PID 25188 (C:\\Users\\kavinda_d\\Documents\\e soft\\final project\\project\\fms backend\\fms_core\\target\\classes started by kavinda_d in C:\\Users\\kavinda_d\\Documents\\e soft\\final project\\project\\fms backend)","service":"fms-core","version":"1.0.0","environment":"default"}
{"@timestamp":"2026-03-11T10:29:35.4036169+05:30","level":"DEBUG","logger_name":"net.com.fms_core.FmsCoreApplication","message":"Running with Spring Boot v3.4.4, Spring v6.2.5","service":"fms-core","version":"1.0.0","environment":"default"}
{"@timestamp":"2026-03-11T10:29:35.4056132+05:30","level":"INFO","logger_name":"net.com.fms_core.FmsCoreApplication","message":"The following 1 profile is active: \"dev\"","service":"fms-core","version":"1.0.0","environment":"default"}
{"@timestamp":"2026-03-11T10:29:35.4696198+05:30","level":"INFO","logger_name":"org.springframework.cloud.config.client.ConfigServerConfigDataLoader","message":"Fetching config from server at : http://localhost:8888","service":"fms-core","version":"1.0.0","environment":"default"}
{"@timestamp":"2026-03-11T10:29:35.4696198+05:30","level":"INFO","logger_name":"org.springframework.cloud.config.client.ConfigServerConfigDataLoader","message":"Located environment: name=fms_core, profiles=[dev], label=null, version=null, state=null","service":"fms-core","version":"1.0.0","environment":"default"}
{"@timestamp":"2026-03-11T10:29:35.4736161+05:30","level":"INFO","logger_name":"org.springframework.boot.devtools.env.DevToolsPropertyDefaultsPostProcessor","message":"Devtools property defaults active! Set 'spring.devtools.add-properties' to 'false' to disable","service":"fms-core","version":"1.0.0","environment":"default"}
{"@timestamp":"2026-03-11T10:29:35.4746222+05:30","level":"INFO","logger_name":"org.springframework.boot.devtools.env.DevToolsPropertyDefaultsPostProcessor","message":"For additional web related logging consider setting the 'logging.level.web' property to 'DEBUG'","service":"fms-core","version":"1.0.0","environment":"default"}
{"@timestamp":"2026-03-11T10:29:37.8716163+05:30","level":"INFO","logger_name":"org.springframework.data.repository.config.RepositoryConfigurationDelegate","message":"Bootstrapping Spring Data JPA repositories in DEFAULT mode.","service":"fms-core","version":"1.0.0","environment":"default"}
{"@timestamp":"2026-03-11T10:29:38.2356195+05:30","level":"INFO","logger_name":"org.springframework.data.repository.config.RepositoryConfigurationDelegate","message":"Finished Spring Data repository scanning in 353 ms. Found 23 JPA repository interfaces.","service":"fms-core","version":"1.0.0","environment":"default"}
{"@timestamp":"2026-03-11T10:29:39.0466202+05:30","level":"INFO","logger_name":"org.springframework.cloud.context.scope.GenericScope","message":"BeanFactory id=00be10ca-805b-33a6-ba0f-6f93d757e18b","service":"fms-core","version":"1.0.0","environment":"default"}
{"@timestamp":"2026-03-11T10:29:40.269629+05:30","level":"INFO","logger_name":"org.springframework.boot.web.embedded.tomcat.TomcatWebServer","message":"Tomcat initialized with port 8084 (http)","service":"fms-core","version":"1.0.0","environment":"default"}
{"@timestamp":"2026-03-11T10:29:40.2846246+05:30","level":"INFO","logger_name":"org.apache.catalina.core.StandardService","message":"Starting service [Tomcat]","service":"fms-core","version":"1.0.0","environment":"default"}
{"@timestamp":"2026-03-11T10:29:40.2856241+05:30","level":"INFO","logger_name":"org.apache.catalina.core.StandardEngine","message":"Starting Servlet engine: [Apache Tomcat/10.1.39]","service":"fms-core","version":"1.0.0","environment":"default"}
{"@timestamp":"2026-03-11T10:29:40.3576237+05:30","level":"INFO","logger_name":"org.apache.catalina.core.ContainerBase.[Tomcat].[localhost].[/fms-core-service]","message":"Initializing Spring embedded WebApplicationContext","service":"fms-core","version":"1.0.0","environment":"default"}
{"@timestamp":"2026-03-11T10:29:40.3576237+05:30","level":"INFO","logger_name":"org.springframework.boot.web.servlet.context.ServletWebServerApplicationContext","message":"Root WebApplicationContext: initialization completed in 4880 ms","service":"fms-core","version":"1.0.0","environment":"default"}
{"@timestamp":"2026-03-11T10:29:40.9586258+05:30","level":"INFO","logger_name":"com.zaxxer.hikari.HikariDataSource","message":"HikariPool-1 - Starting...","service":"fms-core","version":"1.0.0","environment":"default"}
{"@timestamp":"2026-03-11T10:29:41.17563+05:30","level":"INFO","logger_name":"com.zaxxer.hikari.pool.HikariPool","message":"HikariPool-1 - Added connection com.mysql.cj.jdbc.ConnectionImpl@5449140b","service":"fms-core","version":"1.0.0","environment":"default"}
{"@timestamp":"2026-03-11T10:29:41.1776293+05:30","level":"INFO","logger_name":"com.zaxxer.hikari.HikariDataSource","message":"HikariPool-1 - Start completed.","service":"fms-core","version":"1.0.0","environment":"default"}
{"@timestamp":"2026-03-11T10:29:41.2556369+05:30","level":"INFO","logger_name":"org.hibernate.jpa.internal.util.LogHelper","message":"HHH000204: Processing PersistenceUnitInfo [name: default]","service":"fms-core","version":"1.0.0","environment":"default"}
{"@timestamp":"2026-03-11T10:29:41.3606277+05:30","level":"INFO","logger_name":"org.hibernate.Version","message":"HHH000412: Hibernate ORM core version 6.6.11.Final","service":"fms-core","version":"1.0.0","environment":"default"}
{"@timestamp":"2026-03-11T10:29:41.4456298+05:30","level":"INFO","logger_name":"org.hibernate.cache.internal.RegionFactoryInitiator","message":"HHH000026: Second-level cache disabled","service":"fms-core","version":"1.0.0","environment":"default"}
{"@timestamp":"2026-03-11T10:29:42.3856338+05:30","level":"INFO","logger_name":"org.springframework.orm.jpa.persistenceunit.SpringPersistenceUnitInfo","message":"No LoadTimeWeaver setup: ignoring JPA class transformer","service":"fms-core","version":"1.0.0","environment":"default"}
{"@timestamp":"2026-03-11T10:29:42.6236315+05:30","level":"INFO","logger_name":"org.hibernate.orm.connections.pooling","message":"HHH10001005: Database info:\n\tDatabase JDBC URL [Connecting through datasource 'HikariDataSource (HikariPool-1)']\n\tDatabase driver: undefined/unknown\n\tDatabase version: 8.1\n\tAutocommit mode: undefined/unknown\n\tIsolation level: undefined/unknown\n\tMinimum pool size: undefined/unknown\n\tMaximum pool size: undefined/unknown","service":"fms-core","version":"1.0.0","environment":"default"}
{"@timestamp":"2026-03-11T10:29:45.1826381+05:30","level":"INFO","logger_name":"org.hibernate.engine.transaction.jta.platform.internal.JtaPlatformInitiator","message":"HHH000489: No JTA platform available (set 'hibernate.transaction.jta.platform' to enable JTA platform integration)","service":"fms-core","version":"1.0.0","environment":"default"}
{"@timestamp":"2026-03-11T10:29:45.6896403+05:30","level":"INFO","logger_name":"org.springframework.orm.jpa.LocalContainerEntityManagerFactoryBean","message":"Initialized JPA EntityManagerFactory for persistence unit 'default'","service":"fms-core","version":"1.0.0","environment":"default"}
{"@timestamp":"2026-03-11T10:29:46.097641+05:30","level":"INFO","logger_name":"org.springframework.data.jpa.repository.query.QueryEnhancerFactory","message":"Hibernate is in classpath; If applicable, HQL parser will be used.","service":"fms-core","version":"1.0.0","environment":"default"}
{"@timestamp":"2026-03-11T10:29:49.6006472+05:30","level":"WARN","logger_name":"org.drools.compiler.kie.builder.impl.KieBuilderImpl","message":"File 'ai-rules/default.drl' is in folder 'ai-rules' but declares package 'net.com.fms_core.ai.rules'. It is advised to have a correspondance between package and folder names.","service":"fms-core","version":"1.0.0","environment":"default"}
{"@timestamp":"2026-03-11T10:29:50.9226536+05:30","level":"INFO","logger_name":"net.com.fms_core.service.impl.AIKieService","message":"AI KIE base initialized successfully","service":"fms-core","version":"1.0.0","environment":"default"}
{"@timestamp":"2026-03-11T10:29:52.0926552+05:30","level":"WARN","logger_name":"org.springframework.boot.autoconfigure.orm.jpa.JpaBaseConfiguration$JpaWebConfiguration","message":"spring.jpa.open-in-view is enabled by default. Therefore, database queries may be performed during view rendering. Explicitly configure spring.jpa.open-in-view to disable this warning","service":"fms-core","version":"1.0.0","environment":"default"}
{"@timestamp":"2026-03-11T10:29:52.2166555+05:30","level":"INFO","logger_name":"org.springframework.validation.beanvalidation.OptionalValidatorFactoryBean","message":"Failed to set up a Bean Validation provider: jakarta.validation.NoProviderFoundException: Unable to create a Configuration, because no Jakarta Bean Validation provider could be found. Add a provider like Hibernate Validator (RI) to your classpath.","service":"fms-core","version":"1.0.0","environment":"default"}
{"@timestamp":"2026-03-11T10:29:54.4535696+05:30","level":"INFO","logger_name":"org.springframework.cloud.commons.util.InetUtils","message":"Cannot determine local hostname","service":"fms-core","version":"1.0.0","environment":"default"}
{"@timestamp":"2026-03-11T10:29:55.1935687+05:30","level":"WARN","logger_name":"org.springframework.boot.devtools.autoconfigure.OptionalLiveReloadServer","message":"Unable to start LiveReload server","service":"fms-core","version":"1.0.0","environment":"default"}
{"@timestamp":"2026-03-11T10:29:56.2195603+05:30","level":"INFO","logger_name":"org.springframework.cloud.commons.util.InetUtils","message":"Cannot determine local hostname","service":"fms-core","version":"1.0.0","environment":"default"}
{"@timestamp":"2026-03-11T10:29:56.2745581+05:30","level":"INFO","logger_name":"org.springframework.cloud.netflix.eureka.config.DiscoveryClientOptionalArgsConfiguration","message":"Eureka HTTP Client uses RestTemplate.","service":"fms-core","version":"1.0.0","environment":"default"}
{"@timestamp":"2026-03-11T10:29:56.4485631+05:30","level":"WARN","logger_name":"org.springframework.cloud.loadbalancer.config.LoadBalancerCacheAutoConfiguration$LoadBalancerCaffeineWarnLogger","message":"Spring Cloud LoadBalancer is currently working with the default cache. While this cache implementation is useful for development and tests, it's recommended to use Caffeine cache in production.You can switch to using Caffeine cache, by adding it and org.springframework.cache.caffeine.CaffeineCacheManager to the classpath.","service":"fms-core","version":"1.0.0","environment":"default"}
{"@timestamp":"2026-03-11T10:29:56.4745685+05:30","level":"INFO","logger_name":"org.springframework.boot.actuate.endpoint.web.EndpointLinksResolver","message":"Exposing 6 endpoints beneath base path '/actuator'","service":"fms-core","version":"1.0.0","environment":"default"}
{"@timestamp":"2026-03-11T10:29:56.9035673+05:30","level":"INFO","logger_name":"org.springframework.messaging.simp.broker.SimpleBrokerMessageHandler","message":"Starting...","service":"fms-core","version":"1.0.0","environment":"default"}
{"@timestamp":"2026-03-11T10:29:56.9055657+05:30","level":"INFO","logger_name":"org.springframework.messaging.simp.broker.SimpleBrokerMessageHandler","message":"BrokerAvailabilityEvent[available=true, SimpleBrokerMessageHandler [org.springframework.messaging.simp.broker.DefaultSubscriptionRegistry@3edde756]]","service":"fms-core","version":"1.0.0","environment":"default"}
{"@timestamp":"2026-03-11T10:29:56.9085652+05:30","level":"INFO","logger_name":"org.springframework.messaging.simp.broker.SimpleBrokerMessageHandler","message":"Started.","service":"fms-core","version":"1.0.0","environment":"default"}
{"@timestamp":"2026-03-11T10:29:56.9335647+05:30","level":"INFO","logger_name":"org.springframework.cloud.netflix.eureka.InstanceInfoFactory","message":"Setting initial instance status as: STARTING","service":"fms-core","version":"1.0.0","environment":"default"}
{"@timestamp":"2026-03-11T10:29:56.9655627+05:30","level":"INFO","logger_name":"com.netflix.discovery.DiscoveryClient","message":"Initializing Eureka in region us-east-1","service":"fms-core","version":"1.0.0","environment":"default"}
{"@timestamp":"2026-03-11T10:29:56.9705627+05:30","level":"INFO","logger_name":"com.netflix.discovery.shared.resolver.aws.ConfigClusterResolver","message":"Resolving eureka endpoints via configuration","service":"fms-core","version":"1.0.0","environment":"default"}
{"@timestamp":"2026-03-11T10:29:56.9835663+05:30","level":"INFO","logger_name":"com.netflix.discovery.DiscoveryClient","message":"Disable delta property : false","service":"fms-core","version":"1.0.0","environment":"default"}
{"@timestamp":"2026-03-11T10:29:56.9845616+05:30","level":"INFO","logger_name":"com.netflix.discovery.DiscoveryClient","message":"Single vip registry refresh property : null","service":"fms-core","version":"1.0.0","environment":"default"}
{"@timestamp":"2026-03-11T10:29:56.9845616+05:30","level":"INFO","logger_name":"com.netflix.discovery.DiscoveryClient","message":"Force full registry fetch : false","service":"fms-core","version":"1.0.0","environment":"default"}
{"@timestamp":"2026-03-11T10:29:56.9845616+05:30","level":"INFO","logger_name":"com.netflix.discovery.DiscoveryClient","message":"Application is null : false","service":"fms-core","version":"1.0.0","environment":"default"}
{"@timestamp":"2026-03-11T10:29:56.9845616+05:30","level":"INFO","logger_name":"com.netflix.discovery.DiscoveryClient","message":"Registered Applications size is zero : true","service":"fms-core","version":"1.0.0","environment":"default"}
{"@timestamp":"2026-03-11T10:29:56.9855622+05:30","level":"INFO","logger_name":"com.netflix.discovery.DiscoveryClient","message":"Application version is -1: true","service":"fms-core","version":"1.0.0","environment":"default"}
{"@timestamp":"2026-03-11T10:29:56.9855622+05:30","level":"INFO","logger_name":"com.netflix.discovery.DiscoveryClient","message":"Getting all instance registry info from the eureka server","service":"fms-core","version":"1.0.0","environment":"default"}
{"@timestamp":"2026-03-11T10:29:57.3895622+05:30","level":"INFO","logger_name":"com.netflix.discovery.DiscoveryClient","message":"The response status is 200","service":"fms-core","version":"1.0.0","environment":"default"}
{"@timestamp":"2026-03-11T10:29:57.3925631+05:30","level":"INFO","logger_name":"com.netflix.discovery.DiscoveryClient","message":"Starting heartbeat executor: renew interval is: 30","service":"fms-core","version":"1.0.0","environment":"default"}
{"@timestamp":"2026-03-11T10:29:57.3955662+05:30","level":"INFO","logger_name":"com.netflix.discovery.InstanceInfoReplicator","message":"InstanceInfoReplicator onDemand update allowed rate per min is 4","service":"fms-core","version":"1.0.0","environment":"default"}
{"@timestamp":"2026-03-11T10:29:57.3985665+05:30","level":"INFO","logger_name":"com.netflix.discovery.DiscoveryClient","message":"Discovery Client initialized at timestamp 1773205197397 with initial instances count: 4","service":"fms-core","version":"1.0.0","environment":"default"}
{"@timestamp":"2026-03-11T10:29:57.4085618+05:30","level":"INFO","logger_name":"org.springframework.cloud.netflix.eureka.serviceregistry.EurekaServiceRegistry","message":"Registering application FMS_CORE with eureka with status UP","service":"fms-core","version":"1.0.0","environment":"default"}
{"@timestamp":"2026-03-11T10:29:57.4095627+05:30","level":"INFO","logger_name":"com.netflix.discovery.DiscoveryClient","message":"Saw local status change event StatusChangeEvent [timestamp=1773205197409, current=UP, previous=STARTING]","service":"fms-core","version":"1.0.0","environment":"default"}
{"@timestamp":"2026-03-11T10:29:57.4115655+05:30","level":"INFO","logger_name":"com.netflix.discovery.DiscoveryClient","message":"DiscoveryClient_FMS_CORE/localhost:fms_core:8084: registering service...","service":"fms-core","version":"1.0.0","environment":"default"}
{"@timestamp":"2026-03-11T10:29:57.4525732+05:30","level":"INFO","logger_name":"org.springframework.boot.web.embedded.tomcat.TomcatWebServer","message":"Tomcat started on port 8084 (http) with context path '/fms-core-service'","service":"fms-core","version":"1.0.0","environment":"default"}
{"@timestamp":"2026-03-11T10:29:57.4535649+05:30","level":"INFO","logger_name":"org.springframework.cloud.netflix.eureka.serviceregistry.EurekaAutoServiceRegistration","message":"Updating port to 8084","service":"fms-core","version":"1.0.0","environment":"default"}
{"@timestamp":"2026-03-11T10:29:57.4795639+05:30","level":"INFO","logger_name":"com.netflix.discovery.DiscoveryClient","message":"DiscoveryClient_FMS_CORE/localhost:fms_core:8084 - registration status: 204","service":"fms-core","version":"1.0.0","environment":"default"}
{"@timestamp":"2026-03-11T10:29:58.4743525+05:30","level":"INFO","logger_name":"org.springframework.cloud.commons.util.InetUtils","message":"Cannot determine local hostname","service":"fms-core","version":"1.0.0","environment":"default"}
{"@timestamp":"2026-03-11T10:29:58.5033584+05:30","level":"INFO","logger_name":"net.com.fms_core.FmsCoreApplication","message":"Started FmsCoreApplication in 26.385 seconds (process running for 29.355)","service":"fms-core","version":"1.0.0","environment":"default"}
{"@timestamp":"2026-03-11T10:29:59.4173565+05:30","level":"INFO","logger_name":"net.com.fms_core.controller.RiskController","message":"rulesList.size = 1","service":"fms-core","version":"1.0.0","environment":"default"}
{"@timestamp":"2026-03-11T10:29:59.5953595+05:30","level":"INFO","logger_name":"org.drools.compiler.kie.builder.impl.KieContainerImpl","message":"Start creation of KieBase: defaultKieBase","service":"fms-core","version":"1.0.0","environment":"default"}
{"@timestamp":"2026-03-11T10:29:59.8043625+05:30","level":"INFO","logger_name":"org.drools.compiler.kie.builder.impl.KieContainerImpl","message":"End creation of KieBase: defaultKieBase","service":"fms-core","version":"1.0.0","environment":"default"}
{"@timestamp":"2026-03-11T10:29:59.8403598+05:30","level":"INFO","logger_name":"net.com.fms_core.service.impl.AIKieService","message":"Cleared existing AI KIE container","service":"fms-core","version":"1.0.0","environment":"default"}
{"@timestamp":"2026-03-11T10:29:59.981361+05:30","level":"ERROR","logger_name":"org.drools.compiler.kie.builder.impl.KieProject","message":"Unable to build KieBaseModel:defaultKieBase\n[5,44]: [ERR 102] Line 5:44 mismatched input 'in' in rule \"Dynamic Merchant Risk Analysis\"\n[0,0]: Parser returned a null Package\nUnable to Analyse Expression fee_ratio > 0.030362865404772676:\n[Error: unable to resolve method using strict-mode: net.com.fms_core.dto.message.IsoMessageDTO.fee_ratio()]\n[Near : {... fee_ratio > 0.0303628654047726 ....}]\n             ^\n[Line: 5, Column: 2] : [Rule name='Statistical Fee Anomaly Detection']\n\nUnable to Analyse Expression fraud_probability >= 0.6816202892673278:\n[Error: unable to resolve method using strict-mode: net.com.fms_core.dto.message.IsoMessageDTO.fraud_probability()]\n[Near : {... fraud_probability >= 0.6816202 ....}]\n             ^\n[Line: 5, Column: 2] : [Rule name='Ensemble Voting Decision']\n\nRule Compilation error : [Rule name='Dynamic Amount Cluster Analysis']\n\tThe method setConfidence(double) is undefined for the type IsoMessageDTO\n\nRule Compilation error : [Rule name='Statistical Outlier Detection (customerRiskScore)']\n\tThe method setConfidence(double) is undefined for the type IsoMessageDTO\n\nRule Compilation error : [Rule name='Correlation Pattern Detection']\n\tThe method setConfidence(double) is undefined for the type IsoMessageDTO\n\nRule Compilation error : [Rule name='Statistical Fee Anomaly Detection']\n\tThe method setConfidence(double) is undefined for the type IsoMessageDTO\n\nRule Compilation error : [Rule name='Ensemble Voting Decision']\n\tThe method setConfidence(double) is undefined for the type IsoMessageDTO\n\nRule Compilation error : [Rule name='Adaptive Risk Profile Detection']\n\tThe method setConfidence(double) is undefined for the type IsoMessageDTO\n\n","service":"fms-core","version":"1.0.0","environment":"default"}
{"@timestamp":"2026-03-11T10:29:59.981361+05:30","level":"ERROR","logger_name":"net.com.fms_core.service.impl.AIKieService","message":"AI rules build errors: [Message [id=1, kieBase=defaultKieBase, level=ERROR, path=ai-rules/rule_0.drl, line=5, column=0\n   text=[ERR 102] Line 5:44 mismatched input 'in' in rule \"Dynamic Merchant Risk Analysis\"], Message [id=2, kieBase=defaultKieBase, level=ERROR, path=ai-rules/rule_0.drl, line=0, column=0\n   text=Parser returned a null Package], Message [id=3, kieBase=defaultKieBase, level=ERROR, path=ai-rules/rule_1.drl, line=5, column=0\n   text=Unable to Analyse Expression fee_ratio > 0.030362865404772676:\n[Error: unable to resolve method using strict-mode: net.com.fms_core.dto.message.IsoMessageDTO.fee_ratio()]\n[Near : {... fee_ratio > 0.0303628654047726 ....}]\n             ^\n[Line: 5, Column: 2]], Message [id=4, kieBase=defaultKieBase, level=ERROR, path=ai-rules/rule_6.drl, line=5, column=0\n   text=Unable to Analyse Expression fraud_probability >= 0.6816202892673278:\n[Error: unable to resolve method using strict-mode: net.com.fms_core.dto.message.IsoMessageDTO.fraud_probability()]\n[Near : {... fraud_probability >= 0.6816202 ....}]\n             ^\n[Line: 5, Column: 2]], Message [id=5, kieBase=defaultKieBase, level=ERROR, path=ai-rules/rule_3.drl, line=3, column=0\n   text=Rule Compilation error The method setConfidence(double) is undefined for the type IsoMessageDTO], Message [id=6, kieBase=defaultKieBase, level=ERROR, path=ai-rules/rule_2.drl, line=3, column=0\n   text=Rule Compilation error The method setConfidence(double) is undefined for the type IsoMessageDTO], Message [id=7, kieBase=defaultKieBase, level=ERROR, path=ai-rules/rule_4.drl, line=3, column=0\n   text=Rule Compilation error The method setConfidence(double) is undefined for the type IsoMessageDTO], Message [id=8, kieBase=defaultKieBase, level=ERROR, path=ai-rules/rule_1.drl, line=3, column=0\n   text=Rule Compilation error The method setConfidence(double) is undefined for the type IsoMessageDTO], Message [id=9, kieBase=defaultKieBase, level=ERROR, path=ai-rules/rule_6.drl, line=3, column=0\n   text=Rule Compilation error The method setConfidence(double) is undefined for the type IsoMessageDTO], Message [id=10, kieBase=defaultKieBase, level=ERROR, path=ai-rules/rule_5.drl, line=3, column=0\n   text=Rule Compilation error The method setConfidence(double) is undefined for the type IsoMessageDTO]]","service":"fms-core","version":"1.0.0","environment":"default"}
{"@timestamp":"2026-03-11T10:29:59.981361+05:30","level":"ERROR","logger_name":"net.com.fms_core.service.impl.AIKieService","message":"Failed to deploy AI rules","service":"fms-core","version":"1.0.0","environment":"default"}
{"@timestamp":"2026-03-11T10:30:00.5833619+05:30","level":"INFO","logger_name":"net.com.fms_core.controller.RiskController","message":"rulesList.size = 1","service":"fms-core","version":"1.0.0","environment":"default"}
{"@timestamp":"2026-03-11T10:30:00.6583603+05:30","level":"INFO","logger_name":"org.drools.compiler.kie.builder.impl.KieContainerImpl","message":"Start creation of KieBase: defaultKieBase","service":"fms-core","version":"1.0.0","environment":"default"}
{"@timestamp":"2026-03-11T10:30:00.6683573+05:30","level":"INFO","logger_name":"org.drools.compiler.kie.builder.impl.KieContainerImpl","message":"End creation of KieBase: defaultKieBase","service":"fms-core","version":"1.0.0","environment":"default"}
{"@timestamp":"2026-03-11T10:30:00.7593707+05:30","level":"ERROR","logger_name":"org.drools.compiler.kie.builder.impl.KieProject","message":"Unable to build KieBaseModel:defaultKieBase\n[5,44]: [ERR 102] Line 5:44 mismatched input 'in' in rule \"Dynamic Merchant Risk Analysis\"\n[0,0]: Parser returned a null Package\nUnable to Analyse Expression fee_ratio > 0.030362865404772676:\n[Error: unable to resolve method using strict-mode: net.com.fms_core.dto.message.IsoMessageDTO.fee_ratio()]\n[Near : {... fee_ratio > 0.0303628654047726 ....}]\n             ^\n[Line: 5, Column: 2] : [Rule name='Statistical Fee Anomaly Detection']\n\nUnable to Analyse Expression fraud_probability >= 0.6816202892673278:\n[Error: unable to resolve method using strict-mode: net.com.fms_core.dto.message.IsoMessageDTO.fraud_probability()]\n[Near : {... fraud_probability >= 0.6816202 ....}]\n             ^\n[Line: 5, Column: 2] : [Rule name='Ensemble Voting Decision']\n\nRule Compilation error : [Rule name='Dynamic Amount Cluster Analysis']\n\tThe method setConfidence(double) is undefined for the type IsoMessageDTO\n\nRule Compilation error : [Rule name='Statistical Outlier Detection (customerRiskScore)']\n\tThe method setConfidence(double) is undefined for the type IsoMessageDTO\n\nRule Compilation error : [Rule name='Correlation Pattern Detection']\n\tThe method setConfidence(double) is undefined for the type IsoMessageDTO\n\nRule Compilation error : [Rule name='Statistical Fee Anomaly Detection']\n\tThe method setConfidence(double) is undefined for the type IsoMessageDTO\n\nRule Compilation error : [Rule name='Adaptive Risk Profile Detection']\n\tThe method setConfidence(double) is undefined for the type IsoMessageDTO\n\nRule Compilation error : [Rule name='Ensemble Voting Decision']\n\tThe method setConfidence(double) is undefined for the type IsoMessageDTO\n\n","service":"fms-core","version":"1.0.0","environment":"default"}
{"@timestamp":"2026-03-11T10:30:00.7593707+05:30","level":"ERROR","logger_name":"net.com.fms_core.service.impl.AIKieService","message":"AI rules build errors: [Message [id=1, kieBase=defaultKieBase, level=ERROR, path=ai-rules/rule_0.drl, line=5, column=0\n   text=[ERR 102] Line 5:44 mismatched input 'in' in rule \"Dynamic Merchant Risk Analysis\"], Message [id=2, kieBase=defaultKieBase, level=ERROR, path=ai-rules/rule_0.drl, line=0, column=0\n   text=Parser returned a null Package], Message [id=3, kieBase=defaultKieBase, level=ERROR, path=ai-rules/rule_1.drl, line=5, column=0\n   text=Unable to Analyse Expression fee_ratio > 0.030362865404772676:\n[Error: unable to resolve method using strict-mode: net.com.fms_core.dto.message.IsoMessageDTO.fee_ratio()]\n[Near : {... fee_ratio > 0.0303628654047726 ....}]\n             ^\n[Line: 5, Column: 2]], Message [id=4, kieBase=defaultKieBase, level=ERROR, path=ai-rules/rule_6.drl, line=5, column=0\n   text=Unable to Analyse Expression fraud_probability >= 0.6816202892673278:\n[Error: unable to resolve method using strict-mode: net.com.fms_core.dto.message.IsoMessageDTO.fraud_probability()]\n[Near : {... fraud_probability >= 0.6816202 ....}]\n             ^\n[Line: 5, Column: 2]], Message [id=5, kieBase=defaultKieBase, level=ERROR, path=ai-rules/rule_3.drl, line=3, column=0\n   text=Rule Compilation error The method setConfidence(double) is undefined for the type IsoMessageDTO], Message [id=6, kieBase=defaultKieBase, level=ERROR, path=ai-rules/rule_2.drl, line=3, column=0\n   text=Rule Compilation error The method setConfidence(double) is undefined for the type IsoMessageDTO], Message [id=7, kieBase=defaultKieBase, level=ERROR, path=ai-rules/rule_4.drl, line=3, column=0\n   text=Rule Compilation error The method setConfidence(double) is undefined for the type IsoMessageDTO], Message [id=8, kieBase=defaultKieBase, level=ERROR, path=ai-rules/rule_1.drl, line=3, column=0\n   text=Rule Compilation error The method setConfidence(double) is undefined for the type IsoMessageDTO], Message [id=9, kieBase=defaultKieBase, level=ERROR, path=ai-rules/rule_5.drl, line=3, column=0\n   text=Rule Compilation error The method setConfidence(double) is undefined for the type IsoMessageDTO], Message [id=10, kieBase=defaultKieBase, level=ERROR, path=ai-rules/rule_6.drl, line=3, column=0\n   text=Rule Compilation error The method setConfidence(double) is undefined for the type IsoMessageDTO]]","service":"fms-core","version":"1.0.0","environment":"default"}
{"@timestamp":"2026-03-11T10:30:00.7603622+05:30","level":"ERROR","logger_name":"net.com.fms_core.service.impl.AIKieService","message":"Failed to deploy AI rules","service":"fms-core","version":"1.0.0","environment":"default"}
{"@timestamp":"2026-03-11T10:30:00.7623623+05:30","level":"INFO","logger_name":"net.com.fms_core.config.SocketListener","message":"✅ FMS Receiver is listening on port 5000","service":"fms-core","version":"1.0.0","environment":"default"}
{"@timestamp":"2026-03-11T10:30:56.586021+05:30","level":"INFO","logger_name":"org.springframework.web.socket.config.WebSocketMessageBrokerStats","message":"WebSocketSession[0 current WS(0)-HttpStream(0)-HttpPoll(0), 0 total, 0 closed abnormally (0 connect failure, 0 send limit, 0 transport error)], stompSubProtocol[processed CONNECT(0)-CONNECTED(0)-DISCONNECT(0)], stompBrokerRelay[null], inboundChannel[pool size = 0, active threads = 0, queued tasks = 0, completed tasks = 0], outboundChannel[pool size = 0, active threads = 0, queued tasks = 0, completed tasks = 0], sockJsScheduler[pool size = 1, active threads = 1, queued tasks = 0, completed tasks = 0]","service":"fms-core","version":"1.0.0","environment":"default"}
{"@timestamp":"2026-03-11T10:32:41.9307232+05:30","level":"INFO","logger_name":"org.springframework.cloud.netflix.eureka.serviceregistry.EurekaServiceRegistry","message":"Unregistering application FMS_CORE with eureka with status DOWN","service":"fms-core","version":"1.0.0","environment":"default"}
{"@timestamp":"2026-03-11T10:32:41.931724+05:30","level":"INFO","logger_name":"com.netflix.discovery.DiscoveryClient","message":"Saw local status change event StatusChangeEvent [timestamp=1773205361931, current=DOWN, previous=UP]","service":"fms-core","version":"1.0.0","environment":"default"}
{"@timestamp":"2026-03-11T10:32:41.931724+05:30","level":"INFO","logger_name":"com.netflix.discovery.DiscoveryClient","message":"DiscoveryClient_FMS_CORE/localhost:fms_core:8084: registering service...","service":"fms-core","version":"1.0.0","environment":"default"}
{"@timestamp":"2026-03-11T10:32:41.9367312+05:30","level":"INFO","logger_name":"org.springframework.boot.web.embedded.tomcat.GracefulShutdown","message":"Commencing graceful shutdown. Waiting for active requests to complete","service":"fms-core","version":"1.0.0","environment":"default"}
{"@timestamp":"2026-03-11T10:32:41.9417241+05:30","level":"INFO","logger_name":"com.netflix.discovery.DiscoveryClient","message":"DiscoveryClient_FMS_CORE/localhost:fms_core:8084 - registration status: 204","service":"fms-core","version":"1.0.0","environment":"default"}
{"@timestamp":"2026-03-11T10:32:41.946721+05:30","level":"INFO","logger_name":"org.springframework.boot.web.embedded.tomcat.GracefulShutdown","message":"Graceful shutdown complete","service":"fms-core","version":"1.0.0","environment":"default"}
{"@timestamp":"2026-03-11T10:32:41.9507236+05:30","level":"INFO","logger_name":"org.springframework.messaging.simp.broker.SimpleBrokerMessageHandler","message":"Stopping...","service":"fms-core","version":"1.0.0","environment":"default"}
{"@timestamp":"2026-03-11T10:32:41.9507236+05:30","level":"INFO","logger_name":"org.springframework.messaging.simp.broker.SimpleBrokerMessageHandler","message":"BrokerAvailabilityEvent[available=false, SimpleBrokerMessageHandler [org.springframework.messaging.simp.broker.DefaultSubscriptionRegistry@3edde756]]","service":"fms-core","version":"1.0.0","environment":"default"}
{"@timestamp":"2026-03-11T10:32:41.9517532+05:30","level":"INFO","logger_name":"org.springframework.messaging.simp.broker.SimpleBrokerMessageHandler","message":"Stopped.","service":"fms-core","version":"1.0.0","environment":"default"}
{"@timestamp":"2026-03-11T10:32:41.964721+05:30","level":"INFO","logger_name":"org.springframework.orm.jpa.LocalContainerEntityManagerFactoryBean","message":"Closing JPA EntityManagerFactory for persistence unit 'default'","service":"fms-core","version":"1.0.0","environment":"default"}
{"@timestamp":"2026-03-11T10:32:41.9697251+05:30","level":"INFO","logger_name":"com.zaxxer.hikari.HikariDataSource","message":"HikariPool-1 - Shutdown initiated...","service":"fms-core","version":"1.0.0","environment":"default"}
{"@timestamp":"2026-03-11T10:32:41.979723+05:30","level":"INFO","logger_name":"com.zaxxer.hikari.HikariDataSource","message":"HikariPool-1 - Shutdown completed.","service":"fms-core","version":"1.0.0","environment":"default"}
{"@timestamp":"2026-03-11T10:32:41.9807233+05:30","level":"INFO","logger_name":"com.netflix.discovery.DiscoveryClient","message":"Shutting down DiscoveryClient ...","service":"fms-core","version":"1.0.0","environment":"default"}
{"@timestamp":"2026-03-11T10:32:44.9931558+05:30","level":"INFO","logger_name":"com.netflix.discovery.DiscoveryClient","message":"Unregistering ...","service":"fms-core","version":"1.0.0","environment":"default"}
{"@timestamp":"2026-03-11T10:32:45.0111519+05:30","level":"INFO","logger_name":"com.netflix.discovery.DiscoveryClient","message":"DiscoveryClient_FMS_CORE/localhost:fms_core:8084 - deregister  status: 200","service":"fms-core","version":"1.0.0","environment":"default"}
{"@timestamp":"2026-03-11T10:32:45.0111519+05:30","level":"INFO","logger_name":"com.netflix.discovery.DiscoveryClient","message":"Completed shut down of DiscoveryClient","service":"fms-core","version":"1.0.0","environment":"default"}
{"@timestamp":"2026-03-11T10:32:58.1841115+05:30","level":"INFO","logger_name":"net.com.fms_core.FmsCoreApplication","message":"Starting FmsCoreApplication using Java 21.0.2 with PID 17928 (C:\\Users\\kavinda_d\\Documents\\e soft\\final project\\project\\fms backend\\fms_core\\target\\classes started by kavinda_d in C:\\Users\\kavinda_d\\Documents\\e soft\\final project\\project\\fms backend)","service":"fms-core","version":"1.0.0","environment":"default"}
{"@timestamp":"2026-03-11T10:32:58.1971121+05:30","level":"DEBUG","logger_name":"net.com.fms_core.FmsCoreApplication","message":"Running with Spring Boot v3.4.4, Spring v6.2.5","service":"fms-core","version":"1.0.0","environment":"default"}
{"@timestamp":"2026-03-11T10:32:58.1981114+05:30","level":"INFO","logger_name":"net.com.fms_core.FmsCoreApplication","message":"The following 1 profile is active: \"dev\"","service":"fms-core","version":"1.0.0","environment":"default"}
{"@timestamp":"2026-03-11T10:32:58.2571094+05:30","level":"INFO","logger_name":"org.springframework.cloud.config.client.ConfigServerConfigDataLoader","message":"Fetching config from server at : http://localhost:8888","service":"fms-core","version":"1.0.0","environment":"default"}
{"@timestamp":"2026-03-11T10:32:58.2581128+05:30","level":"INFO","logger_name":"org.springframework.cloud.config.client.ConfigServerConfigDataLoader","message":"Located environment: name=fms_core, profiles=[dev], label=null, version=null, state=null","service":"fms-core","version":"1.0.0","environment":"default"}
{"@timestamp":"2026-03-11T10:32:58.2611278+05:30","level":"INFO","logger_name":"org.springframework.boot.devtools.env.DevToolsPropertyDefaultsPostProcessor","message":"Devtools property defaults active! Set 'spring.devtools.add-properties' to 'false' to disable","service":"fms-core","version":"1.0.0","environment":"default"}
{"@timestamp":"2026-03-11T10:32:58.2611278+05:30","level":"INFO","logger_name":"org.springframework.boot.devtools.env.DevToolsPropertyDefaultsPostProcessor","message":"For additional web related logging consider setting the 'logging.level.web' property to 'DEBUG'","service":"fms-core","version":"1.0.0","environment":"default"}
{"@timestamp":"2026-03-11T10:33:00.427114+05:30","level":"INFO","logger_name":"org.springframework.data.repository.config.RepositoryConfigurationDelegate","message":"Bootstrapping Spring Data JPA repositories in DEFAULT mode.","service":"fms-core","version":"1.0.0","environment":"default"}
{"@timestamp":"2026-03-11T10:33:00.7891158+05:30","level":"INFO","logger_name":"org.springframework.data.repository.config.RepositoryConfigurationDelegate","message":"Finished Spring Data repository scanning in 333 ms. Found 23 JPA repository interfaces.","service":"fms-core","version":"1.0.0","environment":"default"}
{"@timestamp":"2026-03-11T10:33:01.3071225+05:30","level":"INFO","logger_name":"org.springframework.cloud.context.scope.GenericScope","message":"BeanFactory id=00be10ca-805b-33a6-ba0f-6f93d757e18b","service":"fms-core","version":"1.0.0","environment":"default"}
{"@timestamp":"2026-03-11T10:33:02.8931239+05:30","level":"INFO","logger_name":"org.springframework.boot.web.embedded.tomcat.TomcatWebServer","message":"Tomcat initialized with port 8084 (http)","service":"fms-core","version":"1.0.0","environment":"default"}
{"@timestamp":"2026-03-11T10:33:02.9131156+05:30","level":"INFO","logger_name":"org.apache.catalina.core.StandardService","message":"Starting service [Tomcat]","service":"fms-core","version":"1.0.0","environment":"default"}
{"@timestamp":"2026-03-11T10:33:02.9131156+05:30","level":"INFO","logger_name":"org.apache.catalina.core.StandardEngine","message":"Starting Servlet engine: [Apache Tomcat/10.1.39]","service":"fms-core","version":"1.0.0","environment":"default"}
{"@timestamp":"2026-03-11T10:33:03.0081193+05:30","level":"INFO","logger_name":"org.apache.catalina.core.ContainerBase.[Tomcat].[localhost].[/fms-core-service]","message":"Initializing Spring embedded WebApplicationContext","service":"fms-core","version":"1.0.0","environment":"default"}
{"@timestamp":"2026-03-11T10:33:03.0091536+05:30","level":"INFO","logger_name":"org.springframework.boot.web.servlet.context.ServletWebServerApplicationContext","message":"Root WebApplicationContext: initialization completed in 4746 ms","service":"fms-core","version":"1.0.0","environment":"default"}
{"@timestamp":"2026-03-11T10:33:03.7511158+05:30","level":"INFO","logger_name":"com.zaxxer.hikari.HikariDataSource","message":"HikariPool-1 - Starting...","service":"fms-core","version":"1.0.0","environment":"default"}
{"@timestamp":"2026-03-11T10:33:03.9551197+05:30","level":"INFO","logger_name":"com.zaxxer.hikari.pool.HikariPool","message":"HikariPool-1 - Added connection com.mysql.cj.jdbc.ConnectionImpl@2ab85d86","service":"fms-core","version":"1.0.0","environment":"default"}
{"@timestamp":"2026-03-11T10:33:03.9581263+05:30","level":"INFO","logger_name":"com.zaxxer.hikari.HikariDataSource","message":"HikariPool-1 - Start completed.","service":"fms-core","version":"1.0.0","environment":"default"}
{"@timestamp":"2026-03-11T10:33:04.0261157+05:30","level":"INFO","logger_name":"org.hibernate.jpa.internal.util.LogHelper","message":"HHH000204: Processing PersistenceUnitInfo [name: default]","service":"fms-core","version":"1.0.0","environment":"default"}
{"@timestamp":"2026-03-11T10:33:04.1111183+05:30","level":"INFO","logger_name":"org.hibernate.Version","message":"HHH000412: Hibernate ORM core version 6.6.11.Final","service":"fms-core","version":"1.0.0","environment":"default"}
{"@timestamp":"2026-03-11T10:33:04.1671268+05:30","level":"INFO","logger_name":"org.hibernate.cache.internal.RegionFactoryInitiator","message":"HHH000026: Second-level cache disabled","service":"fms-core","version":"1.0.0","environment":"default"}
{"@timestamp":"2026-03-11T10:33:04.5451177+05:30","level":"INFO","logger_name":"org.springframework.orm.jpa.persistenceunit.SpringPersistenceUnitInfo","message":"No LoadTimeWeaver setup: ignoring JPA class transformer","service":"fms-core","version":"1.0.0","environment":"default"}
{"@timestamp":"2026-03-11T10:33:04.673118+05:30","level":"INFO","logger_name":"org.hibernate.orm.connections.pooling","message":"HHH10001005: Database info:\n\tDatabase JDBC URL [Connecting through datasource 'HikariDataSource (HikariPool-1)']\n\tDatabase driver: undefined/unknown\n\tDatabase version: 8.1\n\tAutocommit mode: undefined/unknown\n\tIsolation level: undefined/unknown\n\tMinimum pool size: undefined/unknown\n\tMaximum pool size: undefined/unknown","service":"fms-core","version":"1.0.0","environment":"default"}
{"@timestamp":"2026-03-11T10:33:07.058119+05:30","level":"INFO","logger_name":"org.hibernate.engine.transaction.jta.platform.internal.JtaPlatformInitiator","message":"HHH000489: No JTA platform available (set 'hibernate.transaction.jta.platform' to enable JTA platform integration)","service":"fms-core","version":"1.0.0","environment":"default"}
{"@timestamp":"2026-03-11T10:33:07.5391188+05:30","level":"INFO","logger_name":"org.springframework.orm.jpa.LocalContainerEntityManagerFactoryBean","message":"Initialized JPA EntityManagerFactory for persistence unit 'default'","service":"fms-core","version":"1.0.0","environment":"default"}
{"@timestamp":"2026-03-11T10:33:07.9441216+05:30","level":"INFO","logger_name":"org.springframework.data.jpa.repository.query.QueryEnhancerFactory","message":"Hibernate is in classpath; If applicable, HQL parser will be used.","service":"fms-core","version":"1.0.0","environment":"default"}
{"@timestamp":"2026-03-11T10:33:11.0841236+05:30","level":"WARN","logger_name":"org.drools.compiler.kie.builder.impl.KieBuilderImpl","message":"File 'ai-rules/default.drl' is in folder 'ai-rules' but declares package 'net.com.fms_core.ai.rules'. It is advised to have a correspondance between package and folder names.","service":"fms-core","version":"1.0.0","environment":"default"}
{"@timestamp":"2026-03-11T10:33:12.4878369+05:30","level":"INFO","logger_name":"net.com.fms_core.service.impl.AIKieService","message":"AI KIE base initialized successfully","service":"fms-core","version":"1.0.0","environment":"default"}
{"@timestamp":"2026-03-11T10:33:13.6048333+05:30","level":"WARN","logger_name":"org.springframework.boot.autoconfigure.orm.jpa.JpaBaseConfiguration$JpaWebConfiguration","message":"spring.jpa.open-in-view is enabled by default. Therefore, database queries may be performed during view rendering. Explicitly configure spring.jpa.open-in-view to disable this warning","service":"fms-core","version":"1.0.0","environment":"default"}
{"@timestamp":"2026-03-11T10:33:13.6638358+05:30","level":"INFO","logger_name":"org.springframework.validation.beanvalidation.OptionalValidatorFactoryBean","message":"Failed to set up a Bean Validation provider: jakarta.validation.NoProviderFoundException: Unable to create a Configuration, because no Jakarta Bean Validation provider could be found. Add a provider like Hibernate Validator (RI) to your classpath.","service":"fms-core","version":"1.0.0","environment":"default"}
{"@timestamp":"2026-03-11T10:33:15.3577979+05:30","level":"INFO","logger_name":"org.springframework.cloud.commons.util.InetUtils","message":"Cannot determine local hostname","service":"fms-core","version":"1.0.0","environment":"default"}
{"@timestamp":"2026-03-11T10:33:16.1567882+05:30","level":"WARN","logger_name":"org.springframework.boot.devtools.autoconfigure.OptionalLiveReloadServer","message":"Unable to start LiveReload server","service":"fms-core","version":"1.0.0","environment":"default"}
{"@timestamp":"2026-03-11T10:33:17.1840483+05:30","level":"INFO","logger_name":"org.springframework.cloud.commons.util.InetUtils","message":"Cannot determine local hostname","service":"fms-core","version":"1.0.0","environment":"default"}
{"@timestamp":"2026-03-11T10:33:17.2210657+05:30","level":"INFO","logger_name":"org.springframework.cloud.netflix.eureka.config.DiscoveryClientOptionalArgsConfiguration","message":"Eureka HTTP Client uses RestTemplate.","service":"fms-core","version":"1.0.0","environment":"default"}
{"@timestamp":"2026-03-11T10:33:17.3160374+05:30","level":"WARN","logger_name":"org.springframework.cloud.loadbalancer.config.LoadBalancerCacheAutoConfiguration$LoadBalancerCaffeineWarnLogger","message":"Spring Cloud LoadBalancer is currently working with the default cache. While this cache implementation is useful for development and tests, it's recommended to use Caffeine cache in production.You can switch to using Caffeine cache, by adding it and org.springframework.cache.caffeine.CaffeineCacheManager to the classpath.","service":"fms-core","version":"1.0.0","environment":"default"}
{"@timestamp":"2026-03-11T10:33:17.3310658+05:30","level":"INFO","logger_name":"org.springframework.boot.actuate.endpoint.web.EndpointLinksResolver","message":"Exposing 6 endpoints beneath base path '/actuator'","service":"fms-core","version":"1.0.0","environment":"default"}
{"@timestamp":"2026-03-11T10:33:17.4750329+05:30","level":"INFO","logger_name":"org.springframework.messaging.simp.broker.SimpleBrokerMessageHandler","message":"Starting...","service":"fms-core","version":"1.0.0","environment":"default"}
{"@timestamp":"2026-03-11T10:33:17.4760341+05:30","level":"INFO","logger_name":"org.springframework.messaging.simp.broker.SimpleBrokerMessageHandler","message":"BrokerAvailabilityEvent[available=true, SimpleBrokerMessageHandler [org.springframework.messaging.simp.broker.DefaultSubscriptionRegistry@5a29bbe9]]","service":"fms-core","version":"1.0.0","environment":"default"}
{"@timestamp":"2026-03-11T10:33:17.4780461+05:30","level":"INFO","logger_name":"org.springframework.messaging.simp.broker.SimpleBrokerMessageHandler","message":"Started.","service":"fms-core","version":"1.0.0","environment":"default"}
{"@timestamp":"2026-03-11T10:33:17.4930315+05:30","level":"INFO","logger_name":"org.springframework.cloud.netflix.eureka.InstanceInfoFactory","message":"Setting initial instance status as: STARTING","service":"fms-core","version":"1.0.0","environment":"default"}
{"@timestamp":"2026-03-11T10:33:17.5220313+05:30","level":"INFO","logger_name":"com.netflix.discovery.DiscoveryClient","message":"Initializing Eureka in region us-east-1","service":"fms-core","version":"1.0.0","environment":"default"}
{"@timestamp":"2026-03-11T10:33:17.5260325+05:30","level":"INFO","logger_name":"com.netflix.discovery.shared.resolver.aws.ConfigClusterResolver","message":"Resolving eureka endpoints via configuration","service":"fms-core","version":"1.0.0","environment":"default"}
{"@timestamp":"2026-03-11T10:33:17.5370341+05:30","level":"INFO","logger_name":"com.netflix.discovery.DiscoveryClient","message":"Disable delta property : false","service":"fms-core","version":"1.0.0","environment":"default"}
{"@timestamp":"2026-03-11T10:33:17.5380331+05:30","level":"INFO","logger_name":"com.netflix.discovery.DiscoveryClient","message":"Single vip registry refresh property : null","service":"fms-core","version":"1.0.0","environment":"default"}
{"@timestamp":"2026-03-11T10:33:17.5380331+05:30","level":"INFO","logger_name":"com.netflix.discovery.DiscoveryClient","message":"Force full registry fetch : false","service":"fms-core","version":"1.0.0","environment":"default"}
{"@timestamp":"2026-03-11T10:33:17.5380331+05:30","level":"INFO","logger_name":"com.netflix.discovery.DiscoveryClient","message":"Application is null : false","service":"fms-core","version":"1.0.0","environment":"default"}
{"@timestamp":"2026-03-11T10:33:17.5380331+05:30","level":"INFO","logger_name":"com.netflix.discovery.DiscoveryClient","message":"Registered Applications size is zero : true","service":"fms-core","version":"1.0.0","environment":"default"}
{"@timestamp":"2026-03-11T10:33:17.5380331+05:30","level":"INFO","logger_name":"com.netflix.discovery.DiscoveryClient","message":"Application version is -1: true","service":"fms-core","version":"1.0.0","environment":"default"}
{"@timestamp":"2026-03-11T10:33:17.5390321+05:30","level":"INFO","logger_name":"com.netflix.discovery.DiscoveryClient","message":"Getting all instance registry info from the eureka server","service":"fms-core","version":"1.0.0","environment":"default"}
{"@timestamp":"2026-03-11T10:33:17.9496207+05:30","level":"INFO","logger_name":"com.netflix.discovery.DiscoveryClient","message":"The response status is 200","service":"fms-core","version":"1.0.0","environment":"default"}
{"@timestamp":"2026-03-11T10:33:17.9526213+05:30","level":"INFO","logger_name":"com.netflix.discovery.DiscoveryClient","message":"Starting heartbeat executor: renew interval is: 30","service":"fms-core","version":"1.0.0","environment":"default"}
{"@timestamp":"2026-03-11T10:33:17.9546218+05:30","level":"INFO","logger_name":"com.netflix.discovery.InstanceInfoReplicator","message":"InstanceInfoReplicator onDemand update allowed rate per min is 4","service":"fms-core","version":"1.0.0","environment":"default"}
{"@timestamp":"2026-03-11T10:33:17.9566185+05:30","level":"INFO","logger_name":"com.netflix.discovery.DiscoveryClient","message":"Discovery Client initialized at timestamp 1773205397956 with initial instances count: 3","service":"fms-core","version":"1.0.0","environment":"default"}
{"@timestamp":"2026-03-11T10:33:17.9676183+05:30","level":"INFO","logger_name":"org.springframework.cloud.netflix.eureka.serviceregistry.EurekaServiceRegistry","message":"Registering application FMS_CORE with eureka with status UP","service":"fms-core","version":"1.0.0","environment":"default"}
{"@timestamp":"2026-03-11T10:33:17.9686209+05:30","level":"INFO","logger_name":"com.netflix.discovery.DiscoveryClient","message":"Saw local status change event StatusChangeEvent [timestamp=1773205397967, current=UP, previous=STARTING]","service":"fms-core","version":"1.0.0","environment":"default"}
{"@timestamp":"2026-03-11T10:33:17.9706201+05:30","level":"INFO","logger_name":"com.netflix.discovery.DiscoveryClient","message":"DiscoveryClient_FMS_CORE/localhost:fms_core:8084: registering service...","service":"fms-core","version":"1.0.0","environment":"default"}
{"@timestamp":"2026-03-11T10:33:18.0096367+05:30","level":"INFO","logger_name":"org.springframework.boot.web.embedded.tomcat.TomcatWebServer","message":"Tomcat started on port 8084 (http) with context path '/fms-core-service'","service":"fms-core","version":"1.0.0","environment":"default"}
{"@timestamp":"2026-03-11T10:33:18.0116225+05:30","level":"INFO","logger_name":"org.springframework.cloud.netflix.eureka.serviceregistry.EurekaAutoServiceRegistration","message":"Updating port to 8084","service":"fms-core","version":"1.0.0","environment":"default"}
{"@timestamp":"2026-03-11T10:33:18.0326196+05:30","level":"INFO","logger_name":"com.netflix.discovery.DiscoveryClient","message":"DiscoveryClient_FMS_CORE/localhost:fms_core:8084 - registration status: 204","service":"fms-core","version":"1.0.0","environment":"default"}
{"@timestamp":"2026-03-11T10:33:19.0289791+05:30","level":"INFO","logger_name":"org.springframework.cloud.commons.util.InetUtils","message":"Cannot determine local hostname","service":"fms-core","version":"1.0.0","environment":"default"}
{"@timestamp":"2026-03-11T10:33:19.0470091+05:30","level":"INFO","logger_name":"net.com.fms_core.FmsCoreApplication","message":"Started FmsCoreApplication in 23.71 seconds (process running for 26.252)","service":"fms-core","version":"1.0.0","environment":"default"}
{"@timestamp":"2026-03-11T10:33:19.850875+05:30","level":"INFO","logger_name":"net.com.fms_core.controller.RiskController","message":"rulesList.size = 1","service":"fms-core","version":"1.0.0","environment":"default"}
{"@timestamp":"2026-03-11T10:33:20.0488772+05:30","level":"INFO","logger_name":"org.drools.compiler.kie.builder.impl.KieContainerImpl","message":"Start creation of KieBase: defaultKieBase","service":"fms-core","version":"1.0.0","environment":"default"}
{"@timestamp":"2026-03-11T10:33:20.1938786+05:30","level":"INFO","logger_name":"org.drools.compiler.kie.builder.impl.KieContainerImpl","message":"End creation of KieBase: defaultKieBase","service":"fms-core","version":"1.0.0","environment":"default"}
{"@timestamp":"2026-03-11T10:33:20.2099169+05:30","level":"INFO","logger_name":"net.com.fms_core.config.SocketListener","message":"✅ FMS Receiver is listening on port 5000","service":"fms-core","version":"1.0.0","environment":"default"}
{"@timestamp":"2026-03-11T10:34:17.4147576+05:30","level":"INFO","logger_name":"org.springframework.web.socket.config.WebSocketMessageBrokerStats","message":"WebSocketSession[0 current WS(0)-HttpStream(0)-HttpPoll(0), 0 total, 0 closed abnormally (0 connect failure, 0 send limit, 0 transport error)], stompSubProtocol[processed CONNECT(0)-CONNECTED(0)-DISCONNECT(0)], stompBrokerRelay[null], inboundChannel[pool size = 0, active threads = 0, queued tasks = 0, completed tasks = 0], outboundChannel[pool size = 0, active threads = 0, queued tasks = 0, completed tasks = 0], sockJsScheduler[pool size = 1, active threads = 1, queued tasks = 0, completed tasks = 0]","service":"fms-core","version":"1.0.0","environment":"default"}
{"@timestamp":"2026-03-11T10:35:43.5475331+05:30","level":"INFO","logger_name":"org.apache.catalina.core.ContainerBase.[Tomcat].[localhost].[/fms-core-service]","message":"Initializing Spring DispatcherServlet 'dispatcherServlet'","service":"fms-core","version":"1.0.0","environment":"default"}
{"@timestamp":"2026-03-11T10:35:43.5485345+05:30","level":"INFO","logger_name":"org.springframework.web.servlet.DispatcherServlet","message":"Initializing Servlet 'dispatcherServlet'","service":"fms-core","version":"1.0.0","environment":"default"}
{"@timestamp":"2026-03-11T10:35:43.5535358+05:30","level":"INFO","logger_name":"org.springframework.web.servlet.DispatcherServlet","message":"Completed initialization in 4 ms","service":"fms-core","version":"1.0.0","environment":"default"}
{"@timestamp":"2026-03-11T10:36:01.8145565+05:30","level":"INFO","logger_name":"net.com.fms_core.controller.TransactionController","message":"Generating ML-based intelligent rules with pre-trained models...","service":"fms-core","version":"1.0.0","environment":"default"}
{"@timestamp":"2026-03-11T10:36:01.8145565+05:30","level":"INFO","logger_name":"net.com.fms_core.service.impl.script.ProductionRuleGenerationService","message":"Generating advanced ML-based rules with trained models...","service":"fms-core","version":"1.0.0","environment":"default"}
{"@timestamp":"2026-03-11T10:36:09.3155594+05:30","level":"INFO","logger_name":"net.com.fms_core.service.impl.script.ProductionRuleGenerationService","message":"Advanced ML rule generation completed with exit code: 0","service":"fms-core","version":"1.0.0","environment":"default"}
{"@timestamp":"2026-03-11T10:36:21.4892073+05:30","level":"INFO","logger_name":"net.com.fms_core.controller.TransactionController","message":"Deploying dynamic rules to database and KIE base...","service":"fms-core","version":"1.0.0","environment":"default"}
{"@timestamp":"2026-03-11T10:36:21.4892073+05:30","level":"INFO","logger_name":"net.com.fms_core.service.impl.script.DynamicRuleGenerationService","message":"Starting deployment of dynamic rules to database and KIE base...","service":"fms-core","version":"1.0.0","environment":"default"}
{"@timestamp":"2026-03-11T10:36:21.4901725+05:30","level":"DEBUG","logger_name":"net.com.fms_core.service.impl.script.DynamicRuleGenerationService","message":"Cleaned rules content: import net.com.fms_core.dto.message.IsoMessageDTO;\n\nrule \"Adaptive Risk Profile Detection\"\nwhen\n  $msg : IsoMessageDTO(customerRiskScore >= 8.439241569671045 && amount > 2471.559607430499)\nthen\n  $msg.setStatus(\"BLOCK\");\n  $msg.setRiskLevel(\"HIGH\");\n  $msg.setRiskScore(80.0);\n  $msg.setFiredRule(\"Adaptive Risk Profile Detection\");\nend\n\n\n\nimport net.com.fms_core.dto.message.IsoMessageDTO;\n\nrule \"Statistical Outlier Detection (transactionFeeAmount)\"\nwhen\n  $msg : IsoMessageDTO(transactionFeeAmount","service":"fms-core","version":"1.0.0","environment":"default"}
{"@timestamp":"2026-03-11T10:36:21.493177+05:30","level":"INFO","logger_name":"net.com.fms_core.service.impl.script.DynamicRuleGenerationService","message":"Expected to deploy 8 rules based on content analysis","service":"fms-core","version":"1.0.0","environment":"default"}
{"@timestamp":"2026-03-11T10:36:21.5751727+05:30","level":"INFO","logger_name":"net.com.fms_core.service.impl.script.DynamicRuleGenerationService","message":"Starting to parse rules content of length: 2637","service":"fms-core","version":"1.0.0","environment":"default"}
{"@timestamp":"2026-03-11T10:36:21.576176+05:30","level":"INFO","logger_name":"net.com.fms_core.service.impl.script.DynamicRuleGenerationService","message":"Found 8 rule blocks after splitting by import statements","service":"fms-core","version":"1.0.0","environment":"default"}
{"@timestamp":"2026-03-11T10:36:21.576176+05:30","level":"DEBUG","logger_name":"net.com.fms_core.service.impl.script.DynamicRuleGenerationService","message":"Extracted rule name: Adaptive Risk Profile Detection","service":"fms-core","version":"1.0.0","environment":"default"}
{"@timestamp":"2026-03-11T10:36:21.5871715+05:30","level":"INFO","logger_name":"net.com.fms_core.service.impl.script.DynamicRuleGenerationService","message":"Creating new rule: Adaptive Risk Profile Detection (DYN_ADAPTIVE_RISK_PROFILE_DETECTION)","service":"fms-core","version":"1.0.0","environment":"default"}
{"@timestamp":"2026-03-11T10:36:21.5981738+05:30","level":"INFO","logger_name":"net.com.fms_core.service.impl.script.DynamicRuleGenerationService","message":"Successfully saved rule: Adaptive Risk Profile Detection (ID: 202, Code: DYN_ADAPTIVE_RISK_PROFILE_DETECTION)","service":"fms-core","version":"1.0.0","environment":"default"}
{"@timestamp":"2026-03-11T10:36:21.5981738+05:30","level":"DEBUG","logger_name":"net.com.fms_core.service.impl.script.DynamicRuleGenerationService","message":"Saved rule content length: 336","service":"fms-core","version":"1.0.0","environment":"default"}
{"@timestamp":"2026-03-11T10:36:21.5991722+05:30","level":"DEBUG","logger_name":"net.com.fms_core.service.impl.script.DynamicRuleGenerationService","message":"Extracted rule name: Statistical Outlier Detection (transactionFeeAmount)","service":"fms-core","version":"1.0.0","environment":"default"}
{"@timestamp":"2026-03-11T10:36:21.6051761+05:30","level":"INFO","logger_name":"net.com.fms_core.service.impl.script.DynamicRuleGenerationService","message":"Creating new rule: Statistical Outlier Detection (transactionFeeAmount) (DYN_STATISTICAL_OUTLIER_DETECTION__TRANSACTIONFEEAMOUNT_)","service":"fms-core","version":"1.0.0","environment":"default"}
{"@timestamp":"2026-03-11T10:36:21.6151892+05:30","level":"INFO","logger_name":"net.com.fms_core.service.impl.script.DynamicRuleGenerationService","message":"Successfully saved rule: Statistical Outlier Detection (transactionFeeAmount) (ID: 203, Code: DYN_STATISTICAL_OUTLIER_DETECTION__TRANSACTIONFEEAMOUNT_)","service":"fms-core","version":"1.0.0","environment":"default"}
{"@timestamp":"2026-03-11T10:36:21.6162027+05:30","level":"DEBUG","logger_name":"net.com.fms_core.service.impl.script.DynamicRuleGenerationService","message":"Saved rule content length: 352","service":"fms-core","version":"1.0.0","environment":"default"}
{"@timestamp":"2026-03-11T10:36:21.618175+05:30","level":"DEBUG","logger_name":"net.com.fms_core.service.impl.script.DynamicRuleGenerationService","message":"Extracted rule name: Dynamic Merchant Risk Analysis","service":"fms-core","version":"1.0.0","environment":"default"}
{"@timestamp":"2026-03-11T10:36:21.624173+05:30","level":"INFO","logger_name":"net.com.fms_core.service.impl.script.DynamicRuleGenerationService","message":"Creating new rule: Dynamic Merchant Risk Analysis (DYN_DYNAMIC_MERCHANT_RISK_ANALYSIS)","service":"fms-core","version":"1.0.0","environment":"default"}
{"@timestamp":"2026-03-11T10:36:21.6321731+05:30","level":"INFO","logger_name":"net.com.fms_core.service.impl.script.DynamicRuleGenerationService","message":"Successfully saved rule: Dynamic Merchant Risk Analysis (ID: 204, Code: DYN_DYNAMIC_MERCHANT_RISK_ANALYSIS)","service":"fms-core","version":"1.0.0","environment":"default"}
{"@timestamp":"2026-03-11T10:36:21.6321731+05:30","level":"DEBUG","logger_name":"net.com.fms_core.service.impl.script.DynamicRuleGenerationService","message":"Saved rule content length: 333","service":"fms-core","version":"1.0.0","environment":"default"}
{"@timestamp":"2026-03-11T10:36:21.6331843+05:30","level":"DEBUG","logger_name":"net.com.fms_core.service.impl.script.DynamicRuleGenerationService","message":"Extracted rule name: Correlation Pattern Detection","service":"fms-core","version":"1.0.0","environment":"default"}
{"@timestamp":"2026-03-11T10:36:21.6431714+05:30","level":"INFO","logger_name":"net.com.fms_core.service.impl.script.DynamicRuleGenerationService","message":"Creating new rule: Correlation Pattern Detection (DYN_CORRELATION_PATTERN_DETECTION)","service":"fms-core","version":"1.0.0","environment":"default"}
{"@timestamp":"2026-03-11T10:36:21.6571738+05:30","level":"INFO","logger_name":"net.com.fms_core.service.impl.script.DynamicRuleGenerationService","message":"Successfully saved rule: Correlation Pattern Detection (ID: 205, Code: DYN_CORRELATION_PATTERN_DETECTION)","service":"fms-core","version":"1.0.0","environment":"default"}
{"@timestamp":"2026-03-11T10:36:21.6571738+05:30","level":"DEBUG","logger_name":"net.com.fms_core.service.impl.script.DynamicRuleGenerationService","message":"Saved rule content length: 322","service":"fms-core","version":"1.0.0","environment":"default"}
{"@timestamp":"2026-03-11T10:36:21.6571738+05:30","level":"DEBUG","logger_name":"net.com.fms_core.service.impl.script.DynamicRuleGenerationService","message":"Extracted rule name: Dynamic Amount Cluster Analysis","service":"fms-core","version":"1.0.0","environment":"default"}
{"@timestamp":"2026-03-11T10:36:21.6631745+05:30","level":"INFO","logger_name":"net.com.fms_core.service.impl.script.DynamicRuleGenerationService","message":"Creating new rule: Dynamic Amount Cluster Analysis (DYN_DYNAMIC_AMOUNT_CLUSTER_ANALYSIS)","service":"fms-core","version":"1.0.0","environment":"default"}
{"@timestamp":"2026-03-11T10:36:21.6761769+05:30","level":"INFO","logger_name":"net.com.fms_core.service.impl.script.DynamicRuleGenerationService","message":"Successfully saved rule: Dynamic Amount Cluster Analysis (ID: 206, Code: DYN_DYNAMIC_AMOUNT_CLUSTER_ANALYSIS)","service":"fms-core","version":"1.0.0","environment":"default"}
{"@timestamp":"2026-03-11T10:36:21.6771723+05:30","level":"DEBUG","logger_name":"net.com.fms_core.service.impl.script.DynamicRuleGenerationService","message":"Saved rule content length: 295","service":"fms-core","version":"1.0.0","environment":"default"}
{"@timestamp":"2026-03-11T10:36:21.6771723+05:30","level":"DEBUG","logger_name":"net.com.fms_core.service.impl.script.DynamicRuleGenerationService","message":"Extracted rule name: Multi-Factor Pattern Detection (1 conditions)","service":"fms-core","version":"1.0.0","environment":"default"}
{"@timestamp":"2026-03-11T10:36:21.6881745+05:30","level":"INFO","logger_name":"net.com.fms_core.service.impl.script.DynamicRuleGenerationService","message":"Creating new rule: Multi-Factor Pattern Detection (1 conditions) (DYN_MULTI_FACTOR_PATTERN_DETECTION__1_CONDITIONS_)","service":"fms-core","version":"1.0.0","environment":"default"}
{"@timestamp":"2026-03-11T10:36:21.704203+05:30","level":"INFO","logger_name":"net.com.fms_core.service.impl.script.DynamicRuleGenerationService","message":"Successfully saved rule: Multi-Factor Pattern Detection (1 conditions) (ID: 207, Code: DYN_MULTI_FACTOR_PATTERN_DETECTION__1_CONDITIONS_)","service":"fms-core","version":"1.0.0","environment":"default"}
{"@timestamp":"2026-03-11T10:36:21.704203+05:30","level":"DEBUG","logger_name":"net.com.fms_core.service.impl.script.DynamicRuleGenerationService","message":"Saved rule content length: 339","service":"fms-core","version":"1.0.0","environment":"default"}
{"@timestamp":"2026-03-11T10:36:21.704203+05:30","level":"DEBUG","logger_name":"net.com.fms_core.service.impl.script.DynamicRuleGenerationService","message":"Extracted rule name: Ensemble Voting Decision","service":"fms-core","version":"1.0.0","environment":"default"}
{"@timestamp":"2026-03-11T10:36:21.7111726+05:30","level":"INFO","logger_name":"net.com.fms_core.service.impl.script.DynamicRuleGenerationService","message":"Creating new rule: Ensemble Voting Decision (DYN_ENSEMBLE_VOTING_DECISION)","service":"fms-core","version":"1.0.0","environment":"default"}
{"@timestamp":"2026-03-11T10:36:21.724198+05:30","level":"INFO","logger_name":"net.com.fms_core.service.impl.script.DynamicRuleGenerationService","message":"Successfully saved rule: Ensemble Voting Decision (ID: 208, Code: DYN_ENSEMBLE_VOTING_DECISION)","service":"fms-core","version":"1.0.0","environment":"default"}
{"@timestamp":"2026-03-11T10:36:21.724198+05:30","level":"DEBUG","logger_name":"net.com.fms_core.service.impl.script.DynamicRuleGenerationService","message":"Saved rule content length: 315","service":"fms-core","version":"1.0.0","environment":"default"}
{"@timestamp":"2026-03-11T10:36:21.7251767+05:30","level":"DEBUG","logger_name":"net.com.fms_core.service.impl.script.DynamicRuleGenerationService","message":"Extracted rule name: Statistical Fee Anomaly Detection","service":"fms-core","version":"1.0.0","environment":"default"}
{"@timestamp":"2026-03-11T10:36:21.7321722+05:30","level":"INFO","logger_name":"net.com.fms_core.service.impl.script.DynamicRuleGenerationService","message":"Creating new rule: Statistical Fee Anomaly Detection (DYN_STATISTICAL_FEE_ANOMALY_DETECTION)","service":"fms-core","version":"1.0.0","environment":"default"}
{"@timestamp":"2026-03-11T10:36:21.7451751+05:30","level":"INFO","logger_name":"net.com.fms_core.service.impl.script.DynamicRuleGenerationService","message":"Successfully saved rule: Statistical Fee Anomaly Detection (ID: 209, Code: DYN_STATISTICAL_FEE_ANOMALY_DETECTION)","service":"fms-core","version":"1.0.0","environment":"default"}
{"@timestamp":"2026-03-11T10:36:21.7451751+05:30","level":"DEBUG","logger_name":"net.com.fms_core.service.impl.script.DynamicRuleGenerationService","message":"Saved rule content length: 315","service":"fms-core","version":"1.0.0","environment":"default"}
{"@timestamp":"2026-03-11T10:36:21.7461772+05:30","level":"INFO","logger_name":"net.com.fms_core.service.impl.script.DynamicRuleGenerationService","message":"Successfully parsed and saved 8 rules out of 8 blocks","service":"fms-core","version":"1.0.0","environment":"default"}
{"@timestamp":"2026-03-11T10:36:21.7471737+05:30","level":"INFO","logger_name":"net.com.fms_core.service.impl.AIKieService","message":"Cleared existing AI KIE container","service":"fms-core","version":"1.0.0","environment":"default"}
{"@timestamp":"2026-03-11T10:36:22.2591735+05:30","level":"INFO","logger_name":"net.com.fms_core.service.impl.AIKieService","message":"Deployed 8 AI rules successfully","service":"fms-core","version":"1.0.0","environment":"default"}
{"@timestamp":"2026-03-11T10:36:22.3561725+05:30","level":"INFO","logger_name":"net.com.fms_core.service.impl.script.DynamicRuleGenerationService","message":"Successfully deployed 8 dynamic rules","service":"fms-core","version":"1.0.0","environment":"default"}
{"@timestamp":"2026-03-11T10:36:22.3571735+05:30","level":"INFO","logger_name":"net.com.fms_core.service.impl.script.DynamicRuleGenerationService","message":"Successfully completed deployment of 8 rules","service":"fms-core","version":"1.0.0","environment":"default"}
{"@timestamp":"2026-03-11T10:36:32.1619471+05:30","level":"INFO","logger_name":"net.com.fms_core.service.impl.AIToggleService","message":"AI rules toggle updated: false by admin","service":"fms-core","version":"1.0.0","environment":"default"}
{"@timestamp":"2026-03-11T10:36:37.3869882+05:30","level":"INFO","logger_name":"net.com.fms_core.service.impl.AIToggleService","message":"AI rules toggle updated: true by admin","service":"fms-core","version":"1.0.0","environment":"default"}
{"@timestamp":"2026-03-11T10:38:02.5311229+05:30","level":"INFO","logger_name":"org.springframework.cloud.netflix.eureka.serviceregistry.EurekaServiceRegistry","message":"Unregistering application FMS_CORE with eureka with status DOWN","service":"fms-core","version":"1.0.0","environment":"default"}
{"@timestamp":"2026-03-11T10:38:02.5321223+05:30","level":"INFO","logger_name":"com.netflix.discovery.DiscoveryClient","message":"Saw local status change event StatusChangeEvent [timestamp=1773205682532, current=DOWN, previous=UP]","service":"fms-core","version":"1.0.0","environment":"default"}
{"@timestamp":"2026-03-11T10:38:02.5321223+05:30","level":"INFO","logger_name":"com.netflix.discovery.DiscoveryClient","message":"DiscoveryClient_FMS_CORE/localhost:fms_core:8084: registering service...","service":"fms-core","version":"1.0.0","environment":"default"}
{"@timestamp":"2026-03-11T10:38:02.5361221+05:30","level":"INFO","logger_name":"org.springframework.boot.web.embedded.tomcat.GracefulShutdown","message":"Commencing graceful shutdown. Waiting for active requests to complete","service":"fms-core","version":"1.0.0","environment":"default"}
{"@timestamp":"2026-03-11T10:38:02.5481234+05:30","level":"INFO","logger_name":"com.netflix.discovery.DiscoveryClient","message":"DiscoveryClient_FMS_CORE/localhost:fms_core:8084 - registration status: 204","service":"fms-core","version":"1.0.0","environment":"default"}
{"@timestamp":"2026-03-11T10:38:17.5568294+05:30","level":"INFO","logger_name":"com.netflix.discovery.shared.resolver.aws.ConfigClusterResolver","message":"Resolving eureka endpoints via configuration","service":"fms-core","version":"1.0.0","environment":"default"}
{"@timestamp":"2026-03-11T10:38:45.4043457+05:30","level":"INFO","logger_name":"net.com.fms_core.FmsCoreApplication","message":"Starting FmsCoreApplication using Java 21.0.2 with PID 20528 (C:\\Users\\kavinda_d\\Documents\\e soft\\final project\\project\\fms backend\\fms_core\\target\\classes started by kavinda_d in C:\\Users\\kavinda_d\\Documents\\e soft\\final project\\project\\fms backend)","service":"fms-core","version":"1.0.0","environment":"default"}
{"@timestamp":"2026-03-11T10:38:45.4163439+05:30","level":"DEBUG","logger_name":"net.com.fms_core.FmsCoreApplication","message":"Running with Spring Boot v3.4.4, Spring v6.2.5","service":"fms-core","version":"1.0.0","environment":"default"}
{"@timestamp":"2026-03-11T10:38:45.4173454+05:30","level":"INFO","logger_name":"net.com.fms_core.FmsCoreApplication","message":"The following 1 profile is active: \"dev\"","service":"fms-core","version":"1.0.0","environment":"default"}
{"@timestamp":"2026-03-11T10:38:45.5443517+05:30","level":"INFO","logger_name":"org.springframework.cloud.config.client.ConfigServerConfigDataLoader","message":"Fetching config from server at : http://localhost:8888","service":"fms-core","version":"1.0.0","environment":"default"}
{"@timestamp":"2026-03-11T10:38:45.5453453+05:30","level":"INFO","logger_name":"org.springframework.cloud.config.client.ConfigServerConfigDataLoader","message":"Located environment: name=fms_core, profiles=[dev], label=null, version=null, state=null","service":"fms-core","version":"1.0.0","environment":"default"}
{"@timestamp":"2026-03-11T10:38:45.5523537+05:30","level":"INFO","logger_name":"org.springframework.boot.devtools.env.DevToolsPropertyDefaultsPostProcessor","message":"Devtools property defaults active! Set 'spring.devtools.add-properties' to 'false' to disable","service":"fms-core","version":"1.0.0","environment":"default"}
{"@timestamp":"2026-03-11T10:38:45.5523537+05:30","level":"INFO","logger_name":"org.springframework.boot.devtools.env.DevToolsPropertyDefaultsPostProcessor","message":"For additional web related logging consider setting the 'logging.level.web' property to 'DEBUG'","service":"fms-core","version":"1.0.0","environment":"default"}
{"@timestamp":"2026-03-11T10:38:47.6393523+05:30","level":"INFO","logger_name":"org.springframework.data.repository.config.RepositoryConfigurationDelegate","message":"Bootstrapping Spring Data JPA repositories in DEFAULT mode.","service":"fms-core","version":"1.0.0","environment":"default"}
{"@timestamp":"2026-03-11T10:38:48.0763442+05:30","level":"INFO","logger_name":"org.springframework.data.repository.config.RepositoryConfigurationDelegate","message":"Finished Spring Data repository scanning in 407 ms. Found 23 JPA repository interfaces.","service":"fms-core","version":"1.0.0","environment":"default"}
{"@timestamp":"2026-03-11T10:38:48.5623432+05:30","level":"INFO","logger_name":"org.springframework.cloud.context.scope.GenericScope","message":"BeanFactory id=00be10ca-805b-33a6-ba0f-6f93d757e18b","service":"fms-core","version":"1.0.0","environment":"default"}
{"@timestamp":"2026-03-11T10:38:50.0263438+05:30","level":"INFO","logger_name":"org.springframework.boot.web.embedded.tomcat.TomcatWebServer","message":"Tomcat initialized with port 8084 (http)","service":"fms-core","version":"1.0.0","environment":"default"}
{"@timestamp":"2026-03-11T10:38:50.0443436+05:30","level":"INFO","logger_name":"org.apache.catalina.core.StandardService","message":"Starting service [Tomcat]","service":"fms-core","version":"1.0.0","environment":"default"}
{"@timestamp":"2026-03-11T10:38:50.045355+05:30","level":"INFO","logger_name":"org.apache.catalina.core.StandardEngine","message":"Starting Servlet engine: [Apache Tomcat/10.1.39]","service":"fms-core","version":"1.0.0","environment":"default"}
{"@timestamp":"2026-03-11T10:38:50.1223774+05:30","level":"INFO","logger_name":"org.apache.catalina.core.ContainerBase.[Tomcat].[localhost].[/fms-core-service]","message":"Initializing Spring embedded WebApplicationContext","service":"fms-core","version":"1.0.0","environment":"default"}
{"@timestamp":"2026-03-11T10:38:50.1233503+05:30","level":"INFO","logger_name":"org.springframework.boot.web.servlet.context.ServletWebServerApplicationContext","message":"Root WebApplicationContext: initialization completed in 4569 ms","service":"fms-core","version":"1.0.0","environment":"default"}
{"@timestamp":"2026-03-11T10:38:50.7403436+05:30","level":"INFO","logger_name":"com.zaxxer.hikari.HikariDataSource","message":"HikariPool-1 - Starting...","service":"fms-core","version":"1.0.0","environment":"default"}
{"@timestamp":"2026-03-11T10:38:50.9423502+05:30","level":"INFO","logger_name":"com.zaxxer.hikari.pool.HikariPool","message":"HikariPool-1 - Added connection com.mysql.cj.jdbc.ConnectionImpl@57166211","service":"fms-core","version":"1.0.0","environment":"default"}
{"@timestamp":"2026-03-11T10:38:50.9443456+05:30","level":"INFO","logger_name":"com.zaxxer.hikari.HikariDataSource","message":"HikariPool-1 - Start completed.","service":"fms-core","version":"1.0.0","environment":"default"}
{"@timestamp":"2026-03-11T10:38:51.0063468+05:30","level":"INFO","logger_name":"org.hibernate.jpa.internal.util.LogHelper","message":"HHH000204: Processing PersistenceUnitInfo [name: default]","service":"fms-core","version":"1.0.0","environment":"default"}
{"@timestamp":"2026-03-11T10:38:51.0943454+05:30","level":"INFO","logger_name":"org.hibernate.Version","message":"HHH000412: Hibernate ORM core version 6.6.11.Final","service":"fms-core","version":"1.0.0","environment":"default"}
{"@timestamp":"2026-03-11T10:38:51.1533487+05:30","level":"INFO","logger_name":"org.hibernate.cache.internal.RegionFactoryInitiator","message":"HHH000026: Second-level cache disabled","service":"fms-core","version":"1.0.0","environment":"default"}
{"@timestamp":"2026-03-11T10:38:51.5323449+05:30","level":"INFO","logger_name":"org.springframework.orm.jpa.persistenceunit.SpringPersistenceUnitInfo","message":"No LoadTimeWeaver setup: ignoring JPA class transformer","service":"fms-core","version":"1.0.0","environment":"default"}
{"@timestamp":"2026-03-11T10:38:51.6763461+05:30","level":"INFO","logger_name":"org.hibernate.orm.connections.pooling","message":"HHH10001005: Database info:\n\tDatabase JDBC URL [Connecting through datasource 'HikariDataSource (HikariPool-1)']\n\tDatabase driver: undefined/unknown\n\tDatabase version: 8.1\n\tAutocommit mode: undefined/unknown\n\tIsolation level: undefined/unknown\n\tMinimum pool size: undefined/unknown\n\tMaximum pool size: undefined/unknown","service":"fms-core","version":"1.0.0","environment":"default"}
{"@timestamp":"2026-03-11T10:38:53.8204393+05:30","level":"INFO","logger_name":"org.hibernate.engine.transaction.jta.platform.internal.JtaPlatformInitiator","message":"HHH000489: No JTA platform available (set 'hibernate.transaction.jta.platform' to enable JTA platform integration)","service":"fms-core","version":"1.0.0","environment":"default"}
{"@timestamp":"2026-03-11T10:38:54.4864409+05:30","level":"INFO","logger_name":"org.springframework.orm.jpa.LocalContainerEntityManagerFactoryBean","message":"Initialized JPA EntityManagerFactory for persistence unit 'default'","service":"fms-core","version":"1.0.0","environment":"default"}
{"@timestamp":"2026-03-11T10:38:54.954441+05:30","level":"INFO","logger_name":"org.springframework.data.jpa.repository.query.QueryEnhancerFactory","message":"Hibernate is in classpath; If applicable, HQL parser will be used.","service":"fms-core","version":"1.0.0","environment":"default"}
{"@timestamp":"2026-03-11T10:38:58.337447+05:30","level":"WARN","logger_name":"org.drools.compiler.kie.builder.impl.KieBuilderImpl","message":"File 'ai-rules/default.drl' is in folder 'ai-rules' but declares package 'net.com.fms_core.ai.rules'. It is advised to have a correspondance between package and folder names.","service":"fms-core","version":"1.0.0","environment":"default"}
{"@timestamp":"2026-03-11T10:38:59.7780779+05:30","level":"INFO","logger_name":"net.com.fms_core.service.impl.AIKieService","message":"AI KIE base initialized successfully","service":"fms-core","version":"1.0.0","environment":"default"}
{"@timestamp":"2026-03-11T10:39:00.6250833+05:30","level":"WARN","logger_name":"org.springframework.boot.autoconfigure.orm.jpa.JpaBaseConfiguration$JpaWebConfiguration","message":"spring.jpa.open-in-view is enabled by default. Therefore, database queries may be performed during view rendering. Explicitly configure spring.jpa.open-in-view to disable this warning","service":"fms-core","version":"1.0.0","environment":"default"}
{"@timestamp":"2026-03-11T10:39:00.6660798+05:30","level":"INFO","logger_name":"org.springframework.validation.beanvalidation.OptionalValidatorFactoryBean","message":"Failed to set up a Bean Validation provider: jakarta.validation.NoProviderFoundException: Unable to create a Configuration, because no Jakarta Bean Validation provider could be found. Add a provider like Hibernate Validator (RI) to your classpath.","service":"fms-core","version":"1.0.0","environment":"default"}
{"@timestamp":"2026-03-11T10:39:02.3660667+05:30","level":"INFO","logger_name":"org.springframework.cloud.commons.util.InetUtils","message":"Cannot determine local hostname","service":"fms-core","version":"1.0.0","environment":"default"}
{"@timestamp":"2026-03-11T10:39:03.1254723+05:30","level":"WARN","logger_name":"org.springframework.boot.devtools.autoconfigure.OptionalLiveReloadServer","message":"Unable to start LiveReload server","service":"fms-core","version":"1.0.0","environment":"default"}
{"@timestamp":"2026-03-11T10:39:04.1720087+05:30","level":"INFO","logger_name":"org.springframework.cloud.commons.util.InetUtils","message":"Cannot determine local hostname","service":"fms-core","version":"1.0.0","environment":"default"}
{"@timestamp":"2026-03-11T10:39:04.2630184+05:30","level":"INFO","logger_name":"org.springframework.cloud.netflix.eureka.config.DiscoveryClientOptionalArgsConfiguration","message":"Eureka HTTP Client uses RestTemplate.","service":"fms-core","version":"1.0.0","environment":"default"}
{"@timestamp":"2026-03-11T10:39:04.4720075+05:30","level":"WARN","logger_name":"org.springframework.cloud.loadbalancer.config.LoadBalancerCacheAutoConfiguration$LoadBalancerCaffeineWarnLogger","message":"Spring Cloud LoadBalancer is currently working with the default cache. While this cache implementation is useful for development and tests, it's recommended to use Caffeine cache in production.You can switch to using Caffeine cache, by adding it and org.springframework.cache.caffeine.CaffeineCacheManager to the classpath.","service":"fms-core","version":"1.0.0","environment":"default"}
{"@timestamp":"2026-03-11T10:39:04.4870076+05:30","level":"INFO","logger_name":"org.springframework.boot.actuate.endpoint.web.EndpointLinksResolver","message":"Exposing 6 endpoints beneath base path '/actuator'","service":"fms-core","version":"1.0.0","environment":"default"}
{"@timestamp":"2026-03-11T10:39:04.6430136+05:30","level":"INFO","logger_name":"org.springframework.messaging.simp.broker.SimpleBrokerMessageHandler","message":"Starting...","service":"fms-core","version":"1.0.0","environment":"default"}
{"@timestamp":"2026-03-11T10:39:04.64501+05:30","level":"INFO","logger_name":"org.springframework.messaging.simp.broker.SimpleBrokerMessageHandler","message":"BrokerAvailabilityEvent[available=true, SimpleBrokerMessageHandler [org.springframework.messaging.simp.broker.DefaultSubscriptionRegistry@16290538]]","service":"fms-core","version":"1.0.0","environment":"default"}
{"@timestamp":"2026-03-11T10:39:04.650008+05:30","level":"INFO","logger_name":"org.springframework.messaging.simp.broker.SimpleBrokerMessageHandler","message":"Started.","service":"fms-core","version":"1.0.0","environment":"default"}
{"@timestamp":"2026-03-11T10:39:04.6710216+05:30","level":"INFO","logger_name":"org.springframework.cloud.netflix.eureka.InstanceInfoFactory","message":"Setting initial instance status as: STARTING","service":"fms-core","version":"1.0.0","environment":"default"}
{"@timestamp":"2026-03-11T10:39:04.7500165+05:30","level":"INFO","logger_name":"com.netflix.discovery.DiscoveryClient","message":"Initializing Eureka in region us-east-1","service":"fms-core","version":"1.0.0","environment":"default"}
{"@timestamp":"2026-03-11T10:39:04.7590111+05:30","level":"INFO","logger_name":"com.netflix.discovery.shared.resolver.aws.ConfigClusterResolver","message":"Resolving eureka endpoints via configuration","service":"fms-core","version":"1.0.0","environment":"default"}
{"@timestamp":"2026-03-11T10:39:04.7850092+05:30","level":"INFO","logger_name":"com.netflix.discovery.DiscoveryClient","message":"Disable delta property : false","service":"fms-core","version":"1.0.0","environment":"default"}
{"@timestamp":"2026-03-11T10:39:04.7850092+05:30","level":"INFO","logger_name":"com.netflix.discovery.DiscoveryClient","message":"Single vip registry refresh property : null","service":"fms-core","version":"1.0.0","environment":"default"}
{"@timestamp":"2026-03-11T10:39:04.7860109+05:30","level":"INFO","logger_name":"com.netflix.discovery.DiscoveryClient","message":"Force full registry fetch : false","service":"fms-core","version":"1.0.0","environment":"default"}
{"@timestamp":"2026-03-11T10:39:04.7860109+05:30","level":"INFO","logger_name":"com.netflix.discovery.DiscoveryClient","message":"Application is null : false","service":"fms-core","version":"1.0.0","environment":"default"}
{"@timestamp":"2026-03-11T10:39:04.7860109+05:30","level":"INFO","logger_name":"com.netflix.discovery.DiscoveryClient","message":"Registered Applications size is zero : true","service":"fms-core","version":"1.0.0","environment":"default"}
{"@timestamp":"2026-03-11T10:39:04.7870104+05:30","level":"INFO","logger_name":"com.netflix.discovery.DiscoveryClient","message":"Application version is -1: true","service":"fms-core","version":"1.0.0","environment":"default"}
{"@timestamp":"2026-03-11T10:39:04.7870104+05:30","level":"INFO","logger_name":"com.netflix.discovery.DiscoveryClient","message":"Getting all instance registry info from the eureka server","service":"fms-core","version":"1.0.0","environment":"default"}
{"@timestamp":"2026-03-11T10:39:05.30301+05:30","level":"INFO","logger_name":"com.netflix.discovery.DiscoveryClient","message":"The response status is 200","service":"fms-core","version":"1.0.0","environment":"default"}
{"@timestamp":"2026-03-11T10:39:05.3070091+05:30","level":"INFO","logger_name":"com.netflix.discovery.DiscoveryClient","message":"Starting heartbeat executor: renew interval is: 30","service":"fms-core","version":"1.0.0","environment":"default"}
{"@timestamp":"2026-03-11T10:39:05.3120138+05:30","level":"INFO","logger_name":"com.netflix.discovery.InstanceInfoReplicator","message":"InstanceInfoReplicator onDemand update allowed rate per min is 4","service":"fms-core","version":"1.0.0","environment":"default"}
{"@timestamp":"2026-03-11T10:39:05.3150106+05:30","level":"INFO","logger_name":"com.netflix.discovery.DiscoveryClient","message":"Discovery Client initialized at timestamp 1773205745315 with initial instances count: 4","service":"fms-core","version":"1.0.0","environment":"default"}
{"@timestamp":"2026-03-11T10:39:05.3370146+05:30","level":"INFO","logger_name":"org.springframework.cloud.netflix.eureka.serviceregistry.EurekaServiceRegistry","message":"Registering application FMS_CORE with eureka with status UP","service":"fms-core","version":"1.0.0","environment":"default"}
{"@timestamp":"2026-03-11T10:39:05.3390132+05:30","level":"INFO","logger_name":"com.netflix.discovery.DiscoveryClient","message":"Saw local status change event StatusChangeEvent [timestamp=1773205745338, current=UP, previous=STARTING]","service":"fms-core","version":"1.0.0","environment":"default"}
{"@timestamp":"2026-03-11T10:39:05.3410108+05:30","level":"INFO","logger_name":"com.netflix.discovery.DiscoveryClient","message":"DiscoveryClient_FMS_CORE/localhost:fms_core:8084: registering service...","service":"fms-core","version":"1.0.0","environment":"default"}
{"@timestamp":"2026-03-11T10:39:05.3880136+05:30","level":"INFO","logger_name":"org.springframework.boot.web.embedded.tomcat.TomcatWebServer","message":"Tomcat started on port 8084 (http) with context path '/fms-core-service'","service":"fms-core","version":"1.0.0","environment":"default"}
{"@timestamp":"2026-03-11T10:39:05.3900102+05:30","level":"INFO","logger_name":"org.springframework.cloud.netflix.eureka.serviceregistry.EurekaAutoServiceRegistration","message":"Updating port to 8084","service":"fms-core","version":"1.0.0","environment":"default"}
{"@timestamp":"2026-03-11T10:39:05.4130103+05:30","level":"INFO","logger_name":"com.netflix.discovery.DiscoveryClient","message":"DiscoveryClient_FMS_CORE/localhost:fms_core:8084 - registration status: 204","service":"fms-core","version":"1.0.0","environment":"default"}
{"@timestamp":"2026-03-11T10:39:06.4074897+05:30","level":"INFO","logger_name":"org.springframework.cloud.commons.util.InetUtils","message":"Cannot determine local hostname","service":"fms-core","version":"1.0.0","environment":"default"}
{"@timestamp":"2026-03-11T10:39:06.4255129+05:30","level":"INFO","logger_name":"net.com.fms_core.FmsCoreApplication","message":"Started FmsCoreApplication in 24.003 seconds (process running for 26.357)","service":"fms-core","version":"1.0.0","environment":"default"}
{"@timestamp":"2026-03-11T10:39:07.2154856+05:30","level":"INFO","logger_name":"net.com.fms_core.controller.RiskController","message":"rulesList.size = 1","service":"fms-core","version":"1.0.0","environment":"default"}
{"@timestamp":"2026-03-11T10:39:07.3734869+05:30","level":"INFO","logger_name":"org.drools.compiler.kie.builder.impl.KieContainerImpl","message":"Start creation of KieBase: defaultKieBase","service":"fms-core","version":"1.0.0","environment":"default"}
{"@timestamp":"2026-03-11T10:39:07.5214917+05:30","level":"INFO","logger_name":"org.drools.compiler.kie.builder.impl.KieContainerImpl","message":"End creation of KieBase: defaultKieBase","service":"fms-core","version":"1.0.0","environment":"default"}
{"@timestamp":"2026-03-11T10:39:07.5444903+05:30","level":"INFO","logger_name":"net.com.fms_core.config.SocketListener","message":"✅ FMS Receiver is listening on port 5000","service":"fms-core","version":"1.0.0","environment":"default"}
{"@timestamp":"2026-03-11T10:39:16.8055206+05:30","level":"INFO","logger_name":"org.apache.catalina.core.ContainerBase.[Tomcat].[localhost].[/fms-core-service]","message":"Initializing Spring DispatcherServlet 'dispatcherServlet'","service":"fms-core","version":"1.0.0","environment":"default"}
{"@timestamp":"2026-03-11T10:39:16.8074681+05:30","level":"INFO","logger_name":"org.springframework.web.servlet.DispatcherServlet","message":"Initializing Servlet 'dispatcherServlet'","service":"fms-core","version":"1.0.0","environment":"default"}
{"@timestamp":"2026-03-11T10:39:16.8554961+05:30","level":"INFO","logger_name":"org.springframework.web.servlet.DispatcherServlet","message":"Completed initialization in 48 ms","service":"fms-core","version":"1.0.0","environment":"default"}
{"@timestamp":"2026-03-11T10:39:17.0324686+05:30","level":"INFO","logger_name":"net.com.fms_core.controller.TransactionController","message":"Deploying dynamic rules to database and KIE base...","service":"fms-core","version":"1.0.0","environment":"default"}
{"@timestamp":"2026-03-11T10:39:17.0324686+05:30","level":"INFO","logger_name":"net.com.fms_core.service.impl.script.DynamicRuleGenerationService","message":"Starting deployment of dynamic rules to database and KIE base...","service":"fms-core","version":"1.0.0","environment":"default"}
{"@timestamp":"2026-03-11T10:39:17.0324686+05:30","level":"DEBUG","logger_name":"net.com.fms_core.service.impl.script.DynamicRuleGenerationService","message":"Cleaned rules content: import net.com.fms_core.dto.message.IsoMessageDTO;\n\nrule \"Adaptive Risk Profile Detection\"\nwhen\n  $msg : IsoMessageDTO(customerRiskScore >= 8.439241569671045 && amount > 2471.559607430499)\nthen\n  $msg.setStatus(\"BLOCK\");\n  $msg.setRiskLevel(\"HIGH\");\n  $msg.setRiskScore(80.0);\n  $msg.setFiredRule(\"Adaptive Risk Profile Detection\");\nend\n\n\n\nimport net.com.fms_core.dto.message.IsoMessageDTO;\n\nrule \"Statistical Outlier Detection (transactionFeeAmount)\"\nwhen\n  $msg : IsoMessageDTO(transactionFeeAmount","service":"fms-core","version":"1.0.0","environment":"default"}
{"@timestamp":"2026-03-11T10:39:17.0364693+05:30","level":"INFO","logger_name":"net.com.fms_core.service.impl.script.DynamicRuleGenerationService","message":"Expected to deploy 8 rules based on content analysis","service":"fms-core","version":"1.0.0","environment":"default"}
{"@timestamp":"2026-03-11T10:39:17.1814682+05:30","level":"INFO","logger_name":"net.com.fms_core.service.impl.script.DynamicRuleGenerationService","message":"Starting to parse rules content of length: 2637","service":"fms-core","version":"1.0.0","environment":"default"}
{"@timestamp":"2026-03-11T10:39:17.1814682+05:30","level":"INFO","logger_name":"net.com.fms_core.service.impl.script.DynamicRuleGenerationService","message":"Found 8 rule blocks after splitting by import statements","service":"fms-core","version":"1.0.0","environment":"default"}
{"@timestamp":"2026-03-11T10:39:17.1824693+05:30","level":"DEBUG","logger_name":"net.com.fms_core.service.impl.script.DynamicRuleGenerationService","message":"Extracted rule name: Adaptive Risk Profile Detection","service":"fms-core","version":"1.0.0","environment":"default"}
{"@timestamp":"2026-03-11T10:39:17.3374697+05:30","level":"INFO","logger_name":"net.com.fms_core.service.impl.script.DynamicRuleGenerationService","message":"Creating new rule: Adaptive Risk Profile Detection (DYN_ADAPTIVE_RISK_PROFILE_DETECTION)","service":"fms-core","version":"1.0.0","environment":"default"}
{"@timestamp":"2026-03-11T10:39:17.3514667+05:30","level":"INFO","logger_name":"net.com.fms_core.service.impl.script.DynamicRuleGenerationService","message":"Successfully saved rule: Adaptive Risk Profile Detection (ID: 210, Code: DYN_ADAPTIVE_RISK_PROFILE_DETECTION)","service":"fms-core","version":"1.0.0","environment":"default"}
{"@timestamp":"2026-03-11T10:39:17.3524693+05:30","level":"DEBUG","logger_name":"net.com.fms_core.service.impl.script.DynamicRuleGenerationService","message":"Saved rule content length: 336","service":"fms-core","version":"1.0.0","environment":"default"}
{"@timestamp":"2026-03-11T10:39:17.3524693+05:30","level":"DEBUG","logger_name":"net.com.fms_core.service.impl.script.DynamicRuleGenerationService","message":"Extracted rule name: Statistical Outlier Detection (transactionFeeAmount)","service":"fms-core","version":"1.0.0","environment":"default"}
{"@timestamp":"2026-03-11T10:39:17.3594675+05:30","level":"INFO","logger_name":"net.com.fms_core.service.impl.script.DynamicRuleGenerationService","message":"Creating new rule: Statistical Outlier Detection (transactionFeeAmount) (DYN_STATISTICAL_OUTLIER_DETECTION__TRANSACTIONFEEAMOUNT_)","service":"fms-core","version":"1.0.0","environment":"default"}
{"@timestamp":"2026-03-11T10:39:17.3734669+05:30","level":"INFO","logger_name":"net.com.fms_core.service.impl.script.DynamicRuleGenerationService","message":"Successfully saved rule: Statistical Outlier Detection (transactionFeeAmount) (ID: 211, Code: DYN_STATISTICAL_OUTLIER_DETECTION__TRANSACTIONFEEAMOUNT_)","service":"fms-core","version":"1.0.0","environment":"default"}
{"@timestamp":"2026-03-11T10:39:17.374479+05:30","level":"DEBUG","logger_name":"net.com.fms_core.service.impl.script.DynamicRuleGenerationService","message":"Saved rule content length: 352","service":"fms-core","version":"1.0.0","environment":"default"}
{"@timestamp":"2026-03-11T10:39:17.3754665+05:30","level":"DEBUG","logger_name":"net.com.fms_core.service.impl.script.DynamicRuleGenerationService","message":"Extracted rule name: Dynamic Merchant Risk Analysis","service":"fms-core","version":"1.0.0","environment":"default"}
{"@timestamp":"2026-03-11T10:39:17.3834661+05:30","level":"INFO","logger_name":"net.com.fms_core.service.impl.script.DynamicRuleGenerationService","message":"Creating new rule: Dynamic Merchant Risk Analysis (DYN_DYNAMIC_MERCHANT_RISK_ANALYSIS)","service":"fms-core","version":"1.0.0","environment":"default"}
{"@timestamp":"2026-03-11T10:39:17.3924693+05:30","level":"INFO","logger_name":"net.com.fms_core.service.impl.script.DynamicRuleGenerationService","message":"Successfully saved rule: Dynamic Merchant Risk Analysis (ID: 212, Code: DYN_DYNAMIC_MERCHANT_RISK_ANALYSIS)","service":"fms-core","version":"1.0.0","environment":"default"}
{"@timestamp":"2026-03-11T10:39:17.3924693+05:30","level":"DEBUG","logger_name":"net.com.fms_core.service.impl.script.DynamicRuleGenerationService","message":"Saved rule content length: 333","service":"fms-core","version":"1.0.0","environment":"default"}
{"@timestamp":"2026-03-11T10:39:17.3934698+05:30","level":"DEBUG","logger_name":"net.com.fms_core.service.impl.script.DynamicRuleGenerationService","message":"Extracted rule name: Correlation Pattern Detection","service":"fms-core","version":"1.0.0","environment":"default"}
{"@timestamp":"2026-03-11T10:39:17.3994703+05:30","level":"INFO","logger_name":"net.com.fms_core.service.impl.script.DynamicRuleGenerationService","message":"Creating new rule: Correlation Pattern Detection (DYN_CORRELATION_PATTERN_DETECTION)","service":"fms-core","version":"1.0.0","environment":"default"}
{"@timestamp":"2026-03-11T10:39:17.4594694+05:30","level":"INFO","logger_name":"net.com.fms_core.service.impl.script.DynamicRuleGenerationService","message":"Successfully saved rule: Correlation Pattern Detection (ID: 213, Code: DYN_CORRELATION_PATTERN_DETECTION)","service":"fms-core","version":"1.0.0","environment":"default"}
{"@timestamp":"2026-03-11T10:39:17.4604815+05:30","level":"DEBUG","logger_name":"net.com.fms_core.service.impl.script.DynamicRuleGenerationService","message":"Saved rule content length: 322","service":"fms-core","version":"1.0.0","environment":"default"}
{"@timestamp":"2026-03-11T10:39:17.4614726+05:30","level":"DEBUG","logger_name":"net.com.fms_core.service.impl.script.DynamicRuleGenerationService","message":"Extracted rule name: Dynamic Amount Cluster Analysis","service":"fms-core","version":"1.0.0","environment":"default"}
{"@timestamp":"2026-03-11T10:39:17.4664687+05:30","level":"INFO","logger_name":"net.com.fms_core.service.impl.script.DynamicRuleGenerationService","message":"Creating new rule: Dynamic Amount Cluster Analysis (DYN_DYNAMIC_AMOUNT_CLUSTER_ANALYSIS)","service":"fms-core","version":"1.0.0","environment":"default"}
{"@timestamp":"2026-03-11T10:39:17.4774715+05:30","level":"INFO","logger_name":"net.com.fms_core.service.impl.script.DynamicRuleGenerationService","message":"Successfully saved rule: Dynamic Amount Cluster Analysis (ID: 214, Code: DYN_DYNAMIC_AMOUNT_CLUSTER_ANALYSIS)","service":"fms-core","version":"1.0.0","environment":"default"}
{"@timestamp":"2026-03-11T10:39:17.478488+05:30","level":"DEBUG","logger_name":"net.com.fms_core.service.impl.script.DynamicRuleGenerationService","message":"Saved rule content length: 295","service":"fms-core","version":"1.0.0","environment":"default"}
{"@timestamp":"2026-03-11T10:39:17.478488+05:30","level":"DEBUG","logger_name":"net.com.fms_core.service.impl.script.DynamicRuleGenerationService","message":"Extracted rule name: Multi-Factor Pattern Detection (1 conditions)","service":"fms-core","version":"1.0.0","environment":"default"}
{"@timestamp":"2026-03-11T10:39:17.4844679+05:30","level":"INFO","logger_name":"net.com.fms_core.service.impl.script.DynamicRuleGenerationService","message":"Creating new rule: Multi-Factor Pattern Detection (1 conditions) (DYN_MULTI_FACTOR_PATTERN_DETECTION__1_CONDITIONS_)","service":"fms-core","version":"1.0.0","environment":"default"}
{"@timestamp":"2026-03-11T10:39:17.4994675+05:30","level":"INFO","logger_name":"net.com.fms_core.service.impl.script.DynamicRuleGenerationService","message":"Successfully saved rule: Multi-Factor Pattern Detection (1 conditions) (ID: 215, Code: DYN_MULTI_FACTOR_PATTERN_DETECTION__1_CONDITIONS_)","service":"fms-core","version":"1.0.0","environment":"default"}
{"@timestamp":"2026-03-11T10:39:17.4994675+05:30","level":"DEBUG","logger_name":"net.com.fms_core.service.impl.script.DynamicRuleGenerationService","message":"Saved rule content length: 339","service":"fms-core","version":"1.0.0","environment":"default"}
{"@timestamp":"2026-03-11T10:39:17.4994675+05:30","level":"DEBUG","logger_name":"net.com.fms_core.service.impl.script.DynamicRuleGenerationService","message":"Extracted rule name: Ensemble Voting Decision","service":"fms-core","version":"1.0.0","environment":"default"}
{"@timestamp":"2026-03-11T10:39:17.5054699+05:30","level":"INFO","logger_name":"net.com.fms_core.service.impl.script.DynamicRuleGenerationService","message":"Creating new rule: Ensemble Voting Decision (DYN_ENSEMBLE_VOTING_DECISION)","service":"fms-core","version":"1.0.0","environment":"default"}
{"@timestamp":"2026-03-11T10:39:17.5204694+05:30","level":"INFO","logger_name":"net.com.fms_core.service.impl.script.DynamicRuleGenerationService","message":"Successfully saved rule: Ensemble Voting Decision (ID: 216, Code: DYN_ENSEMBLE_VOTING_DECISION)","service":"fms-core","version":"1.0.0","environment":"default"}
{"@timestamp":"2026-03-11T10:39:17.5214689+05:30","level":"DEBUG","logger_name":"net.com.fms_core.service.impl.script.DynamicRuleGenerationService","message":"Saved rule content length: 315","service":"fms-core","version":"1.0.0","environment":"default"}
{"@timestamp":"2026-03-11T10:39:17.5214689+05:30","level":"DEBUG","logger_name":"net.com.fms_core.service.impl.script.DynamicRuleGenerationService","message":"Extracted rule name: Statistical Fee Anomaly Detection","service":"fms-core","version":"1.0.0","environment":"default"}
{"@timestamp":"2026-03-11T10:39:17.5284677+05:30","level":"INFO","logger_name":"net.com.fms_core.service.impl.script.DynamicRuleGenerationService","message":"Creating new rule: Statistical Fee Anomaly Detection (DYN_STATISTICAL_FEE_ANOMALY_DETECTION)","service":"fms-core","version":"1.0.0","environment":"default"}
{"@timestamp":"2026-03-11T10:39:17.5384673+05:30","level":"INFO","logger_name":"net.com.fms_core.service.impl.script.DynamicRuleGenerationService","message":"Successfully saved rule: Statistical Fee Anomaly Detection (ID: 217, Code: DYN_STATISTICAL_FEE_ANOMALY_DETECTION)","service":"fms-core","version":"1.0.0","environment":"default"}
{"@timestamp":"2026-03-11T10:39:17.5384673+05:30","level":"DEBUG","logger_name":"net.com.fms_core.service.impl.script.DynamicRuleGenerationService","message":"Saved rule content length: 315","service":"fms-core","version":"1.0.0","environment":"default"}
{"@timestamp":"2026-03-11T10:39:17.5384673+05:30","level":"INFO","logger_name":"net.com.fms_core.service.impl.script.DynamicRuleGenerationService","message":"Successfully parsed and saved 8 rules out of 8 blocks","service":"fms-core","version":"1.0.0","environment":"default"}
{"@timestamp":"2026-03-11T10:39:17.5394882+05:30","level":"INFO","logger_name":"net.com.fms_core.service.impl.AIKieService","message":"Cleared existing AI KIE container","service":"fms-core","version":"1.0.0","environment":"default"}
{"@timestamp":"2026-03-11T10:39:18.305469+05:30","level":"INFO","logger_name":"net.com.fms_core.service.impl.AIKieService","message":"Deployed 8 AI rules successfully","service":"fms-core","version":"1.0.0","environment":"default"}
{"@timestamp":"2026-03-11T10:39:18.4144686+05:30","level":"INFO","logger_name":"net.com.fms_core.service.impl.script.DynamicRuleGenerationService","message":"Successfully deployed 8 dynamic rules","service":"fms-core","version":"1.0.0","environment":"default"}
{"@timestamp":"2026-03-11T10:39:18.4154652+05:30","level":"INFO","logger_name":"net.com.fms_core.service.impl.script.DynamicRuleGenerationService","message":"Successfully completed deployment of 8 rules","service":"fms-core","version":"1.0.0","environment":"default"}
{"@timestamp":"2026-03-11T10:39:23.6014696+05:30","level":"INFO","logger_name":"net.com.fms_core.service.impl.AIKieService","message":"Cleared existing AI KIE container","service":"fms-core","version":"1.0.0","environment":"default"}
{"@timestamp":"2026-03-11T10:39:23.9184708+05:30","level":"INFO","logger_name":"net.com.fms_core.service.impl.AIKieService","message":"Deployed 8 AI rules successfully","service":"fms-core","version":"1.0.0","environment":"default"}
{"@timestamp":"2026-03-11T10:39:23.9184708+05:30","level":"INFO","logger_name":"net.com.fms_core.service.impl.AIToggleService","message":"AI rules toggle updated: false by admin","service":"fms-core","version":"1.0.0","environment":"default"}
{"@timestamp":"2026-03-11T10:39:27.1484759+05:30","level":"INFO","logger_name":"net.com.fms_core.service.impl.AIKieService","message":"Cleared existing AI KIE container","service":"fms-core","version":"1.0.0","environment":"default"}
{"@timestamp":"2026-03-11T10:39:27.9134699+05:30","level":"INFO","logger_name":"net.com.fms_core.service.impl.AIKieService","message":"Deployed 8 AI rules successfully","service":"fms-core","version":"1.0.0","environment":"default"}
{"@timestamp":"2026-03-11T10:39:27.9134699+05:30","level":"INFO","logger_name":"net.com.fms_core.service.impl.AIToggleService","message":"AI rules toggle updated: true by admin","service":"fms-core","version":"1.0.0","environment":"default"}
{"@timestamp":"2026-03-11T10:39:44.0994801+05:30","level":"INFO","logger_name":"net.com.fms_core.service.impl.ImpossibleDistanceServiceImpl","message":"Using Java + Python model for distance analysis","service":"fms-core","version":"1.0.0","environment":"default"}
{"@timestamp":"2026-03-11T10:39:55.7984833+05:30","level":"ERROR","logger_name":"net.com.fms_core.service.impl.PythonIntegrationService","message":"Python model call failed: Unrecognized token 'Traceback': was expecting (JSON String, Number, Array, Object or token 'null', 'true' or 'false')\n at [Source: REDACTED (`StreamReadFeature.INCLUDE_SOURCE_IN_LOCATION` disabled); line: 1, column: 10]","service":"fms-core","version":"1.0.0","environment":"default"}
{"@timestamp":"2026-03-11T10:39:55.7994879+05:30","level":"INFO","logger_name":"net.com.fms_core.controller.RiskController","message":"Distance: 0.0km, Time: 14min, Required Speed: 0.0km/h","service":"fms-core","version":"1.0.0","environment":"default"}
{"@timestamp":"2026-03-11T10:39:56.0094872+05:30","level":"INFO","logger_name":"org.drools.compiler.kie.builder.impl.KieContainerImpl","message":"Start creation of KieBase: defaultKieBase","service":"fms-core","version":"1.0.0","environment":"default"}
{"@timestamp":"2026-03-11T10:39:56.040489+05:30","level":"INFO","logger_name":"org.drools.compiler.kie.builder.impl.KieContainerImpl","message":"End creation of KieBase: defaultKieBase","service":"fms-core","version":"1.0.0","environment":"default"}
{"@timestamp":"2026-03-11T10:40:04.5774902+05:30","level":"INFO","logger_name":"org.springframework.web.socket.config.WebSocketMessageBrokerStats","message":"WebSocketSession[0 current WS(0)-HttpStream(0)-HttpPoll(0), 0 total, 0 closed abnormally (0 connect failure, 0 send limit, 0 transport error)], stompSubProtocol[processed CONNECT(0)-CONNECTED(0)-DISCONNECT(0)], stompBrokerRelay[null], inboundChannel[pool size = 2, active threads = 0, queued tasks = 0, completed tasks = 2], outboundChannel[pool size = 2, active threads = 0, queued tasks = 0, completed tasks = 2], sockJsScheduler[pool size = 1, active threads = 1, queued tasks = 0, completed tasks = 0]","service":"fms-core","version":"1.0.0","environment":"default"}
{"@timestamp":"2026-03-11T10:44:04.8016222+05:30","level":"INFO","logger_name":"com.netflix.discovery.shared.resolver.aws.ConfigClusterResolver","message":"Resolving eureka endpoints via configuration","service":"fms-core","version":"1.0.0","environment":"default"}
